tenure,MonthlyCharges,Contract,InternetService,PaymentMethod,PaperlessBilling,TechSupport,OnlineSecurity,StreamingTV,DeviceProtection,HC_Cluster
-1.2774445836787656,-1.1603229160349193,Month-to-month,DSL,Electronic check,Yes,No,No,No,No,2
0.06632741908223598,-0.2596289419448806,One year,DSL,Mailed check,No,No,Yes,No,Yes,0
-1.2367242199587352,-0.3626603559551803,Month-to-month,DSL,Mailed check,Yes,No,Yes,No,No,2
0.5142514200025698,-0.7465354629935549,One year,DSL,Bank transfer (automatic),No,Yes,Yes,No,Yes,0
-1.2367242199587352,0.19736523310080326,Month-to-month,Fiber optic,Electronic check,Yes,No,No,No,No,2
-0.9924020376385531,1.1595456961969886,Month-to-month,Fiber optic,Electronic check,Yes,No,No,Yes,Yes,2
-0.4223169455581282,0.8089065291619363,Month-to-month,Fiber optic,Credit card (automatic),Yes,No,No,Yes,No,2
-0.9109613101984924,-1.1636465100352518,Month-to-month,DSL,Mailed check,No,No,Yes,No,No,2
-0.1779947632379461,1.330710787214099,Month-to-month,Fiber optic,Electronic check,Yes,Yes,No,Yes,Yes,2
1.2064976032430856,-0.28621769394753876,One year,DSL,Bank transfer (automatic),No,No,Yes,No,No,0
-0.7888002190384014,-0.4922805219681379,Month-to-month,DSL,Mailed check,Yes,No,Yes,No,No,2
-0.6666391278783103,-1.5225946620711341,Two year,No,Credit card (automatic),No,No internet service,No internet service,No internet service,No internet service,1
1.0436161483629645,1.182810854199314,One year,Fiber optic,Credit card (automatic),No,No,No,Yes,Yes,0
0.6771328748826912,1.2941512532104444,Month-to-month,Fiber optic,Bank transfer (automatic),Yes,No,No,Yes,Yes,2
-0.30015585439803716,1.3539759452164248,Month-to-month,Fiber optic,Electronic check,Yes,Yes,Yes,Yes,Yes,0
1.4915401492832983,1.611554480242174,Two year,Fiber optic,Credit card (automatic),No,Yes,Yes,Yes,Yes,0
0.7992939660427822,-1.4660935640654862,One year,No,Mailed check,No,No internet service,No internet service,No internet service,No internet service,1
1.5729808767233588,1.393859073220412,Two year,Fiber optic,Bank transfer (automatic),No,No,Yes,Yes,Yes,0
-0.9109613101984924,-0.31779183695069496,Month-to-month,DSL,Credit card (automatic),No,Yes,No,No,Yes,2
-0.46303730927815856,0.8404806721650927,Month-to-month,Fiber optic,Electronic check,Yes,No,No,No,Yes,2
-1.2774445836787656,-0.8346107040023594,Month-to-month,DSL,Electronic check,Yes,No,No,No,Yes,2
-0.8295205827584317,-1.4943441130683104,One year,No,Bank transfer (automatic),No,No internet service,No internet service,No internet service,No internet service,1
-1.2774445836787656,-1.4827115340671475,Month-to-month,No,Mailed check,No,No internet service,No internet service,No internet service,No internet service,1
1.0436161483629645,-0.1615829189350795,Two year,DSL,Credit card (automatic),Yes,Yes,No,No,No,0
0.6771328748826912,-0.17155370093607614,Month-to-month,DSL,Credit card (automatic),No,Yes,Yes,No,No,2
-0.0965540357978854,-0.31446824295036285,Month-to-month,DSL,Bank transfer (automatic),Yes,No,Yes,No,No,2
0.5956921474426305,1.1495749141959914,Month-to-month,Fiber optic,Electronic check,Yes,No,No,Yes,No,2
-1.2774445836787656,-1.1486903370337564,Month-to-month,DSL,Electronic check,No,No,No,No,No,2
1.6137012404433893,0.8471278601657574,Two year,DSL,Credit card (automatic),Yes,Yes,Yes,Yes,Yes,0
-0.62591876415828,-0.0020504069191315333,Month-to-month,DSL,Mailed check,Yes,No,No,Yes,No,2
1.5729808767233588,1.0498670941860242,Two year,Fiber optic,Credit card (automatic),Yes,Yes,Yes,No,Yes,0
-1.2367242199587352,1.0216165451832002,Month-to-month,Fiber optic,Credit card (automatic),Yes,No,No,Yes,Yes,2
-0.21871512695797646,0.046141706085686136,One year,DSL,Mailed check,No,Yes,Yes,No,Yes,0
-1.2774445836787656,-1.481049737066981,Month-to-month,No,Bank transfer (automatic),No,No internet service,No internet service,No internet service,No internet service,1
-1.2774445836787656,-0.6484894399837535,Month-to-month,DSL,Bank transfer (automatic),No,No,No,No,No,2
1.6137012404433893,1.1678546811978192,Two year,Fiber optic,Bank transfer (automatic),No,Yes,Yes,Yes,No,0
-1.1145631287986442,0.16412929309748078,Month-to-month,Fiber optic,Electronic check,Yes,No,No,No,No,2
0.5549717837226001,0.33363258711442517,Month-to-month,Fiber optic,Credit card (automatic),Yes,No,No,No,Yes,2
0.06632741908223598,1.3822264942192488,Month-to-month,Fiber optic,Electronic check,Yes,No,No,Yes,Yes,2
-0.8702409464784621,1.099721004191008,Month-to-month,Fiber optic,Bank transfer (automatic),Yes,No,No,Yes,Yes,2
-0.9109613101984924,-0.5055748979694671,One year,DSL,Mailed check,No,No,No,No,No,0
1.5322605130033284,0.14751132309581955,Two year,DSL,Credit card (automatic),Yes,No,Yes,Yes,No,0
-0.62591876415828,-1.462769970065154,One year,No,Mailed check,No,No internet service,No internet service,No internet service,No internet service,1
1.247217966963116,0.5014740841312035,Two year,DSL,Credit card (automatic),Yes,Yes,Yes,Yes,Yes,0
-0.7888002190384014,0.3801629031190768,Month-to-month,DSL,Electronic check,Yes,Yes,Yes,Yes,No,0
0.6771328748826912,0.6560212051466532,Month-to-month,Fiber optic,Electronic check,Yes,No,No,No,No,2
-1.2367242199587352,-0.5155456799704636,Month-to-month,DSL,Mailed check,No,No,No,No,No,2
-1.2367242199587352,0.5280628361338618,Month-to-month,Fiber optic,Electronic check,Yes,No,No,Yes,No,2
0.7992939660427822,0.4981504901308714,Two year,DSL,Credit card (automatic),Yes,Yes,Yes,Yes,No,0
1.4915401492832983,-0.020330173920958795,Two year,DSL,Credit card (automatic),Yes,Yes,Yes,No,Yes,0
0.43281069256250915,0.8471278601657574,Month-to-month,Fiber optic,Electronic check,Yes,No,No,Yes,No,2
-0.7073594915983407,1.141265929195161,Month-to-month,Fiber optic,Credit card (automatic),Yes,No,Yes,Yes,No,2
-0.30015585439803716,0.1574821050968162,Month-to-month,DSL,Credit card (automatic),Yes,Yes,Yes,Yes,No,0
-0.9924020376385531,0.5280628361338618,Month-to-month,Fiber optic,Credit card (automatic),Yes,No,No,No,No,2
1.125056875803025,0.33529438411459117,One year,DSL,Credit card (automatic),Yes,Yes,Yes,No,Yes,0
-0.5851984004382496,1.0199547481830342,Month-to-month,Fiber optic,Electronic check,Yes,No,No,Yes,No,2
1.247217966963116,1.1595456961969886,One year,Fiber optic,Credit card (automatic),Yes,No,Yes,Yes,No,0
1.369379058123207,1.4520219682262263,One year,Fiber optic,Electronic check,Yes,Yes,No,Yes,Yes,0
0.06632741908223598,-1.3231790220511994,Two year,No,Credit card (automatic),No,No internet service,No internet service,No internet service,No internet service,1
1.6137012404433893,1.42044782522307,Two year,Fiber optic,Credit card (automatic),Yes,Yes,No,Yes,Yes,0
0.5956921474426305,1.1877962451998125,Month-to-month,Fiber optic,Electronic check,Yes,No,No,Yes,Yes,2
1.125056875803025,0.8354952811645946,Month-to-month,Fiber optic,Bank transfer (automatic),Yes,No,No,Yes,No,2
1.6137012404433893,-0.7531826509942192,Two year,DSL,Bank transfer (automatic),No,No,Yes,No,Yes,0
-0.5851984004382496,-0.34438058895335305,One year,DSL,Credit card (automatic),Yes,Yes,No,No,Yes,0
-0.9516816739185228,0.9850570111795457,Month-to-month,Fiber optic,Electronic check,No,No,No,Yes,No,2
-1.1960038562387048,0.3502505571160864,Month-to-month,DSL,Electronic check,Yes,Yes,No,Yes,No,2
0.5956921474426305,0.46989994112804756,One year,Fiber optic,Electronic check,Yes,No,No,No,No,0
-0.055833672077855064,0.47987072312904416,Two year,DSL,Mailed check,No,Yes,No,Yes,Yes,0
0.7178532386027215,-1.4827115340671475,Two year,No,Bank transfer (automatic),No,No internet service,No internet service,No internet service,No internet service,1
-0.9109613101984924,0.5014740841312035,Month-to-month,Fiber optic,Mailed check,Yes,No,Yes,No,Yes,2
-1.2774445836787656,-0.5221928679711283,Month-to-month,DSL,Mailed check,No,Yes,No,No,No,2
0.7992939660427822,-1.4744025490663168,One year,No,Electronic check,Yes,No internet service,No internet service,No internet service,No internet service,1
1.2879383306831464,1.5567151792366918,Two year,Fiber optic,Bank transfer (automatic),Yes,Yes,Yes,Yes,Yes,0
1.2064976032430856,-1.3464441800535252,Two year,No,Bank transfer (automatic),Yes,No internet service,No internet service,No internet service,No internet service,1
-1.1960038562387048,-0.00869759491979612,Month-to-month,DSL,Bank transfer (automatic),Yes,Yes,Yes,No,No,2
0.9621754209229036,1.5201556452330371,One year,Fiber optic,Electronic check,No,No,Yes,Yes,Yes,0
0.5549717837226001,-0.3028356639492,One year,DSL,Credit card (automatic),No,No,No,No,No,0
-0.9924020376385531,-0.33607160395252245,Month-to-month,DSL,Mailed check,No,No,Yes,No,No,2
-0.0965540357978854,0.3319707901142591,Month-to-month,DSL,Electronic check,Yes,No,Yes,Yes,No,0
0.5142514200025698,-1.2916048790480432,One year,No,Credit card (automatic),Yes,No internet service,No internet service,No internet service,No internet service,1
-1.2774445836787656,0.48485611412954227,Month-to-month,Fiber optic,Electronic check,Yes,No,No,Yes,No,2
-0.8702409464784621,-0.47233895796614456,Month-to-month,DSL,Electronic check,No,No,Yes,Yes,No,0
-1.0331224013585834,0.34526516611558833,Month-to-month,Fiber optic,Bank transfer (automatic),Yes,No,No,No,Yes,2
0.3920903288424788,1.2974748472107767,Month-to-month,Fiber optic,Bank transfer (automatic),Yes,Yes,No,Yes,Yes,2
0.6771328748826912,-1.4827115340671475,Two year,No,Bank transfer (automatic),Yes,No internet service,No internet service,No internet service,No internet service,1
-0.9516816739185228,1.1479131171958254,Month-to-month,Fiber optic,Credit card (automatic),Yes,No,No,Yes,No,2
0.10704778280226633,-0.08680205392760396,One year,DSL,Bank transfer (automatic),Yes,No,Yes,Yes,No,0
0.6364125111626608,-1.4660935640654862,Two year,No,Bank transfer (automatic),No,No internet service,No internet service,No internet service,No internet service,1
0.5549717837226001,-1.4893587220678117,Two year,No,Mailed check,Yes,No internet service,No internet service,No internet service,No internet service,1
-0.13727439951791576,-1.0307027500219619,Month-to-month,DSL,Mailed check,No,No,No,Yes,No,2
-0.0965540357978854,0.574593152138513,Month-to-month,Fiber optic,Bank transfer (automatic),No,No,No,No,Yes,0
-1.2774445836787656,0.3303089931140931,Month-to-month,Fiber optic,Electronic check,No,Yes,No,No,No,2
1.369379058123207,0.6394032351449919,Two year,DSL,Mailed check,Yes,Yes,Yes,Yes,Yes,0
1.3286586944031769,1.5384354122348645,Month-to-month,Fiber optic,Credit card (automatic),Yes,No,Yes,Yes,Yes,0
1.6137012404433893,1.2010906212011416,Two year,Fiber optic,Bank transfer (automatic),Yes,No,No,Yes,Yes,0
-0.8295205827584317,0.47156173812821356,Month-to-month,Fiber optic,Electronic check,Yes,No,Yes,No,No,2
1.5729808767233588,0.06940686408801149,One year,DSL,Credit card (automatic),Yes,Yes,Yes,No,No,0
-1.1145631287986442,-1.4527991880641573,Month-to-month,No,Mailed check,No,No internet service,No internet service,No internet service,No internet service,1
0.7992939660427822,-1.4544609850643233,Two year,No,Bank transfer (automatic),No,No internet service,No internet service,No internet service,No internet service,1
-0.30015585439803716,1.1213243651931677,Month-to-month,Fiber optic,Electronic check,Yes,No,No,Yes,Yes,2
-1.2774445836787656,-1.481049737066981,Month-to-month,No,Mailed check,No,No internet service,No internet service,No internet service,No internet service,1
-1.2774445836787656,-1.505976692069473,Month-to-month,No,Electronic check,No,No internet service,No internet service,No internet service,No internet service,1
0.22920887396235737,1.0049985751815391,One year,Fiber optic,Bank transfer (automatic),No,Yes,No,Yes,Yes,0
1.369379058123207,-0.6385186579827569,One year,DSL,Bank transfer (automatic),No,No,No,Yes,Yes,0
1.4508197855632678,1.503537675231376,Two year,Fiber optic,Bank transfer (automatic),Yes,Yes,No,Yes,Yes,0
-1.1145631287986442,-1.3447823830533592,Month-to-month,DSL,Mailed check,No,No,No,No,No,2
1.6137012404433893,1.3091074262119398,One year,Fiber optic,Electronic check,Yes,No,Yes,Yes,No,0
-0.015113308357824713,-1.150352134033923,One year,DSL,Mailed check,No,No,Yes,No,No,0
0.43281069256250915,0.9833952141793793,One year,Fiber optic,Mailed check,No,No,No,Yes,No,0
1.6137012404433893,-1.5076384890696393,Two year,No,Credit card (automatic),No,No internet service,No internet service,No internet service,No internet service,1
0.9214550572028734,1.0631614701873533,Month-to-month,Fiber optic,Electronic check,Yes,No,Yes,Yes,No,2
0.7992939660427822,-0.22639300194155818,One year,DSL,Credit card (automatic),No,Yes,Yes,No,Yes,0
0.43281069256250915,0.893658176170409,Month-to-month,Fiber optic,Electronic check,Yes,No,No,Yes,Yes,2
0.18848851024232702,0.39013368512007346,Month-to-month,Fiber optic,Electronic check,Yes,No,No,No,No,2
1.2879383306831464,-0.33773340095268845,Two year,DSL,Electronic check,Yes,Yes,No,Yes,No,0
-1.1960038562387048,0.8338334841644282,Month-to-month,Fiber optic,Electronic check,No,No,Yes,Yes,No,2
0.14776814652229667,-1.1204397880309327,Two year,DSL,Bank transfer (automatic),No,No,Yes,No,No,0
-0.9109613101984924,1.1794872601989819,Month-to-month,Fiber optic,Electronic check,Yes,No,Yes,Yes,No,2
0.35136996512244845,-1.4660935640654862,Two year,No,Mailed check,No,No internet service,No internet service,No internet service,No internet service,1
-0.21871512695797646,0.6792863631489789,Month-to-month,Fiber optic,Credit card (automatic),Yes,Yes,No,No,No,2
0.9621754209229036,1.1645310871974868,One year,Fiber optic,Credit card (automatic),Yes,No,No,Yes,Yes,0
-1.0738427650786138,-1.46443176706532,Month-to-month,No,Mailed check,No,No internet service,No internet service,No internet service,No internet service,1
-1.1960038562387048,0.32033821111309646,Month-to-month,Fiber optic,Electronic check,Yes,No,No,No,No,2
-1.0331224013585834,-0.467353566965646,Month-to-month,DSL,Mailed check,No,No,Yes,No,No,2
-1.1552834925186746,-1.4594463760648215,Month-to-month,No,Mailed check,No,No internet service,No internet service,No internet service,No internet service,1
0.025607055362205634,0.8039211381614382,Two year,Fiber optic,Electronic check,Yes,Yes,Yes,Yes,No,0
-0.21871512695797646,0.44164939212522314,Month-to-month,Fiber optic,Electronic check,Yes,No,No,No,Yes,2
1.6137012404433893,-1.3697093380558512,Two year,No,Bank transfer (automatic),Yes,No internet service,No internet service,No internet service,No internet service,1
-1.2774445836787656,-1.4960059100684764,Month-to-month,No,Mailed check,No,No internet service,No internet service,No internet service,No internet service,1
1.5729808767233588,-0.2762469119465419,One year,DSL,Electronic check,Yes,No,Yes,Yes,No,0
-0.7888002190384014,0.7042133181514708,Month-to-month,Fiber optic,Electronic check,Yes,No,No,No,No,2
-0.30015585439803716,-0.2047896409393986,Month-to-month,DSL,Credit card (automatic),Yes,No,Yes,Yes,Yes,0
1.4100994218432374,-0.47233895796614456,Two year,DSL,Bank transfer (automatic),No,Yes,No,No,No,0
-1.2774445836787656,-0.9742016520163136,Month-to-month,DSL,Electronic check,Yes,No,No,No,No,2
-1.2367242199587352,-0.6784017859867437,Month-to-month,DSL,Electronic check,No,No,No,No,No,2
0.43281069256250915,-1.2982520670487077,Two year,No,Credit card (automatic),Yes,No internet service,No internet service,No internet service,No internet service,1
-0.38159658183809786,0.3402797751150897,Month-to-month,Fiber optic,Bank transfer (automatic),Yes,No,Yes,No,No,2
1.2879383306831464,-1.481049737066981,Two year,No,Mailed check,No,No internet service,No internet service,No internet service,No internet service,1
1.002895784642934,-1.5009913010689746,Two year,No,Mailed check,Yes,No internet service,No internet service,No internet service,No internet service,1
-1.2774445836787656,0.18905624809997262,Month-to-month,Fiber optic,Mailed check,Yes,No,No,No,No,2
1.6137012404433893,0.7740087921584478,Two year,DSL,Credit card (automatic),Yes,Yes,Yes,Yes,Yes,0
-0.9924020376385531,0.21232140610229844,Month-to-month,DSL,Electronic check,No,Yes,Yes,No,No,2
1.1657772395230555,1.2060760122016398,Two year,Fiber optic,Bank transfer (automatic),Yes,No,No,Yes,No,0
1.2879383306831464,0.6493740171459885,One year,Fiber optic,Credit card (automatic),Yes,No,Yes,No,No,0
1.5729808767233588,-1.3564149620545218,Two year,No,Bank transfer (automatic),No,No internet service,No internet service,No internet service,No internet service,1
1.3286586944031769,1.1396041321949948,Two year,Fiber optic,Credit card (automatic),Yes,Yes,Yes,Yes,No,0
-1.1960038562387048,-1.5009913010689746,One year,No,Mailed check,No,No internet service,No internet service,No internet service,No internet service,1
-1.2774445836787656,-0.6351950639824246,Month-to-month,DSL,Electronic check,Yes,No,No,No,No,2
-0.0965540357978854,-0.00869759491979612,One year,DSL,Credit card (automatic),No,No,No,Yes,Yes,0
-0.7073594915983407,0.1574821050968162,Month-to-month,DSL,Mailed check,Yes,Yes,No,No,Yes,2
-0.9924020376385531,0.12590796209365976,Month-to-month,DSL,Electronic check,Yes,Yes,No,Yes,No,2
-1.0331224013585834,1.0049985751815391,Month-to-month,Fiber optic,Mailed check,No,No,No,Yes,No,2
1.5322605130033284,1.4420511862252297,One year,Fiber optic,Credit card (automatic),Yes,No,Yes,Yes,Yes,0
1.2064976032430856,0.7091987091519689,Two year,DSL,Electronic check,No,Yes,Yes,Yes,Yes,0
-1.0738427650786138,-1.4976677070686424,Month-to-month,No,Mailed check,No,No internet service,No internet service,No internet service,No internet service,1
-0.748079855318371,0.5363718211346925,Month-to-month,Fiber optic,Bank transfer (automatic),Yes,No,No,No,No,2
-0.4223169455581282,0.6443886261454905,Month-to-month,Fiber optic,Bank transfer (automatic),Yes,No,No,Yes,No,2
-0.4223169455581282,-1.4827115340671475,One year,No,Mailed check,No,No internet service,No internet service,No internet service,No internet service,1
-0.6666391278783103,-0.017006579920626735,Two year,DSL,Mailed check,No,No,Yes,Yes,Yes,0
-0.9109613101984924,-1.2982520670487077,Two year,No,Bank transfer (automatic),No,No internet service,No internet service,No internet service,No internet service,1
-0.7888002190384014,-0.29120308494803704,Month-to-month,DSL,Electronic check,Yes,No,Yes,No,No,2
-0.5037576729981889,0.5862257311396761,Month-to-month,Fiber optic,Electronic check,No,No,Yes,No,No,2
-1.2367242199587352,0.16412929309748078,Month-to-month,Fiber optic,Electronic check,Yes,No,No,No,No,2
0.8400143297628127,0.30372024111143525,Two year,DSL,Bank transfer (automatic),Yes,Yes,No,No,Yes,0
-0.8702409464784621,-1.4677553610656522,One year,No,Mailed check,No,No internet service,No internet service,No internet service,No internet service,1
1.4915401492832983,-1.491020519067978,Two year,No,Mailed check,No,No internet service,No internet service,No internet service,No internet service,1
-1.1552834925186746,0.20401242110146783,Month-to-month,Fiber optic,Bank transfer (automatic),Yes,No,No,No,No,2
1.6137012404433893,0.8072447321617703,Two year,DSL,Bank transfer (automatic),Yes,Yes,Yes,Yes,Yes,0
1.0436161483629645,-0.6468276429835875,Month-to-month,DSL,Electronic check,Yes,No,No,No,Yes,2
-0.6666391278783103,-1.4744025490663168,Month-to-month,No,Electronic check,No,No internet service,No internet service,No internet service,No internet service,1
0.43281069256250915,0.6477122201458225,One year,Fiber optic,Bank transfer (automatic),Yes,Yes,Yes,No,Yes,0
-1.2367242199587352,1.3174164112127704,Month-to-month,Fiber optic,Electronic check,Yes,Yes,No,Yes,Yes,2
-0.748079855318371,0.5712695581381809,Two year,DSL,Mailed check,No,Yes,No,Yes,Yes,0
0.8400143297628127,1.0000131841810405,One year,Fiber optic,Bank transfer (automatic),Yes,No,No,Yes,Yes,0
-0.015113308357824713,-1.4694171580658184,One year,No,Bank transfer (automatic),No,No internet service,No internet service,No internet service,No internet service,1
0.06632741908223598,-1.33148800705203,Month-to-month,No,Electronic check,No,No internet service,No internet service,No internet service,No internet service,1
-0.7073594915983407,0.32200000811326246,Month-to-month,Fiber optic,Mailed check,Yes,No,No,No,No,2
-1.0331224013585834,0.3884718881199074,Month-to-month,Fiber optic,Bank transfer (automatic),No,No,Yes,No,No,2
-0.7073594915983407,1.3489905542159264,Month-to-month,Fiber optic,Bank transfer (automatic),Yes,No,No,Yes,Yes,2
1.1657772395230555,-1.4694171580658184,One year,No,Credit card (automatic),Yes,No internet service,No internet service,No internet service,No internet service,1
-1.2774445836787656,-1.156999322034587,Month-to-month,DSL,Bank transfer (automatic),No,No,No,No,No,2
-1.2774445836787656,-0.6468276429835875,Month-to-month,DSL,Mailed check,No,No,No,No,No,2
-0.9924020376385531,0.6560212051466532,Month-to-month,Fiber optic,Bank transfer (automatic),No,No,No,No,No,2
0.025607055362205634,0.3319707901142591,One year,DSL,Credit card (automatic),No,No,Yes,Yes,Yes,0
-0.7888002190384014,0.4815325201292102,Month-to-month,Fiber optic,Electronic check,Yes,No,No,No,Yes,2
-1.2774445836787656,-1.328164413051698,Month-to-month,DSL,Electronic check,Yes,No,No,No,No,2
-0.5037576729981889,-0.4307940329619915,Month-to-month,DSL,Mailed check,Yes,No,No,No,No,2
-1.1960038562387048,-1.1420431490330922,Month-to-month,DSL,Electronic check,No,Yes,No,No,No,2
-0.7888002190384014,-1.4993295040688086,One year,No,Electronic check,No,No internet service,No internet service,No internet service,No internet service,1
0.3106496014024181,-0.27126152094604356,Month-to-month,DSL,Credit card (automatic),No,No,No,No,No,2
0.43281069256250915,0.2372483611047903,One year,DSL,Credit card (automatic),Yes,Yes,Yes,No,No,0
-1.0738427650786138,0.8720548151682491,Month-to-month,Fiber optic,Electronic check,Yes,No,No,No,Yes,2
1.4915401492832983,-1.4960059100684764,Two year,No,Bank transfer (automatic),No,No internet service,No internet service,No internet service,No internet service,1
1.6137012404433893,1.4935668932303794,Two year,Fiber optic,Credit card (automatic),No,No,Yes,Yes,Yes,0
1.0843365120829946,-1.5109620830699715,Two year,No,Credit card (automatic),No,No internet service,No internet service,No internet service,No internet service,1
-0.5037576729981889,1.0565142821866886,Month-to-month,Fiber optic,Electronic check,Yes,Yes,Yes,Yes,No,2
-0.3408762181180675,-1.3514295710540236,Two year,No,Bank transfer (automatic),Yes,No internet service,No internet service,No internet service,No internet service,1
1.0843365120829946,1.5484061942358611,Month-to-month,Fiber optic,Electronic check,Yes,Yes,No,Yes,Yes,2
1.6137012404433893,1.5783185402388515,Two year,Fiber optic,Bank transfer (automatic),Yes,Yes,No,Yes,Yes,0
-1.2774445836787656,-1.462769970065154,Month-to-month,No,Mailed check,No,No internet service,No internet service,No internet service,No internet service,1
-0.21871512695797646,1.2343265612044643,One year,Fiber optic,Credit card (automatic),Yes,Yes,Yes,Yes,No,0
-0.748079855318371,0.5081212721318681,Month-to-month,Fiber optic,Credit card (automatic),Yes,Yes,No,No,No,2
1.5729808767233588,1.3556377422165908,Two year,Fiber optic,Electronic check,No,No,Yes,Yes,Yes,0
-0.7888002190384014,0.4499583771260538,Month-to-month,Fiber optic,Credit card (automatic),Yes,No,No,Yes,No,2
0.47353105628253944,0.13587874409465642,Month-to-month,Fiber optic,Credit card (automatic),No,No,No,No,No,2
0.025607055362205634,0.5047976781315361,One year,Fiber optic,Bank transfer (automatic),Yes,Yes,No,No,No,2
1.6137012404433893,-0.3094828519498643,Two year,DSL,Credit card (automatic),Yes,Yes,Yes,No,Yes,0
-1.2774445836787656,0.50313588113137,Month-to-month,Fiber optic,Electronic check,No,No,No,No,No,2
-0.5444780367182193,1.3905354792200795,Month-to-month,Fiber optic,Electronic check,Yes,Yes,Yes,Yes,Yes,0
1.2879383306831464,1.2526063282062914,One year,Fiber optic,Credit card (automatic),Yes,Yes,No,Yes,Yes,0
-1.2367242199587352,-0.6235624849812617,Month-to-month,DSL,Credit card (automatic),Yes,No,No,No,No,2
-1.2774445836787656,-1.3132082400502028,Month-to-month,DSL,Electronic check,No,No,No,No,No,2
1.1657772395230555,-1.4960059100684764,Two year,No,Mailed check,No,No internet service,No internet service,No internet service,No internet service,1
-0.13727439951791576,-1.4876969250676457,One year,No,Electronic check,No,No internet service,No internet service,No internet service,No internet service,1
-0.38159658183809786,0.7324638671542947,Month-to-month,Fiber optic,Electronic check,No,No,No,No,No,2
1.002895784642934,-0.19980424993890028,Month-to-month,DSL,Bank transfer (automatic),Yes,No,Yes,Yes,Yes,0
1.6137012404433893,-0.6484894399837535,Two year,DSL,Credit card (automatic),No,Yes,Yes,No,Yes,0
1.369379058123207,-0.27126152094604356,Two year,DSL,Bank transfer (automatic),Yes,Yes,Yes,Yes,Yes,0
1.3286586944031769,0.6460504231456565,Two year,DSL,Bank transfer (automatic),Yes,Yes,No,Yes,Yes,0
-0.9924020376385531,0.5064594751317021,Month-to-month,Fiber optic,Bank transfer (automatic),Yes,No,No,Yes,No,2
-1.1552834925186746,0.179085466098976,Month-to-month,Fiber optic,Electronic check,Yes,No,No,No,No,2
1.5729808767233588,-1.329826210051864,Two year,No,Bank transfer (automatic),No,No internet service,No internet service,No internet service,No internet service,1
-1.2774445836787656,-1.481049737066981,One year,No,Electronic check,Yes,No internet service,No internet service,No internet service,No internet service,1
-1.1552834925186746,-0.4889569279678058,Month-to-month,DSL,Mailed check,No,Yes,No,No,No,2
-0.8295205827584317,-1.5093002860698053,One year,No,Bank transfer (automatic),Yes,No internet service,No internet service,No internet service,No internet service,1
-0.3408762181180675,-0.47067716096597834,One year,DSL,Mailed check,Yes,No,Yes,Yes,No,0
-0.055833672077855064,0.544680806135523,One year,DSL,Mailed check,Yes,Yes,Yes,Yes,Yes,0
-1.2774445836787656,-0.31779183695069496,Month-to-month,DSL,Mailed check,No,No,No,Yes,No,2
-0.0965540357978854,0.8354952811645946,Month-to-month,Fiber optic,Credit card (automatic),Yes,Yes,No,No,No,2
0.5956921474426305,0.682609957149311,Two year,DSL,Credit card (automatic),Yes,Yes,Yes,Yes,No,0
0.880734693482843,1.437065795224731,Two year,Fiber optic,Credit card (automatic),Yes,Yes,Yes,Yes,No,0
0.7178532386027215,0.9551446651765553,Month-to-month,Fiber optic,Credit card (automatic),Yes,Yes,Yes,No,No,0
-1.2774445836787656,0.6593447991469852,Month-to-month,Fiber optic,Mailed check,Yes,No,Yes,No,No,2
1.6137012404433893,-1.479387940066815,Two year,No,Credit card (automatic),No,No internet service,No internet service,No internet service,No internet service,1
-0.13727439951791576,-1.3165318340505352,Month-to-month,No,Electronic check,No,No internet service,No internet service,No internet service,No internet service,1
-1.2367242199587352,-0.34438058895335305,Month-to-month,DSL,Mailed check,Yes,No,No,No,No,2
-0.9109613101984924,-1.16863190103575,Two year,DSL,Mailed check,Yes,Yes,No,No,No,0
-0.5851984004382496,0.2787932861089434,Month-to-month,Fiber optic,Electronic check,Yes,No,No,No,No,2
-0.8702409464784621,1.0049985751815391,Month-to-month,Fiber optic,Electronic check,Yes,No,No,Yes,No,2
-0.6666391278783103,-1.4960059100684764,Two year,No,Mailed check,No,No internet service,No internet service,No internet service,No internet service,1
1.6137012404433893,0.7258166791536301,Two year,DSL,Bank transfer (automatic),No,Yes,No,Yes,Yes,0
1.6137012404433893,1.476948923228718,Two year,Fiber optic,Bank transfer (automatic),No,Yes,No,Yes,Yes,0
0.35136996512244845,0.3303089931140931,One year,DSL,Credit card (automatic),Yes,Yes,Yes,Yes,No,0
1.3286586944031769,0.9850570111795457,Month-to-month,Fiber optic,Electronic check,No,No,Yes,No,Yes,0
-0.7888002190384014,-0.3310862129520241,Month-to-month,DSL,Electronic check,Yes,No,No,No,Yes,2
-1.1552834925186746,0.35191235411625243,Month-to-month,Fiber optic,Electronic check,No,No,Yes,No,No,2
0.35136996512244845,0.00792037508186511,One year,DSL,Mailed check,No,No,No,No,Yes,2
-0.7073594915983407,0.32033821111309646,Month-to-month,Fiber optic,Electronic check,Yes,No,No,No,No,2
-1.2774445836787656,-0.5388108379727895,Month-to-month,DSL,Mailed check,Yes,No,Yes,No,No,2
0.3920903288424788,1.1379423351948288,One year,Fiber optic,Electronic check,Yes,No,Yes,No,Yes,0
0.758573602322752,0.9551446651765553,One year,Fiber optic,Electronic check,Yes,No,Yes,Yes,Yes,0
-1.2367242199587352,0.1873944510998066,Month-to-month,Fiber optic,Electronic check,No,No,No,No,No,2
-1.2774445836787656,-0.8163309370005319,Month-to-month,DSL,Electronic check,No,No,No,Yes,No,2
-0.015113308357824713,0.6294324531439953,One year,DSL,Credit card (automatic),No,Yes,No,Yes,Yes,0
-0.9109613101984924,-1.4926823160681442,Month-to-month,No,Mailed check,Yes,No internet service,No internet service,No internet service,No internet service,1
1.4100994218432374,-0.1732154979362424,Two year,DSL,Electronic check,Yes,Yes,No,Yes,Yes,0
1.1657772395230555,1.6730409692483204,Two year,Fiber optic,Credit card (automatic),No,Yes,Yes,Yes,Yes,0
0.7178532386027215,1.6481140142458286,One year,Fiber optic,Credit card (automatic),No,Yes,Yes,Yes,Yes,0
-1.2367242199587352,-0.6700928009859131,Month-to-month,DSL,Credit card (automatic),Yes,No,No,No,No,2
-0.13727439951791576,-0.6567984249845842,Month-to-month,DSL,Electronic check,Yes,No,Yes,No,Yes,2
-1.1960038562387048,-0.7847567939973756,Month-to-month,DSL,Electronic check,Yes,No,No,No,Yes,2
-0.7888002190384014,1.4005062612210766,Month-to-month,Fiber optic,Electronic check,Yes,No,No,Yes,Yes,2
1.002895784642934,0.8338334841644282,Month-to-month,Fiber optic,Electronic check,Yes,No,No,No,No,2
-0.055833672077855064,-0.49560411596847015,Two year,DSL,Bank transfer (automatic),Yes,Yes,Yes,No,No,0
0.5142514200025698,1.61321627724234,One year,Fiber optic,Mailed check,No,Yes,Yes,Yes,Yes,0
1.1657772395230555,0.7756705891586139,Two year,DSL,Mailed check,No,Yes,Yes,Yes,Yes,0
0.7178532386027215,-1.3248408190513656,Two year,No,Bank transfer (automatic),No,No internet service,No internet service,No internet service,No internet service,1
-0.5444780367182193,1.3373579752147637,Month-to-month,Fiber optic,Mailed check,Yes,Yes,Yes,Yes,No,2
1.0843365120829946,-1.5093002860698053,Two year,No,Mailed check,No,No internet service,No internet service,No internet service,No internet service,1
1.5729808767233588,-1.3464441800535252,Two year,No,Credit card (automatic),Yes,No internet service,No internet service,No internet service,No internet service,1
-0.6666391278783103,0.9867188081797118,Month-to-month,Fiber optic,Electronic check,Yes,Yes,No,Yes,No,2
1.002895784642934,-0.16656830993557784,Two year,DSL,Electronic check,Yes,Yes,Yes,No,No,0
-1.2774445836787656,-1.328164413051698,Month-to-month,DSL,Bank transfer (automatic),No,No,No,No,No,2
-0.5037576729981889,1.4054916522215746,Month-to-month,Fiber optic,Electronic check,No,Yes,No,Yes,No,2
-1.2774445836787656,0.19404163910047073,Month-to-month,Fiber optic,Mailed check,No,No,No,No,No,2
-1.1145631287986442,0.6859335511496436,Month-to-month,Fiber optic,Electronic check,Yes,Yes,No,No,No,2
0.7992939660427822,1.3390197722149297,Month-to-month,Fiber optic,Electronic check,Yes,No,No,Yes,Yes,2
-0.46303730927815856,0.006258578081699082,Month-to-month,DSL,Bank transfer (automatic),Yes,No,Yes,No,No,2
-0.748079855318371,-0.3244390249513595,Month-to-month,DSL,Electronic check,Yes,Yes,No,Yes,Yes,0
-1.1145631287986442,-0.47233895796614456,Month-to-month,DSL,Bank transfer (automatic),No,No,No,No,No,2
-1.0738427650786138,-0.3194536339508612,Month-to-month,DSL,Mailed check,No,No,Yes,No,No,2
-0.9109613101984924,-0.4507355969639848,Month-to-month,DSL,Electronic check,No,No,No,No,No,2
-1.2774445836787656,-1.3082228490497045,Month-to-month,No,Mailed check,No,No internet service,No internet service,No internet service,No internet service,1
1.4508197855632678,-0.3427187919531868,Month-to-month,DSL,Mailed check,No,No,Yes,No,No,2
-0.5851984004382496,1.0099839661820376,Month-to-month,Fiber optic,Mailed check,No,No,No,Yes,Yes,2
-0.4223169455581282,0.3735157151184122,One year,Fiber optic,Credit card (automatic),Yes,No,No,No,No,0
-0.5037576729981889,-0.6784017859867437,Month-to-month,DSL,Electronic check,Yes,No,No,No,No,2
-1.2774445836787656,0.17410007509847744,Month-to-month,Fiber optic,Electronic check,No,No,No,No,No,2
-0.9924020376385531,0.3236618051134285,Month-to-month,Fiber optic,Electronic check,Yes,No,No,No,No,2
-0.9109613101984924,-0.6617838159850825,Month-to-month,DSL,Credit card (automatic),Yes,No,No,No,No,2
-0.3408762181180675,0.37683930911874425,Month-to-month,Fiber optic,Electronic check,Yes,No,No,No,No,2
0.10704778280226633,-0.11837619693076015,One year,DSL,Mailed check,No,No,Yes,No,Yes,0
-0.38159658183809786,0.7324638671542947,One year,Fiber optic,Mailed check,No,Yes,No,No,Yes,0
-1.0738427650786138,0.8172155141627669,Month-to-month,Fiber optic,Electronic check,Yes,No,No,Yes,No,2
-0.8295205827584317,-1.4976677070686424,Month-to-month,No,Mailed check,No,No internet service,No internet service,No internet service,No internet service,1
-1.2774445836787656,-1.479387940066815,Month-to-month,No,Mailed check,No,No internet service,No internet service,No internet service,No internet service,1
1.5729808767233588,0.37517751211857825,Two year,Fiber optic,Electronic check,No,No,No,No,Yes,0
0.10704778280226633,1.1977670272008092,Month-to-month,Fiber optic,Electronic check,Yes,No,No,Yes,Yes,2
0.3106496014024181,0.32532360211359457,Month-to-month,DSL,Electronic check,Yes,No,No,Yes,Yes,2
-1.2774445836787656,0.2937494591104381,Month-to-month,Fiber optic,Mailed check,Yes,No,Yes,No,No,2
-0.38159658183809786,0.004596781081533054,One year,DSL,Bank transfer (automatic),Yes,No,No,Yes,No,0
-1.1552834925186746,1.0199547481830342,Month-to-month,Fiber optic,Electronic check,Yes,No,No,Yes,No,2
-1.1552834925186746,0.8521132511662559,Month-to-month,Fiber optic,Electronic check,Yes,Yes,No,No,Yes,2
1.4508197855632678,-0.14828854293375057,Two year,DSL,Credit card (automatic),No,Yes,No,Yes,Yes,0
0.22920887396235737,0.5679459641378485,Month-to-month,Fiber optic,Mailed check,Yes,No,No,No,No,2
0.7992939660427822,-1.328164413051698,Two year,No,Mailed check,No,No internet service,No internet service,No internet service,No internet service,1
-0.015113308357824713,0.33695618111475767,Month-to-month,Fiber optic,Electronic check,Yes,No,No,No,No,2
-0.13727439951791576,0.358559542116917,Two year,DSL,Mailed check,No,Yes,No,Yes,Yes,0
0.22920887396235737,1.2093996062019723,Month-to-month,Fiber optic,Electronic check,No,No,No,Yes,No,2
0.6364125111626608,0.464914550127549,One year,DSL,Credit card (automatic),Yes,No,Yes,Yes,Yes,0
-1.2774445836787656,-1.5126238800701375,Month-to-month,No,Bank transfer (automatic),Yes,No internet service,No internet service,No internet service,No internet service,1
-0.4223169455581282,0.8072447321617703,Month-to-month,Fiber optic,Electronic check,Yes,Yes,Yes,No,No,2
0.43281069256250915,1.6713791722481544,Two year,Fiber optic,Credit card (automatic),No,Yes,Yes,Yes,Yes,0
-1.1145631287986442,0.15249671409631763,Month-to-month,Fiber optic,Electronic check,Yes,No,No,No,No,2
-1.1145631287986442,0.5264010391336954,Month-to-month,Fiber optic,Electronic check,Yes,No,No,Yes,No,2
0.758573602322752,1.505199472231542,One year,Fiber optic,Credit card (automatic),No,Yes,Yes,Yes,No,0
1.5729808767233588,-1.491020519067978,Two year,No,Credit card (automatic),Yes,No internet service,No internet service,No internet service,No internet service,1
0.22920887396235737,0.5164302571326987,One year,DSL,Credit card (automatic),No,Yes,Yes,Yes,No,0
-0.3408762181180675,0.9435120861753926,Month-to-month,Fiber optic,Electronic check,Yes,No,No,Yes,Yes,2
0.10704778280226633,0.8886727851699104,Month-to-month,Fiber optic,Credit card (automatic),Yes,Yes,No,Yes,No,2
0.880734693482843,0.5878875281398422,One year,DSL,Bank transfer (automatic),No,Yes,Yes,Yes,No,0
1.6137012404433893,-0.1582593249347472,Two year,DSL,Electronic check,Yes,Yes,No,Yes,Yes,0
-1.2774445836787656,-0.6634456129852487,Month-to-month,DSL,Electronic check,Yes,No,No,No,No,2
-0.9516816739185228,-0.5371490409726233,One year,DSL,Mailed check,No,No,Yes,No,No,0
1.4915401492832983,-0.15659752793458118,Two year,DSL,Bank transfer (automatic),Yes,Yes,Yes,Yes,No,0
0.7992939660427822,1.260915313207122,Month-to-month,Fiber optic,Credit card (automatic),Yes,Yes,No,Yes,No,2
-0.8702409464784621,0.6028437011413373,Month-to-month,Fiber optic,Electronic check,Yes,Yes,No,Yes,No,2
-1.2367242199587352,0.1857326540996401,Month-to-month,Fiber optic,Electronic check,Yes,No,No,No,No,2
-0.1779947632379461,-0.9592454790148186,Month-to-month,DSL,Electronic check,Yes,No,No,Yes,No,2
-0.62591876415828,0.5945347161405068,Month-to-month,Fiber optic,Credit card (automatic),Yes,No,No,No,Yes,2
0.10704778280226633,-1.4926823160681442,Two year,No,Mailed check,Yes,No internet service,No internet service,No internet service,No internet service,1
-0.9924020376385531,-1.5142856770703037,One year,No,Mailed check,Yes,No internet service,No internet service,No internet service,No internet service,1
0.5549717837226001,1.001674981181207,One year,Fiber optic,Credit card (automatic),Yes,No,No,Yes,Yes,0
-1.0331224013585834,0.3020584441112687,Month-to-month,Fiber optic,Electronic check,Yes,No,No,No,No,2
-1.2367242199587352,0.5264010391336954,Month-to-month,Fiber optic,Mailed check,No,No,No,No,Yes,0
1.4508197855632678,0.36686852711774764,One year,DSL,Bank transfer (automatic),Yes,Yes,No,No,Yes,0
0.43281069256250915,1.3240635992134344,Two year,Fiber optic,Electronic check,Yes,No,No,Yes,Yes,0
1.4508197855632678,0.7773323861587803,Two year,DSL,Electronic check,Yes,Yes,Yes,Yes,Yes,0
0.14776814652229667,0.9983513871808745,Month-to-month,Fiber optic,Credit card (automatic),Yes,No,No,Yes,No,2
1.247217966963116,1.284180471209448,Month-to-month,Fiber optic,Electronic check,Yes,No,No,Yes,Yes,2
-0.015113308357824713,-0.33607160395252245,Month-to-month,DSL,Bank transfer (automatic),No,Yes,No,No,No,2
1.5729808767233588,0.6975661301508063,Two year,DSL,Credit card (automatic),No,Yes,Yes,Yes,Yes,0
1.369379058123207,0.08934842809000525,Month-to-month,DSL,Bank transfer (automatic),Yes,No,Yes,No,Yes,2
1.247217966963116,-1.4710789550659844,One year,No,Mailed check,No,No internet service,No internet service,No internet service,No internet service,1
0.35136996512244845,-1.479387940066815,One year,No,Credit card (automatic),Yes,No internet service,No internet service,No internet service,No internet service,1
-1.2774445836787656,0.2438955491054544,Month-to-month,Fiber optic,Electronic check,Yes,No,No,No,No,2
-1.2367242199587352,0.8521132511662559,Month-to-month,Fiber optic,Electronic check,Yes,No,No,Yes,No,2
1.5322605130033284,-1.505976692069473,Two year,No,Bank transfer (automatic),No,No internet service,No internet service,No internet service,No internet service,1
-0.38159658183809786,-0.6584602219847502,Month-to-month,DSL,Electronic check,Yes,No,No,Yes,No,2
1.2879383306831464,1.071470455188184,One year,Fiber optic,Bank transfer (automatic),No,No,Yes,No,Yes,0
0.18848851024232702,-0.0651986929254444,Two year,DSL,Credit card (automatic),Yes,Yes,Yes,No,Yes,0
-0.62591876415828,-0.6700928009859131,One year,DSL,Mailed check,No,No,No,No,No,0
-1.0331224013585834,0.8105683261621028,Month-to-month,Fiber optic,Electronic check,Yes,No,No,Yes,No,2
-1.1552834925186746,0.6659919871476498,Month-to-month,Fiber optic,Bank transfer (automatic),Yes,No,No,No,Yes,2
-0.46303730927815856,-0.7598298389948839,Month-to-month,DSL,Electronic check,Yes,No,Yes,Yes,No,0
-0.9109613101984924,0.5147684601325326,Month-to-month,Fiber optic,Bank transfer (automatic),Yes,No,No,No,No,2
-0.6666391278783103,-0.3543513709543497,Month-to-month,DSL,Electronic check,Yes,No,Yes,No,No,2
1.2879383306831464,1.3456669602155942,Two year,Fiber optic,Electronic check,Yes,Yes,No,Yes,No,0
-0.21871512695797646,-1.1304105700319294,Month-to-month,DSL,Credit card (automatic),No,No,Yes,No,No,2
0.3920903288424788,1.074794049188516,One year,Fiber optic,Electronic check,No,No,Yes,Yes,No,0
-1.1145631287986442,-1.481049737066981,Month-to-month,No,Mailed check,No,No internet service,No internet service,No internet service,No internet service,1
0.35136996512244845,1.1312951471941644,Two year,Fiber optic,Bank transfer (automatic),Yes,Yes,No,Yes,No,0
1.0436161483629645,-0.4806479429669752,One year,DSL,Credit card (automatic),No,No,No,No,Yes,2
0.5956921474426305,-1.4694171580658184,Two year,No,Mailed check,Yes,No internet service,No internet service,No internet service,No internet service,1
-0.5851984004382496,0.37019212111808014,Month-to-month,Fiber optic,Bank transfer (automatic),Yes,Yes,No,No,No,2
-1.1145631287986442,1.0548524851865226,Month-to-month,Fiber optic,Bank transfer (automatic),No,No,No,Yes,Yes,2
-0.38159658183809786,-0.15992112193491323,Month-to-month,DSL,Bank transfer (automatic),Yes,No,Yes,No,No,2
-1.2774445836787656,-1.51594747407047,Month-to-month,No,Mailed check,No,No internet service,No internet service,No internet service,No internet service,1
1.5729808767233588,1.1263097561936661,One year,Fiber optic,Credit card (automatic),Yes,No,No,Yes,Yes,0
1.6137012404433893,1.5899511192400142,Two year,Fiber optic,Credit card (automatic),Yes,Yes,Yes,Yes,Yes,0
0.025607055362205634,-1.4677553610656522,One year,No,Mailed check,No,No internet service,No internet service,No internet service,No internet service,1
-1.2367242199587352,0.6942425361504742,Month-to-month,Fiber optic,Electronic check,Yes,No,No,Yes,No,2
-0.3408762181180675,-0.9642308700153169,Two year,DSL,Mailed check,No,Yes,Yes,No,No,0
0.9621754209229036,1.1628692901973208,One year,Fiber optic,Credit card (automatic),Yes,Yes,No,No,Yes,0
0.18848851024232702,1.0415581091851935,Month-to-month,Fiber optic,Credit card (automatic),Yes,No,No,Yes,No,2
0.43281069256250915,0.6759627691486464,One year,DSL,Credit card (automatic),No,Yes,No,Yes,Yes,0
-1.2774445836787656,-1.3098846460498705,Month-to-month,DSL,Mailed check,No,No,No,No,No,2
-0.30015585439803716,1.3356961782145975,Month-to-month,Fiber optic,Bank transfer (automatic),Yes,Yes,No,Yes,Yes,2
1.1657772395230555,0.827186296163764,Two year,DSL,Electronic check,No,Yes,Yes,Yes,Yes,0
-0.62591876415828,0.7308020701541287,One year,Fiber optic,Electronic check,No,Yes,No,No,Yes,0
0.35136996512244845,0.7125223031523015,One year,Fiber optic,Bank transfer (automatic),Yes,Yes,No,No,Yes,0
-1.2774445836787656,-0.4690153639658123,Month-to-month,DSL,Mailed check,No,No,No,No,No,2
1.6137012404433893,0.001273187081200524,Two year,DSL,Bank transfer (automatic),Yes,Yes,Yes,Yes,Yes,0
-1.2774445836787656,0.8670694241677506,Month-to-month,Fiber optic,Credit card (automatic),Yes,No,No,No,No,2
0.6364125111626608,1.440389389225063,Two year,Fiber optic,Bank transfer (automatic),Yes,No,No,Yes,Yes,0
-0.8702409464784621,-1.4893587220678117,Month-to-month,No,Mailed check,No,No internet service,No internet service,No internet service,No internet service,1
0.9214550572028734,0.6875953481498096,Month-to-month,Fiber optic,Electronic check,Yes,No,No,No,Yes,2
0.3920903288424788,-0.3327480099521901,One year,DSL,Electronic check,Yes,Yes,Yes,No,Yes,0
0.47353105628253944,0.8521132511662559,Month-to-month,Fiber optic,Mailed check,Yes,No,No,No,Yes,2
-1.2774445836787656,-0.6900343649879066,Month-to-month,DSL,Electronic check,No,No,No,No,No,2
-0.21871512695797646,1.0249401391835322,Month-to-month,Fiber optic,Bank transfer (automatic),Yes,No,No,Yes,No,2
-0.21871512695797646,0.6659919871476498,Month-to-month,DSL,Bank transfer (automatic),Yes,Yes,No,Yes,Yes,0
-1.2367242199587352,-0.6800635829869099,Month-to-month,DSL,Electronic check,Yes,No,No,No,No,2
-0.5444780367182193,-1.491020519067978,Month-to-month,No,Mailed check,No,No internet service,No internet service,No internet service,No internet service,1
0.3920903288424788,1.0066603721817051,Month-to-month,Fiber optic,Electronic check,Yes,No,No,Yes,No,2
1.369379058123207,0.8404806721650927,Two year,DSL,Credit card (automatic),Yes,Yes,Yes,Yes,Yes,0
0.025607055362205634,1.5002140812310438,Month-to-month,Fiber optic,Bank transfer (automatic),Yes,Yes,Yes,Yes,Yes,0
0.06632741908223598,0.30538203811160125,Month-to-month,Fiber optic,Credit card (automatic),Yes,No,No,No,No,2
0.025607055362205634,-0.33773340095268845,Month-to-month,DSL,Electronic check,Yes,Yes,No,Yes,Yes,0
-0.38159658183809786,-1.4860351280674797,One year,No,Mailed check,No,No internet service,No internet service,No internet service,No internet service,1
-0.015113308357824713,-1.4960059100684764,One year,No,Bank transfer (automatic),No,No internet service,No internet service,No internet service,No internet service,1
-0.8702409464784621,-1.4860351280674797,One year,No,Credit card (automatic),No,No internet service,No internet service,No internet service,No internet service,1
1.4915401492832983,1.1528985081963241,Month-to-month,Fiber optic,Credit card (automatic),Yes,No,No,Yes,Yes,2
1.4508197855632678,-0.29452667894836937,One year,DSL,Bank transfer (automatic),No,Yes,Yes,No,No,0
-0.5037576729981889,-1.4976677070686424,Two year,No,Mailed check,Yes,No internet service,No internet service,No internet service,No internet service,1
1.6137012404433893,-1.4943441130683104,Two year,No,Credit card (automatic),Yes,No internet service,No internet service,No internet service,No internet service,1
1.125056875803025,1.0182929511828682,One year,Fiber optic,Bank transfer (automatic),Yes,No,Yes,Yes,Yes,0
-0.015113308357824713,0.9701008381780505,Month-to-month,Fiber optic,Mailed check,Yes,No,No,Yes,No,2
-1.2774445836787656,-1.491020519067978,Month-to-month,No,Mailed check,Yes,No internet service,No internet service,No internet service,No internet service,1
-1.2774445836787656,-1.5009913010689746,Month-to-month,No,Mailed check,Yes,No internet service,No internet service,No internet service,No internet service,1
-1.1960038562387048,0.5513279941361872,Month-to-month,Fiber optic,Electronic check,Yes,No,No,No,No,2
0.5549717837226001,-1.3397969920528607,One year,No,Bank transfer (automatic),Yes,No internet service,No internet service,No internet service,No internet service,1
-0.13727439951791576,0.3386179781149237,Month-to-month,Fiber optic,Electronic check,Yes,No,No,No,No,2
0.758573602322752,0.750743634156122,Month-to-month,Fiber optic,Electronic check,Yes,Yes,No,No,Yes,2
0.6364125111626608,0.19570343610063723,Month-to-month,Fiber optic,Bank transfer (automatic),Yes,No,No,No,No,2
-0.6666391278783103,0.28211688010927544,Month-to-month,Fiber optic,Bank transfer (automatic),No,No,No,No,No,2
1.5322605130033284,1.1279715531938321,Two year,Fiber optic,Bank transfer (automatic),Yes,Yes,No,No,Yes,0
0.3106496014024181,-1.328164413051698,Two year,No,Mailed check,Yes,No internet service,No internet service,No internet service,No internet service,1
-0.4223169455581282,0.6161380771426661,Month-to-month,Fiber optic,Electronic check,No,No,No,No,No,2
-1.2774445836787656,0.3502505571160864,Month-to-month,Fiber optic,Bank transfer (automatic),Yes,No,No,No,Yes,2
-1.1145631287986442,-1.3447823830533592,Month-to-month,No,Mailed check,Yes,No internet service,No internet service,No internet service,No internet service,1
-1.0331224013585834,0.16911468409797886,Month-to-month,Fiber optic,Bank transfer (automatic),Yes,No,No,No,No,2
-0.13727439951791576,1.1894580421999785,One year,Fiber optic,Credit card (automatic),No,Yes,No,No,Yes,0
0.47353105628253944,-1.2982520670487077,One year,No,Mailed check,No,No internet service,No internet service,No internet service,No internet service,1
-0.9109613101984924,-0.7997129669988706,Month-to-month,DSL,Bank transfer (automatic),No,No,Yes,No,Yes,2
0.9214550572028734,-0.4357794239624898,Month-to-month,DSL,Bank transfer (automatic),No,No,No,No,No,2
0.7992939660427822,1.3406815692150957,One year,Fiber optic,Bank transfer (automatic),Yes,No,No,Yes,Yes,0
-0.9109613101984924,0.7042133181514708,Month-to-month,Fiber optic,Electronic check,No,No,No,No,No,2
-0.5851984004382496,0.36022133911708304,Month-to-month,Fiber optic,Bank transfer (automatic),Yes,No,No,No,No,2
1.4508197855632678,-0.21642221994056152,One year,DSL,Bank transfer (automatic),No,Yes,Yes,No,No,0
1.1657772395230555,-1.5076384890696393,Month-to-month,No,Mailed check,Yes,No internet service,No internet service,No internet service,No internet service,1
1.6137012404433893,0.014567563082529699,Two year,DSL,Credit card (automatic),Yes,Yes,Yes,Yes,Yes,0
-1.2367242199587352,-0.37595473195650925,Month-to-month,DSL,Electronic check,No,No,Yes,No,Yes,2
-0.8295205827584317,-0.6435040489832552,Month-to-month,DSL,Bank transfer (automatic),Yes,No,No,No,No,2
0.35136996512244845,-1.4960059100684764,Two year,No,Electronic check,Yes,No internet service,No internet service,No internet service,No internet service,1
-0.2594354906780068,-0.6750781919864114,Month-to-month,DSL,Credit card (automatic),Yes,Yes,No,Yes,Yes,0
0.14776814652229667,-1.4594463760648215,One year,No,Bank transfer (automatic),No,No internet service,No internet service,No internet service,No internet service,1
1.6137012404433893,1.638143232244832,Two year,Fiber optic,Credit card (automatic),Yes,Yes,Yes,Yes,Yes,0
0.10704778280226633,0.8338334841644282,Month-to-month,Fiber optic,Bank transfer (automatic),Yes,Yes,No,No,No,2
-1.2774445836787656,-0.3227772279511935,Month-to-month,DSL,Mailed check,No,Yes,No,No,Yes,2
-0.6666391278783103,1.6015836982411773,Month-to-month,Fiber optic,Electronic check,Yes,Yes,Yes,Yes,Yes,0
0.6771328748826912,1.222693982203301,Month-to-month,Fiber optic,Credit card (automatic),No,No,Yes,Yes,No,2
0.880734693482843,1.6580847962468257,One year,Fiber optic,Mailed check,Yes,Yes,Yes,Yes,Yes,0
-0.5851984004382496,0.001273187081200524,Month-to-month,DSL,Electronic check,No,No,Yes,No,No,2
0.14776814652229667,0.5197538511330312,Month-to-month,Fiber optic,Electronic check,No,No,No,No,No,2
1.125056875803025,1.3672703212177542,Month-to-month,Fiber optic,Electronic check,Yes,No,No,Yes,Yes,2
-1.2774445836787656,0.15914390209698223,Month-to-month,Fiber optic,Mailed check,No,No,No,No,No,2
0.7992939660427822,-1.3198554280508674,Two year,No,Bank transfer (automatic),Yes,No internet service,No internet service,No internet service,No internet service,1
-0.9924020376385531,0.9966895901807084,Month-to-month,Fiber optic,Electronic check,Yes,No,No,Yes,Yes,2
1.6137012404433893,1.3539759452164248,Two year,Fiber optic,Bank transfer (automatic),No,Yes,Yes,Yes,No,0
1.2879383306831464,-1.33148800705203,One year,No,Mailed check,No,No internet service,No internet service,No internet service,No internet service,1
-0.4223169455581282,0.1657910900976468,Month-to-month,DSL,Mailed check,Yes,Yes,Yes,No,Yes,2
1.125056875803025,-0.15161213693408263,Month-to-month,DSL,Bank transfer (automatic),Yes,Yes,No,Yes,Yes,0
-0.1779947632379461,0.5413572121351905,Month-to-month,Fiber optic,Electronic check,Yes,No,No,No,No,2
1.1657772395230555,-1.341458789053027,Two year,No,Mailed check,No,No internet service,No internet service,No internet service,No internet service,1
-0.3408762181180675,1.3091074262119398,Month-to-month,Fiber optic,Electronic check,Yes,No,No,Yes,Yes,2
-0.1779947632379461,0.9352031011745621,One year,Fiber optic,Bank transfer (automatic),No,Yes,No,Yes,Yes,0
-0.0965540357978854,0.53304822713436,Two year,DSL,Bank transfer (automatic),No,Yes,No,Yes,Yes,0
-1.2367242199587352,-1.4876969250676457,Month-to-month,No,Mailed check,No,No internet service,No internet service,No internet service,No internet service,1
-1.2774445836787656,0.3436033691154218,Month-to-month,Fiber optic,Electronic check,Yes,No,No,No,No,2
-1.0738427650786138,-1.4993295040688086,Month-to-month,No,Mailed check,No,No internet service,No internet service,No internet service,No internet service,1
-0.3408762181180675,0.15582030809665018,Month-to-month,DSL,Bank transfer (automatic),Yes,No,No,Yes,No,0
-1.1552834925186746,1.2093996062019723,Month-to-month,Fiber optic,Electronic check,No,No,No,Yes,Yes,2
-1.0331224013585834,1.1645310871974868,Month-to-month,Fiber optic,Electronic check,Yes,No,No,Yes,No,2
1.6137012404433893,1.7046151122514768,Two year,Fiber optic,Bank transfer (automatic),Yes,Yes,Yes,Yes,Yes,0
1.5322605130033284,-0.8213163280010305,Two year,DSL,Mailed check,Yes,Yes,No,No,No,0
1.2879383306831464,1.2409737492051283,Two year,Fiber optic,Electronic check,No,Yes,No,Yes,Yes,0
1.6137012404433893,0.82884809316393,One year,Fiber optic,Electronic check,Yes,No,No,Yes,No,0
0.47353105628253944,-1.491020519067978,Two year,No,Mailed check,No,No internet service,No internet service,No internet service,No internet service,1
-0.7888002190384014,-0.2928648819482031,Month-to-month,DSL,Electronic check,No,No,No,No,No,2
-0.62591876415828,-1.4660935640654862,One year,No,Mailed check,No,No internet service,No internet service,No internet service,No internet service,1
-1.2774445836787656,-0.3244390249513595,Month-to-month,DSL,Electronic check,Yes,No,No,No,No,2
-0.9516816739185228,0.17576187209864347,Month-to-month,DSL,Mailed check,Yes,No,No,Yes,Yes,2
-0.3408762181180675,-0.3709693409560109,Month-to-month,DSL,Mailed check,No,Yes,Yes,No,No,2
-1.2774445836787656,0.3303089931140931,Month-to-month,Fiber optic,Electronic check,Yes,No,No,No,No,2
-0.3408762181180675,0.5147684601325326,Month-to-month,Fiber optic,Electronic check,Yes,No,No,No,No,2
0.10704778280226633,0.37517751211857825,Month-to-month,DSL,Electronic check,Yes,Yes,No,Yes,No,2
-1.0331224013585834,0.36354493311741554,Month-to-month,DSL,Electronic check,Yes,Yes,Yes,Yes,Yes,0
-1.1145631287986442,1.0415581091851935,Month-to-month,Fiber optic,Electronic check,Yes,Yes,No,Yes,No,2
-0.7073594915983407,0.14086413509515497,Month-to-month,Fiber optic,Bank transfer (automatic),No,No,No,No,No,2
-0.8702409464784621,-1.4993295040688086,Two year,No,Mailed check,No,No internet service,No internet service,No internet service,No internet service,1
0.6364125111626608,-0.6468276429835875,Month-to-month,DSL,Bank transfer (automatic),Yes,No,Yes,No,Yes,2
-0.5037576729981889,0.5546515881365197,Month-to-month,Fiber optic,Electronic check,Yes,No,No,No,No,2
1.6137012404433893,1.4536837652263923,One year,Fiber optic,Bank transfer (automatic),Yes,Yes,No,Yes,Yes,0
-0.9924020376385531,0.6244470621434968,Month-to-month,Fiber optic,Electronic check,Yes,No,No,Yes,No,2
1.6137012404433893,0.6560212051466532,Two year,Fiber optic,Credit card (automatic),Yes,No,No,No,No,0
-0.7073594915983407,1.1761636661986499,Month-to-month,Fiber optic,Electronic check,Yes,No,No,Yes,No,2
1.6137012404433893,0.7922885591602751,Two year,DSL,Bank transfer (automatic),Yes,Yes,No,Yes,Yes,0
-1.318164947398796,-0.40586707795949967,Two year,DSL,Bank transfer (automatic),Yes,Yes,Yes,Yes,Yes,0
-1.2774445836787656,0.31867641411292996,Month-to-month,Fiber optic,Electronic check,Yes,No,No,No,No,2
1.247217966963116,1.330710787214099,Two year,Fiber optic,Bank transfer (automatic),Yes,No,No,Yes,Yes,0
-1.2367242199587352,-0.19149526493806968,Month-to-month,DSL,Electronic check,Yes,No,No,Yes,No,2
-1.2367242199587352,0.32033821111309646,Month-to-month,Fiber optic,Electronic check,Yes,No,Yes,No,No,2
1.1657772395230555,-0.023653767921291324,One year,DSL,Bank transfer (automatic),No,No,No,No,No,0
-1.2774445836787656,-1.4744025490663168,Month-to-month,No,Mailed check,No,No internet service,No internet service,No internet service,No internet service,1
-0.4223169455581282,-0.6983433499887373,One year,DSL,Bank transfer (automatic),Yes,No,No,No,Yes,0
-0.1779947632379461,-0.12834697893175703,Month-to-month,DSL,Mailed check,No,Yes,Yes,No,No,2
1.5322605130033284,-1.4943441130683104,Two year,No,Bank transfer (automatic),No,No internet service,No internet service,No internet service,No internet service,1
-1.1145631287986442,-1.2068532320395708,Month-to-month,DSL,Electronic check,No,No,No,No,No,2
-0.8295205827584317,1.1612074931971548,Month-to-month,Fiber optic,Bank transfer (automatic),Yes,No,Yes,No,Yes,2
0.06632741908223598,1.7112623002521414,One year,Fiber optic,Credit card (automatic),No,Yes,Yes,Yes,Yes,0
1.5729808767233588,0.5297246331340278,Two year,Fiber optic,Credit card (automatic),Yes,No,Yes,No,No,0
1.5322605130033284,0.014567563082529699,One year,DSL,Bank transfer (automatic),No,No,Yes,No,No,0
0.7992939660427822,0.641065032145158,Month-to-month,Fiber optic,Bank transfer (automatic),Yes,Yes,Yes,No,Yes,0
1.4915401492832983,0.4881797081298748,Two year,DSL,Credit card (automatic),Yes,Yes,Yes,Yes,Yes,0
-0.5037576729981889,0.9750862291785486,Month-to-month,Fiber optic,Electronic check,Yes,No,No,No,Yes,2
-0.8702409464784621,0.43998759512505714,Month-to-month,Fiber optic,Mailed check,Yes,No,No,No,Yes,2
-1.2367242199587352,0.9784098231788811,Month-to-month,Fiber optic,Electronic check,Yes,Yes,No,Yes,No,2
-1.0738427650786138,0.5230774451333633,Month-to-month,Fiber optic,Electronic check,Yes,Yes,No,No,No,2
-1.2774445836787656,-1.4926823160681442,Month-to-month,No,Mailed check,No,No internet service,No internet service,No internet service,No internet service,1
-0.5037576729981889,0.9817334171792131,One year,Fiber optic,Credit card (automatic),No,Yes,Yes,No,Yes,0
1.1657772395230555,1.3855500882195813,Month-to-month,Fiber optic,Electronic check,Yes,No,Yes,Yes,Yes,0
-1.1145631287986442,0.31867641411292996,Month-to-month,Fiber optic,Electronic check,Yes,No,No,No,No,2
0.9621754209229036,1.3523141482162588,Month-to-month,Fiber optic,Bank transfer (automatic),Yes,Yes,No,Yes,No,2
-0.0965540357978854,1.0049985751815391,Month-to-month,Fiber optic,Credit card (automatic),Yes,Yes,Yes,No,Yes,0
0.3106496014024181,1.330710787214099,Month-to-month,Fiber optic,Bank transfer (automatic),No,Yes,No,Yes,Yes,0
-0.1779947632379461,-0.3477041829536853,One year,DSL,Mailed check,No,Yes,Yes,No,No,0
-1.1145631287986442,0.17576187209864347,Month-to-month,Fiber optic,Electronic check,No,No,No,No,No,2
-0.21871512695797646,0.3469269631157543,Month-to-month,Fiber optic,Bank transfer (automatic),Yes,No,Yes,No,No,2
-0.8295205827584317,-1.4860351280674797,Month-to-month,No,Credit card (automatic),No,No internet service,No internet service,No internet service,No internet service,1
1.4100994218432374,1.3506523512160928,One year,Fiber optic,Electronic check,Yes,No,No,Yes,Yes,0
-0.13727439951791576,-0.43744122096265586,Month-to-month,DSL,Electronic check,Yes,No,No,No,No,2
0.9214550572028734,0.6892571451499756,Month-to-month,Fiber optic,Bank transfer (automatic),No,No,No,No,No,2
-0.38159658183809786,0.36022133911708304,Month-to-month,Fiber optic,Bank transfer (automatic),No,No,No,No,No,2
0.06632741908223598,1.1728400721983174,Month-to-month,Fiber optic,Electronic check,Yes,No,No,Yes,Yes,2
0.7992939660427822,0.8803638001690798,One year,Fiber optic,Electronic check,No,No,Yes,Yes,Yes,0
1.6137012404433893,1.6946443302504801,Two year,Fiber optic,Credit card (automatic),Yes,Yes,Yes,Yes,Yes,0
1.0436161483629645,0.9950277931805424,One year,Fiber optic,Credit card (automatic),Yes,Yes,No,Yes,No,0
0.10704778280226633,-1.5009913010689746,Two year,No,Mailed check,No,No internet service,No internet service,No internet service,No internet service,1
0.9621754209229036,1.1678546811978192,Two year,Fiber optic,Bank transfer (automatic),Yes,Yes,No,Yes,Yes,0
-0.3408762181180675,-1.451137391063991,Two year,No,Credit card (automatic),Yes,No internet service,No internet service,No internet service,No internet service,1
1.5322605130033284,-1.4860351280674797,Two year,No,Credit card (automatic),No,No internet service,No internet service,No internet service,No internet service,1
-1.2367242199587352,0.5047976781315361,Month-to-month,Fiber optic,Electronic check,Yes,No,No,Yes,No,2
1.4508197855632678,1.4088152462219072,One year,Fiber optic,Credit card (automatic),Yes,Yes,No,Yes,Yes,0
-1.2774445836787656,0.6726391751483144,Month-to-month,Fiber optic,Electronic check,Yes,No,No,No,No,2
-0.8295205827584317,0.8238627021634315,Month-to-month,Fiber optic,Electronic check,Yes,No,No,Yes,Yes,2
1.247217966963116,0.5579751821368518,Month-to-month,Fiber optic,Bank transfer (automatic),Yes,No,No,No,No,2
0.025607055362205634,-0.20977503193989694,One year,DSL,Mailed check,Yes,No,Yes,No,Yes,0
1.4915401492832983,1.0266019361836989,One year,Fiber optic,Credit card (automatic),Yes,No,No,Yes,No,0
1.125056875803025,0.5264010391336954,Two year,DSL,Bank transfer (automatic),Yes,Yes,No,Yes,Yes,0
1.6137012404433893,1.6065690892416755,Two year,Fiber optic,Bank transfer (automatic),Yes,Yes,Yes,Yes,Yes,0
-0.8702409464784621,-0.1931570619382357,Month-to-month,DSL,Mailed check,Yes,No,No,No,No,2
-1.2774445836787656,-1.502653098069141,Month-to-month,No,Mailed check,No,No internet service,No internet service,No internet service,No internet service,1
-0.9109613101984924,0.7075369121518029,Month-to-month,Fiber optic,Bank transfer (automatic),Yes,No,No,Yes,No,2
-0.7888002190384014,-0.6385186579827569,Month-to-month,DSL,Credit card (automatic),Yes,Yes,Yes,Yes,No,0
0.06632741908223598,0.47156173812821356,One year,Fiber optic,Bank transfer (automatic),Yes,No,No,No,No,0
0.26992923768238775,0.7158458971526335,Month-to-month,Fiber optic,Mailed check,Yes,No,No,Yes,No,2
1.3286586944031769,1.3390197722149297,One year,Fiber optic,Bank transfer (automatic),Yes,Yes,No,Yes,No,0
0.7178532386027215,1.2343265612044643,One year,Fiber optic,Bank transfer (automatic),Yes,No,Yes,Yes,Yes,0
-0.7073594915983407,-1.4960059100684764,Month-to-month,No,Mailed check,No,No internet service,No internet service,No internet service,No internet service,1
1.6137012404433893,1.5135084572323727,Two year,Fiber optic,Bank transfer (automatic),Yes,No,Yes,Yes,Yes,0
1.6137012404433893,1.6896589392499817,Two year,Fiber optic,Bank transfer (automatic),Yes,Yes,Yes,Yes,Yes,0
0.9214550572028734,-1.5093002860698053,Two year,No,Bank transfer (automatic),No,No internet service,No internet service,No internet service,No internet service,1
-0.38159658183809786,-1.3015756610490399,Two year,No,Credit card (automatic),Yes,No internet service,No internet service,No internet service,No internet service,1
-0.015113308357824713,0.5180920541328647,Month-to-month,Fiber optic,Bank transfer (automatic),Yes,No,No,No,No,2
0.9621754209229036,0.13255515009432434,One year,DSL,Bank transfer (automatic),Yes,No,Yes,No,Yes,0
-1.2774445836787656,-1.491020519067978,Month-to-month,No,Bank transfer (automatic),No,No internet service,No internet service,No internet service,No internet service,1
0.22920887396235737,0.19404163910047073,One year,DSL,Mailed check,No,Yes,Yes,Yes,No,0
-0.8702409464784621,0.18074726309914202,Month-to-month,Fiber optic,Electronic check,No,No,No,No,No,2
-1.2774445836787656,-0.5138838829702976,Month-to-month,DSL,Electronic check,Yes,Yes,No,No,No,2
0.9621754209229036,1.4121388402222392,One year,Fiber optic,Electronic check,Yes,Yes,No,Yes,No,0
-1.1960038562387048,-1.368047541055685,Month-to-month,No,Mailed check,Yes,No internet service,No internet service,No internet service,No internet service,1
-1.0331224013585834,0.16412929309748078,Month-to-month,DSL,Credit card (automatic),No,No,Yes,Yes,No,2
1.0843365120829946,1.15456030519649,Two year,Fiber optic,Credit card (automatic),Yes,No,No,Yes,Yes,0
-1.0331224013585834,-0.015344782920460707,Month-to-month,DSL,Bank transfer (automatic),No,Yes,No,Yes,Yes,0
1.5729808767233588,0.20235062410130134,Two year,DSL,Credit card (automatic),Yes,Yes,Yes,No,Yes,0
-0.7073594915983407,1.2343265612044643,One year,Fiber optic,Electronic check,No,Yes,Yes,Yes,No,0
1.5729808767233588,0.29042586511010604,Two year,DSL,Credit card (automatic),No,Yes,Yes,Yes,No,0
0.10704778280226633,1.1794872601989819,Month-to-month,Fiber optic,Electronic check,Yes,No,No,Yes,Yes,2
-0.8702409464784621,-0.8096837489998675,One year,DSL,Credit card (automatic),Yes,Yes,No,No,Yes,0
1.125056875803025,-1.5126238800701375,Two year,No,Credit card (automatic),Yes,No internet service,No internet service,No internet service,No internet service,1
0.5956921474426305,-0.17155370093607614,Two year,DSL,Bank transfer (automatic),No,Yes,No,No,No,0
-0.8702409464784621,0.004596781081533054,One year,DSL,Credit card (automatic),No,Yes,No,No,Yes,0
0.9621754209229036,1.1811490571991479,One year,Fiber optic,Credit card (automatic),No,No,No,Yes,No,0
-0.1779947632379461,1.5317882242341998,Month-to-month,Fiber optic,Electronic check,Yes,Yes,No,Yes,Yes,2
1.1657772395230555,0.5413572121351905,Two year,DSL,Mailed check,Yes,Yes,Yes,Yes,No,0
-0.055833672077855064,1.1063681921916724,One year,Fiber optic,Bank transfer (automatic),No,No,Yes,Yes,Yes,0
-0.9516816739185228,0.19071804510013865,Month-to-month,Fiber optic,Electronic check,Yes,No,No,No,No,2
0.10704778280226633,0.9900424021800438,Month-to-month,Fiber optic,Electronic check,Yes,No,Yes,No,No,2
-1.2367242199587352,-1.4993295040688086,Month-to-month,No,Mailed check,Yes,No internet service,No internet service,No internet service,No internet service,1
-0.8295205827584317,-1.5209328650709681,Month-to-month,No,Mailed check,No,No internet service,No internet service,No internet service,No internet service,1
-1.2774445836787656,0.3502505571160864,Month-to-month,Fiber optic,Mailed check,No,No,Yes,No,No,2
-1.1552834925186746,0.8122301231622688,Month-to-month,Fiber optic,Electronic check,Yes,No,No,Yes,Yes,2
-1.2774445836787656,-1.5209328650709681,Month-to-month,No,Mailed check,Yes,No internet service,No internet service,No internet service,No internet service,1
-1.1960038562387048,-1.4876969250676457,Month-to-month,No,Mailed check,Yes,No internet service,No internet service,No internet service,No internet service,1
-1.2774445836787656,0.6959043331506402,Month-to-month,Fiber optic,Electronic check,Yes,No,No,Yes,No,2
0.7992939660427822,-0.0502425199239492,Two year,DSL,Credit card (automatic),Yes,No,Yes,Yes,No,0
-1.1145631287986442,-1.4843733310673135,One year,No,Mailed check,No,No internet service,No internet service,No internet service,No internet service,1
1.6137012404433893,1.1429277261953275,Two year,Fiber optic,Electronic check,Yes,No,Yes,No,Yes,0
1.5729808767233588,0.8521132511662559,Two year,DSL,Electronic check,No,Yes,Yes,Yes,Yes,0
1.6137012404433893,1.5666859612376889,Two year,Fiber optic,Credit card (automatic),Yes,Yes,Yes,Yes,Yes,0
0.5549717837226001,-1.3248408190513656,One year,No,Electronic check,No,No internet service,No internet service,No internet service,No internet service,1
1.247217966963116,0.6227852651433307,Two year,DSL,Credit card (automatic),No,No,Yes,Yes,Yes,0
-0.0965540357978854,0.6493740171459885,Month-to-month,Fiber optic,Credit card (automatic),Yes,No,Yes,No,Yes,2
-1.2774445836787656,-0.6368568609825906,Month-to-month,DSL,Mailed check,No,No,No,No,No,2
-0.8295205827584317,-0.10342002392926519,Month-to-month,DSL,Mailed check,Yes,Yes,Yes,No,Yes,2
-0.6666391278783103,-0.32942441595185784,Two year,DSL,Mailed check,No,Yes,Yes,Yes,Yes,0
-1.1552834925186746,0.02620014208369237,Month-to-month,DSL,Mailed check,No,Yes,No,No,No,2
0.758573602322752,0.8504514541660894,One year,Fiber optic,Credit card (automatic),Yes,No,No,No,No,0
1.3286586944031769,-1.4744025490663168,Two year,No,Credit card (automatic),Yes,No internet service,No internet service,No internet service,No internet service,1
-0.6666391278783103,0.32532360211359457,Month-to-month,Fiber optic,Credit card (automatic),Yes,Yes,No,No,No,2
-1.2367242199587352,-1.4893587220678117,One year,No,Mailed check,No,No internet service,No internet service,No internet service,No internet service,1
1.369379058123207,0.3153528201125979,One year,Fiber optic,Bank transfer (automatic),Yes,No,No,No,No,0
0.5549717837226001,1.4586691562268908,Two year,Fiber optic,Electronic check,No,Yes,No,Yes,Yes,0
-0.015113308357824713,1.4885815022298807,One year,Fiber optic,Bank transfer (automatic),Yes,Yes,Yes,Yes,Yes,0
1.6137012404433893,0.7274784761537967,Two year,DSL,Credit card (automatic),No,Yes,Yes,Yes,Yes,0
0.22920887396235737,0.5396954151350245,Two year,DSL,Credit card (automatic),No,Yes,Yes,Yes,Yes,0
0.758573602322752,-0.562075995975115,One year,DSL,Credit card (automatic),No,Yes,No,No,No,0
1.6137012404433893,1.654761202246493,Two year,Fiber optic,Bank transfer (automatic),No,Yes,Yes,Yes,Yes,0
1.3286586944031769,1.3456669602155942,Month-to-month,Fiber optic,Bank transfer (automatic),No,No,Yes,Yes,Yes,0
-0.9516816739185228,-1.156999322034587,Month-to-month,DSL,Electronic check,Yes,No,No,No,No,2
-0.9516816739185228,0.00792037508186511,Month-to-month,DSL,Mailed check,No,Yes,Yes,No,Yes,2
1.369379058123207,-1.4694171580658184,Two year,No,Mailed check,No,No internet service,No internet service,No internet service,No internet service,1
0.47353105628253944,1.4968904872307114,One year,Fiber optic,Credit card (automatic),Yes,No,Yes,Yes,Yes,0
0.7178532386027215,0.1574821050968162,Two year,DSL,Bank transfer (automatic),No,Yes,No,No,Yes,0
-0.7073594915983407,-0.5288400559717926,Month-to-month,DSL,Mailed check,No,No,No,No,No,2
-0.9924020376385531,-1.3132082400502028,Month-to-month,DSL,Credit card (automatic),Yes,No,No,No,No,2
1.369379058123207,1.2659007042076202,One year,Fiber optic,Credit card (automatic),Yes,Yes,No,Yes,Yes,0
1.002895784642934,0.7573908221567865,Month-to-month,Fiber optic,Bank transfer (automatic),Yes,Yes,Yes,No,No,0
-1.0331224013585834,0.4582673621268844,Month-to-month,Fiber optic,Bank transfer (automatic),Yes,No,No,No,No,2
-0.9109613101984924,-1.004113998019304,Month-to-month,DSL,Bank transfer (automatic),Yes,No,No,No,No,2
1.2064976032430856,0.9069525521717376,One year,Fiber optic,Electronic check,Yes,No,Yes,No,Yes,0
0.3106496014024181,0.6743009721484804,One year,Fiber optic,Electronic check,Yes,No,No,Yes,Yes,0
-0.5037576729981889,-1.4976677070686424,Two year,No,Mailed check,No,No internet service,No internet service,No internet service,No internet service,1
-1.0331224013585834,-1.4876969250676457,Month-to-month,No,Bank transfer (automatic),No,No internet service,No internet service,No internet service,No internet service,1
-0.30015585439803716,1.0099839661820376,Month-to-month,Fiber optic,Electronic check,Yes,Yes,No,Yes,No,2
-0.38159658183809786,0.6477122201458225,Month-to-month,Fiber optic,Electronic check,No,No,No,No,Yes,2
1.369379058123207,1.3240635992134344,One year,Fiber optic,Credit card (automatic),No,No,No,Yes,Yes,0
1.6137012404433893,1.5583769762368582,Two year,Fiber optic,Electronic check,No,Yes,No,Yes,Yes,0
0.6771328748826912,0.8404806721650927,Month-to-month,Fiber optic,Credit card (automatic),No,No,No,No,No,2
0.43281069256250915,1.5284646302338678,Month-to-month,Fiber optic,Bank transfer (automatic),Yes,Yes,No,Yes,Yes,2
0.5549717837226001,-0.3244390249513595,Month-to-month,DSL,Bank transfer (automatic),No,No,Yes,No,No,2
1.6137012404433893,0.8338334841644282,Two year,DSL,Credit card (automatic),No,Yes,Yes,Yes,Yes,0
-0.9109613101984924,-1.4760643460664828,One year,No,Mailed check,No,No internet service,No internet service,No internet service,No internet service,1
0.3106496014024181,-0.3393951979528547,One year,DSL,Bank transfer (automatic),Yes,Yes,Yes,Yes,No,0
1.3286586944031769,1.3539759452164248,Month-to-month,Fiber optic,Electronic check,Yes,No,No,Yes,Yes,2
-0.055833672077855064,1.1528985081963241,Two year,Fiber optic,Bank transfer (automatic),No,Yes,No,Yes,Yes,0
1.4508197855632678,0.20401242110146783,Two year,DSL,Credit card (automatic),No,Yes,Yes,No,Yes,0
0.9621754209229036,1.3224018022132684,One year,Fiber optic,Bank transfer (automatic),Yes,No,Yes,Yes,Yes,0
-0.9109613101984924,0.6809481601491449,Month-to-month,Fiber optic,Electronic check,Yes,No,No,No,No,2
1.4508197855632678,-1.3082228490497045,Two year,No,Bank transfer (automatic),No,No internet service,No internet service,No internet service,No internet service,1
0.43281069256250915,-0.28621769394753876,Month-to-month,DSL,Electronic check,No,No,No,Yes,No,2
-1.2774445836787656,0.8238627021634315,Month-to-month,Fiber optic,Electronic check,Yes,No,No,Yes,No,2
0.6771328748826912,0.8338334841644282,One year,Fiber optic,Bank transfer (automatic),Yes,No,No,No,Yes,0
-0.7073594915983407,-1.3132082400502028,Month-to-month,No,Electronic check,Yes,No internet service,No internet service,No internet service,No internet service,1
-0.5037576729981889,0.9900424021800438,Month-to-month,Fiber optic,Electronic check,Yes,No,No,Yes,No,2
-1.2774445836787656,-0.6335332669822583,Month-to-month,DSL,Mailed check,Yes,No,No,No,No,2
0.7178532386027215,0.16246749609731476,One year,DSL,Electronic check,Yes,Yes,No,Yes,Yes,0
-1.2367242199587352,0.8222009051632655,Month-to-month,Fiber optic,Electronic check,No,No,No,No,No,2
-0.3408762181180675,0.17410007509847744,Month-to-month,Fiber optic,Credit card (automatic),No,No,No,No,No,2
-1.1960038562387048,0.15914390209698223,Month-to-month,Fiber optic,Bank transfer (automatic),Yes,No,No,No,No,2
-1.2774445836787656,0.32698539911376057,Month-to-month,Fiber optic,Mailed check,Yes,No,No,No,Yes,2
0.10704778280226633,-1.4843733310673135,Two year,No,Mailed check,No,No internet service,No internet service,No internet service,No internet service,1
-0.62591876415828,-1.328164413051698,Month-to-month,No,Mailed check,No,No internet service,No internet service,No internet service,No internet service,1
-0.9924020376385531,-1.4993295040688086,Month-to-month,No,Electronic check,No,No internet service,No internet service,No internet service,No internet service,1
-0.9109613101984924,1.0083221691818711,Month-to-month,Fiber optic,Credit card (automatic),Yes,Yes,No,Yes,No,2
1.4508197855632678,0.8005975441611056,Two year,DSL,Credit card (automatic),Yes,Yes,Yes,Yes,Yes,0
0.5142514200025698,0.466576347127715,One year,DSL,Bank transfer (automatic),No,No,Yes,Yes,Yes,0
-1.2367242199587352,-1.4926823160681442,One year,No,Mailed check,No,No internet service,No internet service,No internet service,No internet service,1
0.18848851024232702,-1.4760643460664828,Month-to-month,No,Bank transfer (automatic),No,No internet service,No internet service,No internet service,No internet service,1
-1.1552834925186746,-1.3464441800535252,Month-to-month,DSL,Mailed check,Yes,No,No,No,No,2
-0.9109613101984924,-0.6484894399837535,Month-to-month,DSL,Mailed check,No,No,No,No,No,2
-1.2774445836787656,-1.4860351280674797,Month-to-month,No,Mailed check,No,No internet service,No internet service,No internet service,No internet service,1
1.3286586944031769,0.15914390209698223,Two year,DSL,Mailed check,Yes,No,Yes,No,No,0
1.002895784642934,-1.504314895069307,Two year,No,Bank transfer (automatic),No,No internet service,No internet service,No internet service,No internet service,1
-1.1960038562387048,0.3319707901142591,Month-to-month,Fiber optic,Mailed check,Yes,No,No,No,Yes,2
-1.2367242199587352,0.16246749609731476,Month-to-month,Fiber optic,Electronic check,No,No,No,No,No,2
0.6771328748826912,-1.1486903370337564,Month-to-month,DSL,Bank transfer (automatic),Yes,No,No,No,Yes,2
-1.1552834925186746,-0.6351950639824246,Month-to-month,DSL,Mailed check,No,No,No,No,No,2
1.5322605130033284,-0.23137839294205673,Two year,DSL,Bank transfer (automatic),No,Yes,No,Yes,Yes,0
0.8400143297628127,-1.4926823160681442,One year,No,Bank transfer (automatic),Yes,No internet service,No internet service,No internet service,No internet service,1
0.8400143297628127,-1.303237458049206,Two year,No,Credit card (automatic),No,No internet service,No internet service,No internet service,No internet service,1
-1.2774445836787656,0.3419415721152558,Month-to-month,Fiber optic,Mailed check,Yes,No,No,No,No,2
-0.4223169455581282,-1.3265026160515319,Month-to-month,No,Credit card (automatic),Yes,No internet service,No internet service,No internet service,No internet service,1
0.7992939660427822,-0.518869273970796,Month-to-month,DSL,Electronic check,Yes,No,No,Yes,No,2
1.3286586944031769,1.5151702542325387,Two year,Fiber optic,Electronic check,Yes,Yes,Yes,Yes,Yes,0
0.6364125111626608,-1.3364733980525287,One year,No,Bank transfer (automatic),No,No internet service,No internet service,No internet service,No internet service,1
-1.2367242199587352,-0.9991286070188055,Month-to-month,DSL,Electronic check,Yes,No,No,No,No,2
-1.1960038562387048,1.435403998224565,Month-to-month,Fiber optic,Mailed check,No,No,No,Yes,Yes,2
0.5142514200025698,0.5529897911363537,Month-to-month,Fiber optic,Bank transfer (automatic),No,No,No,No,No,2
-1.2774445836787656,0.5064594751317021,Month-to-month,Fiber optic,Electronic check,No,No,No,No,No,2
1.1657772395230555,0.3003966471111027,Two year,DSL,Bank transfer (automatic),Yes,Yes,No,Yes,Yes,0
-1.1960038562387048,-0.012021188920128179,Month-to-month,DSL,Credit card (automatic),Yes,Yes,Yes,Yes,No,0
0.3106496014024181,1.2958130502106107,One year,Fiber optic,Credit card (automatic),Yes,Yes,No,Yes,Yes,0
-1.2774445836787656,0.21065960910213194,Month-to-month,Fiber optic,Mailed check,No,No,No,No,No,2
-1.2774445836787656,-0.49394231896830415,Month-to-month,DSL,Electronic check,Yes,Yes,No,No,No,2
0.758573602322752,-1.3348116010523623,One year,No,Bank transfer (automatic),Yes,No internet service,No internet service,No internet service,No internet service,1
-1.2367242199587352,-0.5155456799704636,Month-to-month,DSL,Electronic check,Yes,No,Yes,No,No,2
0.7992939660427822,-1.152013931034089,One year,DSL,Mailed check,No,No,No,No,No,0
0.758573602322752,0.6194616711429987,Month-to-month,Fiber optic,Bank transfer (automatic),No,No,No,No,No,2
-1.2774445836787656,-1.4727407520661506,Month-to-month,No,Mailed check,Yes,No internet service,No internet service,No internet service,No internet service,1
-0.055833672077855064,0.3485887601159204,One year,DSL,Bank transfer (automatic),Yes,Yes,Yes,No,No,0
0.5956921474426305,-1.4694171580658184,One year,No,Credit card (automatic),No,No internet service,No internet service,No internet service,No internet service,1
-1.1960038562387048,0.3436033691154218,Month-to-month,Fiber optic,Credit card (automatic),Yes,No,No,No,No,2
-0.4223169455581282,-1.4860351280674797,One year,No,Mailed check,Yes,No internet service,No internet service,No internet service,No internet service,1
-1.2774445836787656,-1.4660935640654862,Month-to-month,No,Mailed check,Yes,No internet service,No internet service,No internet service,No internet service,1
1.6137012404433893,0.677624566148813,Two year,DSL,Bank transfer (automatic),Yes,Yes,No,Yes,Yes,0
-1.1960038562387048,-0.4856333339674735,Month-to-month,DSL,Electronic check,Yes,No,No,No,Yes,2
0.5956921474426305,0.6709773781481484,One year,Fiber optic,Bank transfer (automatic),Yes,No,No,Yes,No,0
1.6137012404433893,0.05777428508684881,Two year,DSL,Credit card (automatic),Yes,Yes,Yes,No,Yes,0
1.369379058123207,-0.04858072292378317,Two year,DSL,Bank transfer (automatic),Yes,No,No,Yes,Yes,0
0.10704778280226633,0.611152686142168,Month-to-month,Fiber optic,Electronic check,No,No,No,Yes,No,2
-0.13727439951791576,0.6693155811479823,Month-to-month,Fiber optic,Electronic check,Yes,No,No,No,No,2
-1.2367242199587352,-1.4694171580658184,Month-to-month,No,Mailed check,Yes,No internet service,No internet service,No internet service,No internet service,1
-1.1552834925186746,-0.5155456799704636,Month-to-month,DSL,Mailed check,No,No,No,No,No,2
-0.30015585439803716,0.5014740841312035,Month-to-month,Fiber optic,Bank transfer (automatic),Yes,No,Yes,No,No,2
1.3286586944031769,-0.17155370093607614,Two year,DSL,Mailed check,Yes,Yes,Yes,No,No,0
-0.21871512695797646,1.325725396213601,One year,Fiber optic,Bank transfer (automatic),Yes,Yes,No,Yes,No,0
-0.13727439951791576,0.3502505571160864,Month-to-month,Fiber optic,Credit card (automatic),Yes,No,No,No,Yes,2
-0.13727439951791576,0.5097830691320341,Month-to-month,DSL,Credit card (automatic),No,No,No,Yes,Yes,2
-1.2774445836787656,-1.502653098069141,Month-to-month,No,Mailed check,No,No internet service,No internet service,No internet service,No internet service,1
-0.5037576729981889,0.5396954151350245,Month-to-month,Fiber optic,Mailed check,Yes,Yes,No,No,Yes,2
1.0436161483629645,-1.33148800705203,Two year,No,Credit card (automatic),Yes,No internet service,No internet service,No internet service,No internet service,1
-0.748079855318371,0.7058751151516368,Month-to-month,Fiber optic,Mailed check,Yes,Yes,Yes,No,No,2
1.6137012404433893,-1.3082228490497045,Two year,No,Mailed check,No,No internet service,No internet service,No internet service,No internet service,1
0.5549717837226001,0.8105683261621028,Month-to-month,Fiber optic,Credit card (automatic),Yes,No,Yes,Yes,No,2
1.5729808767233588,-0.21642221994056152,Two year,DSL,Bank transfer (automatic),No,Yes,No,Yes,Yes,0
-0.015113308357824713,0.6942425361504742,Month-to-month,Fiber optic,Bank transfer (automatic),Yes,No,No,No,No,2
-0.2594354906780068,-0.47898614596680894,Month-to-month,DSL,Credit card (automatic),Yes,No,No,Yes,Yes,2
1.4508197855632678,0.5180920541328647,Month-to-month,Fiber optic,Credit card (automatic),Yes,No,No,No,Yes,2
-1.2367242199587352,-1.481049737066981,One year,No,Mailed check,No,No internet service,No internet service,No internet service,No internet service,1
1.1657772395230555,-1.4694171580658184,Two year,No,Credit card (automatic),No,No internet service,No internet service,No internet service,No internet service,1
-1.1552834925186746,0.7042133181514708,Month-to-month,Fiber optic,Electronic check,Yes,No,No,No,No,2
-1.1960038562387048,-0.6451658459834212,Month-to-month,DSL,Electronic check,Yes,No,No,No,No,2
0.025607055362205634,0.9883806051798778,Month-to-month,Fiber optic,Electronic check,Yes,No,No,Yes,No,2
-0.9516816739185228,-1.4461520000634926,Month-to-month,No,Mailed check,Yes,No internet service,No internet service,No internet service,No internet service,1
-0.4223169455581282,-1.2799723000468803,Two year,No,Mailed check,No,No internet service,No internet service,No internet service,No internet service,1
-1.1145631287986442,0.534710024134526,Month-to-month,Fiber optic,Electronic check,Yes,No,No,Yes,No,2
-0.0965540357978854,0.895319973170575,Month-to-month,Fiber optic,Credit card (automatic),No,No,Yes,No,Yes,2
1.3286586944031769,0.31369102311243185,Two year,DSL,Credit card (automatic),Yes,Yes,No,No,Yes,0
0.5142514200025698,0.7474200401557899,Month-to-month,Fiber optic,Electronic check,Yes,Yes,No,No,Yes,2
-1.1145631287986442,-1.4760643460664828,Month-to-month,No,Mailed check,No,No internet service,No internet service,No internet service,No internet service,1
-0.30015585439803716,0.356897745116751,Month-to-month,Fiber optic,Electronic check,Yes,No,No,No,No,2
1.6137012404433893,0.4748853321285456,Two year,Fiber optic,Bank transfer (automatic),No,No,Yes,No,No,0
-0.21871512695797646,0.8438042661654253,Month-to-month,Fiber optic,Bank transfer (automatic),No,No,No,No,Yes,0
-0.015113308357824713,-0.47067716096597834,Month-to-month,DSL,Credit card (automatic),No,No,No,Yes,Yes,2
-0.0965540357978854,1.5184938482328711,One year,Fiber optic,Credit card (automatic),No,Yes,No,Yes,Yes,0
1.5322605130033284,1.2044142152014738,Two year,Fiber optic,Credit card (automatic),No,Yes,Yes,No,Yes,0
0.3920903288424788,0.48485611412954227,Month-to-month,Fiber optic,Bank transfer (automatic),Yes,No,No,No,No,2
1.6137012404433893,0.8338334841644282,Two year,DSL,Bank transfer (automatic),Yes,Yes,Yes,Yes,Yes,0
0.5956921474426305,0.00792037508186511,Two year,DSL,Mailed check,Yes,Yes,Yes,No,Yes,0
-1.2367242199587352,0.5214156481331973,Month-to-month,Fiber optic,Electronic check,Yes,No,Yes,No,Yes,2
-0.9109613101984924,1.1229861621933337,Month-to-month,Fiber optic,Electronic check,No,No,Yes,Yes,No,2
1.1657772395230555,-1.3514295710540236,Two year,No,Mailed check,Yes,No internet service,No internet service,No internet service,No internet service,1
-1.1145631287986442,-0.6883725679877406,Month-to-month,DSL,Credit card (automatic),Yes,No,No,No,No,2
1.6137012404433893,1.5301264272340338,Two year,Fiber optic,Credit card (automatic),Yes,Yes,No,Yes,Yes,0
1.6137012404433893,1.6680555782478224,Two year,Fiber optic,Bank transfer (automatic),Yes,Yes,Yes,Yes,Yes,0
-1.1960038562387048,0.3419415721152558,Month-to-month,Fiber optic,Mailed check,No,No,No,No,Yes,0
0.6364125111626608,-1.5126238800701375,Two year,No,Mailed check,No,No internet service,No internet service,No internet service,No internet service,1
1.247217966963116,0.8404806721650927,One year,Fiber optic,Credit card (automatic),Yes,Yes,No,Yes,Yes,0
-0.21871512695797646,-0.2679379269457112,Month-to-month,DSL,Mailed check,Yes,No,Yes,No,No,2
1.5322605130033284,0.5114448661322006,Two year,DSL,Credit card (automatic),Yes,No,Yes,Yes,Yes,0
-1.0331224013585834,0.21896859410296257,Month-to-month,DSL,Credit card (automatic),Yes,Yes,Yes,No,Yes,2
-1.318164947398796,-1.479387940066815,Two year,No,Mailed check,No,No internet service,No internet service,No internet service,No internet service,1
-1.2367242199587352,0.8504514541660894,Month-to-month,Fiber optic,Electronic check,No,No,Yes,Yes,No,2
-0.5037576729981889,1.1229861621933337,Month-to-month,Fiber optic,Electronic check,Yes,No,No,Yes,Yes,2
1.369379058123207,-1.4976677070686424,Two year,No,Bank transfer (automatic),No,No internet service,No internet service,No internet service,No internet service,1
-1.1960038562387048,-1.4926823160681442,Month-to-month,No,Mailed check,No,No internet service,No internet service,No internet service,No internet service,1
-0.7073594915983407,0.7025515211513048,Month-to-month,Fiber optic,Bank transfer (automatic),Yes,No,No,No,No,2
1.6137012404433893,0.8504514541660894,Two year,Fiber optic,Bank transfer (automatic),Yes,Yes,Yes,No,No,0
-1.2774445836787656,-1.461108173064988,Month-to-month,No,Mailed check,No,No internet service,No internet service,No internet service,No internet service,1
-0.4223169455581282,0.8138919201624348,Month-to-month,Fiber optic,Electronic check,No,No,No,Yes,No,2
-1.1960038562387048,0.18407085709947407,Month-to-month,Fiber optic,Electronic check,Yes,No,No,No,No,2
1.6137012404433893,0.06940686408801149,Two year,DSL,Bank transfer (automatic),No,Yes,Yes,No,Yes,0
1.3286586944031769,-1.491020519067978,Two year,No,Mailed check,No,No internet service,No internet service,No internet service,No internet service,1
-0.8702409464784621,-0.9625690730151509,Month-to-month,DSL,Mailed check,Yes,No,No,Yes,No,2
-0.4223169455581282,0.46823814412788106,Month-to-month,Fiber optic,Mailed check,Yes,No,No,No,No,2
-0.748079855318371,-1.4744025490663168,One year,No,Bank transfer (automatic),No,No internet service,No internet service,No internet service,No internet service,1
0.35136996512244845,0.3153528201125979,Month-to-month,Fiber optic,Electronic check,Yes,Yes,No,No,No,2
-0.62591876415828,0.001273187081200524,One year,DSL,Mailed check,No,No,Yes,No,No,0
-0.8702409464784621,-1.4727407520661506,Month-to-month,No,Credit card (automatic),Yes,No internet service,No internet service,No internet service,No internet service,1
-0.7073594915983407,0.9501592741760567,Month-to-month,Fiber optic,Electronic check,Yes,No,No,Yes,No,2
-1.2774445836787656,-1.491020519067978,Month-to-month,No,Mailed check,No,No internet service,No internet service,No internet service,No internet service,1
-1.1145631287986442,0.8022593411612722,Month-to-month,Fiber optic,Mailed check,Yes,No,Yes,No,Yes,2
0.025607055362205634,1.0315873271841969,One year,Fiber optic,Electronic check,Yes,No,No,Yes,Yes,0
1.6137012404433893,1.5251410362335358,Two year,Fiber optic,Credit card (automatic),Yes,No,Yes,Yes,Yes,0
-1.1960038562387048,-0.8130073430001998,Month-to-month,DSL,Mailed check,No,No,No,No,No,2
-1.2367242199587352,0.572931355138347,Month-to-month,Fiber optic,Electronic check,Yes,No,No,No,No,2
1.0843365120829946,1.4038298552214086,One year,Fiber optic,Credit card (automatic),Yes,Yes,Yes,No,Yes,0
-1.2367242199587352,-0.6451658459834212,Month-to-month,DSL,Electronic check,No,No,No,No,No,2
1.5729808767233588,0.2854404741096075,Two year,DSL,Credit card (automatic),Yes,Yes,No,Yes,No,0
-1.1145631287986442,-0.6634456129852487,Month-to-month,DSL,Mailed check,No,No,No,No,No,2
-0.21871512695797646,-0.3327480099521901,Month-to-month,DSL,Credit card (automatic),Yes,No,Yes,No,No,2
-1.2774445836787656,-0.4174996569606623,Month-to-month,DSL,Electronic check,Yes,Yes,No,No,No,2
1.247217966963116,-0.803036560999203,One year,DSL,Bank transfer (automatic),Yes,Yes,Yes,No,No,0
0.5549717837226001,1.503537675231376,One year,Fiber optic,Electronic check,Yes,No,Yes,Yes,Yes,0
1.6137012404433893,-0.31446824295036285,Two year,DSL,Bank transfer (automatic),No,No,Yes,No,No,0
0.06632741908223598,-0.13000877593192306,Month-to-month,DSL,Bank transfer (automatic),Yes,Yes,Yes,No,No,2
-0.3408762181180675,0.4532819711263863,One year,DSL,Electronic check,No,No,Yes,Yes,No,0
1.6137012404433893,0.16246749609731476,Two year,DSL,Bank transfer (automatic),No,Yes,Yes,No,Yes,0
1.125056875803025,-0.16324471593524553,Two year,DSL,Credit card (automatic),No,Yes,Yes,Yes,Yes,0
1.4508197855632678,0.4034280611214026,One year,DSL,Credit card (automatic),Yes,No,Yes,No,Yes,0
-0.9924020376385531,-1.4926823160681442,Two year,No,Mailed check,Yes,No internet service,No internet service,No internet service,No internet service,1
0.06632741908223598,0.09599561609066982,Two year,DSL,Credit card (automatic),No,Yes,Yes,Yes,Yes,0
-1.0738427650786138,-0.6567984249845842,Month-to-month,DSL,Credit card (automatic),No,No,No,Yes,No,2
-1.2367242199587352,-0.018668376920792765,Month-to-month,DSL,Mailed check,Yes,Yes,No,No,No,2
-0.055833672077855064,0.5629605731373504,One year,Fiber optic,Credit card (automatic),No,Yes,No,No,No,2
-0.5037576729981889,-1.303237458049206,Month-to-month,No,Bank transfer (automatic),Yes,No internet service,No internet service,No internet service,No internet service,1
-1.2774445836787656,-1.4876969250676457,Month-to-month,No,Electronic check,No,No internet service,No internet service,No internet service,No internet service,1
1.2064976032430856,1.0631614701873533,One year,Fiber optic,Electronic check,Yes,No,No,Yes,Yes,0
1.5322605130033284,0.36188313611724954,Two year,Fiber optic,Credit card (automatic),Yes,No,No,No,No,0
-0.9109613101984924,1.1213243651931677,Month-to-month,Fiber optic,Electronic check,Yes,Yes,No,Yes,No,2
0.26992923768238775,-1.3614003530550205,Two year,No,Mailed check,Yes,No internet service,No internet service,No internet service,No internet service,1
0.5549717837226001,-0.018668376920792765,Two year,DSL,Credit card (automatic),Yes,Yes,No,Yes,No,0
-1.0738427650786138,0.684271754149477,Month-to-month,Fiber optic,Electronic check,Yes,No,No,Yes,No,2
1.6137012404433893,0.40010446712107006,Two year,DSL,Bank transfer (automatic),Yes,No,No,Yes,Yes,0
-0.5851984004382496,-0.31779183695069496,Month-to-month,DSL,Credit card (automatic),No,Yes,No,No,Yes,2
1.5729808767233588,1.4553455622265583,Two year,Fiber optic,Credit card (automatic),Yes,Yes,Yes,Yes,Yes,0
0.3106496014024181,1.2143849972024705,Month-to-month,Fiber optic,Electronic check,Yes,No,No,Yes,No,2
-1.2774445836787656,0.15914390209698223,Month-to-month,Fiber optic,Electronic check,Yes,No,No,No,No,2
1.0436161483629645,1.2791950802089493,One year,Fiber optic,Bank transfer (automatic),Yes,No,No,Yes,Yes,0
1.5322605130033284,1.304122035211441,Two year,Fiber optic,Credit card (automatic),Yes,Yes,Yes,Yes,No,0
0.3920903288424788,-1.3132082400502028,Two year,No,Electronic check,No,No internet service,No internet service,No internet service,No internet service,1
0.06632741908223598,-1.1420431490330922,One year,DSL,Bank transfer (automatic),No,No,Yes,No,No,0
-1.1145631287986442,-1.4860351280674797,Month-to-month,No,Bank transfer (automatic),No,No internet service,No internet service,No internet service,No internet service,1
-0.30015585439803716,0.6593447991469852,Month-to-month,Fiber optic,Mailed check,Yes,No,No,Yes,No,2
-1.2367242199587352,0.7125223031523015,Month-to-month,Fiber optic,Mailed check,Yes,No,No,No,Yes,2
0.9214550572028734,1.2941512532104444,One year,Fiber optic,Bank transfer (automatic),Yes,Yes,No,Yes,Yes,0
-0.46303730927815856,1.5434208032353631,Month-to-month,Fiber optic,Electronic check,Yes,Yes,No,Yes,Yes,2
1.5322605130033284,0.7723469951582818,Two year,Fiber optic,Credit card (automatic),Yes,Yes,Yes,No,No,0
1.1657772395230555,1.3822264942192488,Month-to-month,Fiber optic,Electronic check,Yes,Yes,No,Yes,Yes,2
0.43281069256250915,0.47820892612887816,Two year,DSL,Credit card (automatic),Yes,Yes,Yes,Yes,Yes,0
0.5956921474426305,1.2742096892084507,One year,Fiber optic,Electronic check,Yes,No,No,Yes,Yes,0
-1.1145631287986442,-0.02697736192162338,Month-to-month,DSL,Credit card (automatic),Yes,Yes,No,Yes,Yes,0
1.2064976032430856,-1.2949284730483754,Two year,No,Credit card (automatic),Yes,No internet service,No internet service,No internet service,No internet service,1
-0.6666391278783103,0.8205391081630994,Month-to-month,Fiber optic,Credit card (automatic),Yes,No,No,Yes,Yes,2
-1.0331224013585834,1.0249401391835322,Month-to-month,Fiber optic,Bank transfer (automatic),Yes,No,No,Yes,No,2
-0.748079855318371,-1.303237458049206,Month-to-month,No,Mailed check,No,No internet service,No internet service,No internet service,No internet service,1
1.125056875803025,0.8703930181680831,One year,Fiber optic,Electronic check,No,No,No,Yes,Yes,0
0.06632741908223598,-0.6617838159850825,Month-to-month,DSL,Electronic check,Yes,Yes,No,Yes,Yes,0
0.7178532386027215,1.4553455622265583,One year,Fiber optic,Electronic check,No,Yes,Yes,Yes,No,0
0.22920887396235737,-1.3198554280508674,Two year,No,Credit card (automatic),No,No internet service,No internet service,No internet service,No internet service,1
1.5322605130033284,0.31036742911209936,One year,DSL,Credit card (automatic),No,Yes,Yes,No,Yes,0
0.18848851024232702,0.7989357471609396,Month-to-month,Fiber optic,Electronic check,Yes,No,No,Yes,No,2
-1.1552834925186746,0.46823814412788106,Month-to-month,Fiber optic,Electronic check,Yes,No,No,Yes,No,2
1.125056875803025,0.9468356801757247,Month-to-month,Fiber optic,Electronic check,Yes,No,Yes,No,No,2
1.2064976032430856,0.22063039110312907,One year,DSL,Credit card (automatic),No,Yes,Yes,No,Yes,0
-1.2774445836787656,-0.6767399889865777,Month-to-month,DSL,Mailed check,No,No,No,No,No,2
0.14776814652229667,0.47987072312904416,Month-to-month,DSL,Credit card (automatic),Yes,Yes,Yes,Yes,Yes,0
0.47353105628253944,-1.4744025490663168,Two year,No,Credit card (automatic),No,No internet service,No internet service,No internet service,No internet service,1
0.9214550572028734,1.1711782751981514,One year,Fiber optic,Electronic check,Yes,No,No,Yes,Yes,0
1.6137012404433893,1.3373579752147637,Two year,Fiber optic,Credit card (automatic),Yes,No,Yes,Yes,Yes,0
-0.8295205827584317,-1.4943441130683104,One year,No,Bank transfer (automatic),No,No internet service,No internet service,No internet service,No internet service,1
-0.7888002190384014,-1.127086976031597,Month-to-month,DSL,Bank transfer (automatic),Yes,No,Yes,No,No,2
-1.2774445836787656,0.8354952811645946,Month-to-month,Fiber optic,Electronic check,Yes,No,No,Yes,No,2
-0.7073594915983407,-1.4694171580658184,One year,No,Mailed check,No,No internet service,No internet service,No internet service,No internet service,1
1.3286586944031769,0.6676537841478158,Two year,DSL,Bank transfer (automatic),Yes,Yes,Yes,Yes,Yes,0
-0.8295205827584317,-1.0506443140239554,One year,DSL,Credit card (automatic),No,Yes,Yes,No,No,0
1.6137012404433893,0.9052907551715716,Two year,DSL,Credit card (automatic),Yes,Yes,Yes,Yes,Yes,0
1.6137012404433893,0.8321716871642622,Two year,DSL,Credit card (automatic),No,Yes,Yes,Yes,Yes,0
1.6137012404433893,1.6963061272506461,Two year,Fiber optic,Bank transfer (automatic),Yes,Yes,Yes,Yes,Yes,0
0.7992939660427822,0.677624566148813,Two year,DSL,Mailed check,Yes,Yes,Yes,Yes,No,0
-1.2367242199587352,-1.3265026160515319,Month-to-month,No,Mailed check,No,No internet service,No internet service,No internet service,No internet service,1
-1.1145631287986442,-0.013682985920294679,Month-to-month,DSL,Electronic check,Yes,Yes,Yes,Yes,No,0
1.4508197855632678,-1.4710789550659844,Two year,No,Credit card (automatic),No,No internet service,No internet service,No internet service,No internet service,1
1.2064976032430856,1.1761636661986499,One year,Fiber optic,Electronic check,Yes,No,No,Yes,Yes,0
1.6137012404433893,0.7075369121518029,Two year,DSL,Credit card (automatic),No,Yes,Yes,Yes,No,0
-1.2774445836787656,-0.46402997296531395,Month-to-month,DSL,Electronic check,No,No,No,No,No,2
1.369379058123207,0.8055829351616043,One year,Fiber optic,Electronic check,No,Yes,Yes,No,No,0
1.6137012404433893,0.001273187081200524,Two year,DSL,Credit card (automatic),Yes,Yes,Yes,Yes,Yes,0
-0.2594354906780068,-1.4943441130683104,One year,No,Credit card (automatic),No,No internet service,No internet service,No internet service,No internet service,1
1.2879383306831464,0.9518210711762233,Two year,Fiber optic,Bank transfer (automatic),No,No,Yes,No,Yes,0
-0.5037576729981889,0.2954112561106046,Month-to-month,Fiber optic,Electronic check,Yes,No,No,No,No,2
-1.1960038562387048,1.0083221691818711,Month-to-month,Fiber optic,Electronic check,Yes,No,No,Yes,No,2
-0.4223169455581282,0.9933659961803764,Month-to-month,Fiber optic,Credit card (automatic),Yes,No,No,Yes,No,2
-1.1552834925186746,0.5264010391336954,Month-to-month,Fiber optic,Mailed check,Yes,Yes,No,No,Yes,2
1.2064976032430856,-0.8562140650045189,Two year,DSL,Bank transfer (automatic),Yes,Yes,No,Yes,No,0
-1.1145631287986442,-1.4710789550659844,Month-to-month,No,Mailed check,Yes,No internet service,No internet service,No internet service,No internet service,1
1.0843365120829946,0.6909189421501416,One year,Fiber optic,Electronic check,No,No,No,No,No,0
-1.1960038562387048,-1.2749869090463821,Two year,No,Mailed check,Yes,No internet service,No internet service,No internet service,No internet service,1
1.6137012404433893,1.111353583192171,Two year,Fiber optic,Bank transfer (automatic),Yes,Yes,Yes,Yes,Yes,0
1.002895784642934,1.0897502221900113,One year,Fiber optic,Credit card (automatic),Yes,No,No,Yes,Yes,0
1.369379058123207,-1.4893587220678117,Two year,No,Credit card (automatic),No,No internet service,No internet service,No internet service,No internet service,1
1.125056875803025,-0.46402997296531395,Month-to-month,DSL,Electronic check,Yes,No,No,Yes,No,2
0.5142514200025698,1.1612074931971548,Two year,Fiber optic,Bank transfer (automatic),No,No,No,Yes,Yes,0
-1.1960038562387048,-0.9958050130184734,Month-to-month,DSL,Credit card (automatic),Yes,No,No,Yes,No,2
-0.7073594915983407,1.3406815692150957,Month-to-month,Fiber optic,Electronic check,No,Yes,Yes,Yes,Yes,2
0.758573602322752,-0.15327393393424887,One year,DSL,Bank transfer (automatic),No,Yes,Yes,Yes,Yes,0
1.125056875803025,-0.00038860991896550476,One year,DSL,Electronic check,No,Yes,Yes,No,Yes,0
0.025607055362205634,-0.33607160395252245,Month-to-month,DSL,Bank transfer (automatic),Yes,No,No,No,No,2
-0.9109613101984924,1.506861269231708,Month-to-month,Fiber optic,Electronic check,Yes,Yes,Yes,Yes,Yes,0
-0.2594354906780068,-1.5109620830699715,One year,No,Credit card (automatic),No,No internet service,No internet service,No internet service,No internet service,1
-1.0738427650786138,0.6360796411446599,Month-to-month,Fiber optic,Electronic check,No,No,No,No,Yes,2
1.4100994218432374,1.5450826002355291,One year,Fiber optic,Electronic check,Yes,Yes,Yes,Yes,Yes,0
0.6771328748826912,-0.9625690730151509,One year,DSL,Credit card (automatic),Yes,Yes,Yes,No,No,0
-1.2774445836787656,-1.4860351280674797,Month-to-month,No,Mailed check,Yes,No internet service,No internet service,No internet service,No internet service,1
-1.0331224013585834,0.6510358141461546,Month-to-month,Fiber optic,Electronic check,Yes,No,No,Yes,Yes,2
-0.21871512695797646,1.5201556452330371,One year,Fiber optic,Bank transfer (automatic),Yes,No,Yes,Yes,Yes,0
0.18848851024232702,0.8787020031689138,One year,Fiber optic,Credit card (automatic),No,No,No,Yes,No,0
1.247217966963116,1.1894580421999785,Month-to-month,Fiber optic,Electronic check,Yes,No,Yes,Yes,Yes,0
-0.055833672077855064,0.8155537171626008,Month-to-month,Fiber optic,Electronic check,No,Yes,Yes,No,Yes,0
0.7178532386027215,1.2991366442109427,Month-to-month,Fiber optic,Bank transfer (automatic),Yes,No,No,Yes,Yes,2
-0.015113308357824713,0.5430190091353566,Month-to-month,Fiber optic,Credit card (automatic),Yes,No,No,No,Yes,2
-1.2774445836787656,-1.3348116010523623,Month-to-month,DSL,Electronic check,No,No,No,No,No,2
1.247217966963116,0.5463426031356892,One year,Fiber optic,Credit card (automatic),Yes,Yes,No,No,No,2
-0.0965540357978854,0.9817334171792131,Month-to-month,Fiber optic,Credit card (automatic),Yes,No,Yes,No,No,2
1.5729808767233588,1.7062769092516428,Two year,Fiber optic,Bank transfer (automatic),Yes,Yes,Yes,Yes,Yes,0
0.8400143297628127,1.3556377422165908,Two year,Fiber optic,Electronic check,No,No,No,Yes,Yes,0
-0.8295205827584317,1.1346187411944968,Month-to-month,Fiber optic,Bank transfer (automatic),Yes,Yes,Yes,Yes,No,2
0.7178532386027215,0.9850570111795457,Month-to-month,Fiber optic,Credit card (automatic),Yes,No,Yes,No,No,2
-1.2367242199587352,-1.504314895069307,Month-to-month,No,Mailed check,No,No internet service,No internet service,No internet service,No internet service,1
-0.9516816739185228,1.114677177192503,Month-to-month,Fiber optic,Credit card (automatic),No,No,No,Yes,Yes,2
-0.62591876415828,0.966777244177718,Month-to-month,Fiber optic,Electronic check,No,No,Yes,Yes,No,2
0.9621754209229036,1.3572995392167568,One year,Fiber optic,Credit card (automatic),Yes,No,Yes,Yes,Yes,0
1.4100994218432374,0.5513279941361872,Two year,DSL,Credit card (automatic),No,No,Yes,Yes,Yes,0
-0.9516816739185228,1.1877962451998125,Month-to-month,Fiber optic,Electronic check,Yes,No,No,Yes,Yes,2
-1.1552834925186746,-0.2779087089467081,Month-to-month,DSL,Electronic check,Yes,No,No,Yes,No,2
-0.5444780367182193,0.019552954083027783,One year,DSL,Bank transfer (automatic),Yes,Yes,No,No,No,0
-0.9924020376385531,-1.4893587220678117,Month-to-month,No,Mailed check,No,No internet service,No internet service,No internet service,No internet service,1
1.5729808767233588,1.5450826002355291,Two year,Fiber optic,Electronic check,Yes,Yes,No,Yes,Yes,0
-0.9109613101984924,0.2688225041079463,Month-to-month,Fiber optic,Electronic check,Yes,No,No,No,No,2
-0.7073594915983407,0.8055829351616043,Month-to-month,Fiber optic,Credit card (automatic),No,No,No,Yes,No,2
1.6137012404433893,1.3739175092184182,One year,Fiber optic,Bank transfer (automatic),Yes,No,Yes,Yes,Yes,0
-0.8295205827584317,-1.4860351280674797,One year,No,Credit card (automatic),No,No internet service,No internet service,No internet service,No internet service,1
1.6137012404433893,-1.3148700370503688,Two year,No,Bank transfer (automatic),Yes,No internet service,No internet service,No internet service,No internet service,1
-1.2774445836787656,0.2920876621102721,Month-to-month,Fiber optic,Electronic check,Yes,No,No,No,No,2
-0.38159658183809786,0.35357415111641893,Month-to-month,Fiber optic,Bank transfer (automatic),Yes,No,Yes,No,No,2
1.6137012404433893,0.02620014208369237,Two year,DSL,Bank transfer (automatic),Yes,Yes,Yes,Yes,Yes,0
-0.2594354906780068,0.5297246331340278,Month-to-month,Fiber optic,Electronic check,Yes,No,No,No,Yes,2
-0.46303730927815856,1.3224018022132684,One year,Fiber optic,Mailed check,Yes,Yes,No,Yes,Yes,0
1.125056875803025,-1.3497677740538576,One year,No,Bank transfer (automatic),No,No internet service,No internet service,No internet service,No internet service,1
-0.8295205827584317,-1.4727407520661506,Month-to-month,No,Mailed check,No,No internet service,No internet service,No internet service,No internet service,1
-0.6666391278783103,0.35357415111641893,Month-to-month,Fiber optic,Electronic check,Yes,No,No,No,No,2
1.247217966963116,0.4964886931307054,One year,DSL,Credit card (automatic),Yes,No,Yes,Yes,No,0
-0.4223169455581282,0.5629605731373504,Month-to-month,Fiber optic,Electronic check,No,No,Yes,No,No,2
-0.015113308357824713,0.38348649711940885,Month-to-month,DSL,Bank transfer (automatic),No,Yes,Yes,No,Yes,0
-1.1960038562387048,0.48651791112970877,Month-to-month,Fiber optic,Electronic check,Yes,No,No,No,No,2
-0.7888002190384014,0.544680806135523,Month-to-month,Fiber optic,Electronic check,Yes,No,No,No,Yes,2
1.4508197855632678,1.2958130502106107,Two year,Fiber optic,Credit card (automatic),Yes,Yes,No,Yes,No,0
-0.0965540357978854,0.720831288153132,One year,Fiber optic,Electronic check,No,No,No,No,Yes,0
-0.6666391278783103,0.3436033691154218,Month-to-month,Fiber optic,Bank transfer (automatic),No,No,No,No,No,2
0.025607055362205634,0.5264010391336954,Two year,Fiber optic,Bank transfer (automatic),No,Yes,No,No,No,2
1.6137012404433893,-1.5109620830699715,Two year,No,Credit card (automatic),No,No internet service,No internet service,No internet service,No internet service,1
-1.1552834925186746,0.6593447991469852,Month-to-month,Fiber optic,Electronic check,Yes,No,No,No,No,2
-0.8295205827584317,-1.03568814102246,One year,DSL,Mailed check,Yes,Yes,Yes,No,No,0
-1.1552834925186746,0.6144762801425001,Month-to-month,Fiber optic,Electronic check,Yes,No,No,Yes,No,2
-1.318164947398796,0.534710024134526,Two year,DSL,Mailed check,No,No,Yes,Yes,Yes,0
-1.0738427650786138,0.4748853321285456,Month-to-month,Fiber optic,Electronic check,Yes,No,Yes,No,No,2
1.3286586944031769,1.438727592224897,One year,Fiber optic,Credit card (automatic),Yes,Yes,No,Yes,Yes,0
-0.7073594915983407,-1.491020519067978,Month-to-month,No,Mailed check,No,No internet service,No internet service,No internet service,No internet service,1
-0.3408762181180675,-1.4527991880641573,One year,No,Bank transfer (automatic),No,No internet service,No internet service,No internet service,No internet service,1
-0.7888002190384014,-1.150352134033923,Month-to-month,DSL,Electronic check,No,No,No,No,No,2
-0.3408762181180675,0.5014740841312035,Month-to-month,Fiber optic,Credit card (automatic),Yes,No,No,No,No,2
1.6137012404433893,0.02453834508352634,Two year,DSL,Bank transfer (automatic),No,Yes,Yes,Yes,Yes,0
0.880734693482843,1.3074456292117733,Month-to-month,Fiber optic,Bank transfer (automatic),Yes,No,Yes,Yes,No,2
-1.1960038562387048,0.32033821111309646,Month-to-month,Fiber optic,Bank transfer (automatic),No,No,No,No,No,2
-1.1552834925186746,-1.4710789550659844,Month-to-month,No,Mailed check,Yes,No internet service,No internet service,No internet service,No internet service,1
-0.015113308357824713,0.8836873941694119,Month-to-month,Fiber optic,Mailed check,Yes,No,No,Yes,Yes,2
0.10704778280226633,1.1396041321949948,Month-to-month,Fiber optic,Electronic check,Yes,No,No,Yes,Yes,2
0.10704778280226633,-1.4710789550659844,Two year,No,Bank transfer (automatic),No,No internet service,No internet service,No internet service,No internet service,1
-1.2367242199587352,-0.6584602219847502,Month-to-month,DSL,Mailed check,No,No,No,No,No,2
-0.9924020376385531,0.36022133911708304,Month-to-month,Fiber optic,Electronic check,No,No,No,No,No,2
-0.4223169455581282,-0.32111543095102724,Month-to-month,DSL,Mailed check,No,Yes,Yes,No,No,2
-0.7073594915983407,-0.1931570619382357,Month-to-month,DSL,Electronic check,No,Yes,Yes,No,Yes,0
-0.4223169455581282,1.0083221691818711,Month-to-month,Fiber optic,Electronic check,Yes,No,No,Yes,No,2
-1.2774445836787656,-0.6667692069855808,Month-to-month,DSL,Credit card (automatic),No,No,No,No,No,2
1.5729808767233588,-1.3065610520495383,Two year,No,Bank transfer (automatic),No,No internet service,No internet service,No internet service,No internet service,1
-1.1552834925186746,-0.2662761299455452,Month-to-month,DSL,Electronic check,No,No,Yes,No,Yes,2
-0.30015585439803716,0.5646223701375164,Month-to-month,DSL,Bank transfer (automatic),No,Yes,Yes,No,Yes,0
-0.015113308357824713,0.7091987091519689,Month-to-month,Fiber optic,Electronic check,Yes,No,No,Yes,No,2
-1.0331224013585834,-1.1619847130350858,Month-to-month,DSL,Bank transfer (automatic),No,No,Yes,No,No,2
-0.62591876415828,-1.4710789550659844,One year,No,Mailed check,Yes,No internet service,No internet service,No internet service,No internet service,1
-0.9924020376385531,-0.12834697893175703,Month-to-month,DSL,Bank transfer (automatic),No,No,Yes,Yes,No,0
0.9621754209229036,0.28211688010927544,Two year,DSL,Bank transfer (automatic),No,Yes,Yes,No,Yes,0
-1.2774445836787656,-0.6335332669822583,Month-to-month,DSL,Mailed check,Yes,No,No,No,No,2
-0.9924020376385531,1.1811490571991479,Month-to-month,Fiber optic,Credit card (automatic),No,Yes,Yes,Yes,No,2
-1.0331224013585834,-1.5126238800701375,Month-to-month,No,Electronic check,No,No internet service,No internet service,No internet service,No internet service,1
-1.1960038562387048,-1.4594463760648215,Month-to-month,No,Mailed check,No,No internet service,No internet service,No internet service,No internet service,1
1.5729808767233588,0.4183842341228973,Two year,DSL,Credit card (automatic),No,Yes,Yes,Yes,Yes,0
-1.2367242199587352,1.0382345151848615,Month-to-month,Fiber optic,Electronic check,Yes,No,No,Yes,No,2
-1.2774445836787656,0.8570986421667539,Month-to-month,Fiber optic,Electronic check,No,No,No,Yes,No,2
0.6771328748826912,0.966777244177718,Month-to-month,Fiber optic,Bank transfer (automatic),Yes,No,Yes,Yes,No,2
1.0436161483629645,0.1774236690988095,Two year,DSL,Bank transfer (automatic),No,Yes,No,Yes,Yes,0
0.47353105628253944,-1.1437049460332582,Month-to-month,DSL,Electronic check,Yes,No,No,No,No,2
1.0843365120829946,0.3718539181182462,Two year,DSL,Credit card (automatic),Yes,Yes,No,Yes,No,0
1.5729808767233588,1.438727592224897,Two year,Fiber optic,Electronic check,Yes,Yes,Yes,Yes,Yes,0
-1.2774445836787656,0.17077648109814536,Month-to-month,Fiber optic,Electronic check,Yes,No,No,No,No,2
-0.8702409464784621,0.3485887601159204,Month-to-month,Fiber optic,Electronic check,No,No,No,No,No,2
1.2064976032430856,1.2958130502106107,One year,Fiber optic,Electronic check,Yes,No,No,Yes,Yes,0
0.10704778280226633,-0.32610082195152557,One year,DSL,Bank transfer (automatic),Yes,Yes,Yes,No,No,0
-0.5037576729981889,-1.504314895069307,Month-to-month,No,Bank transfer (automatic),Yes,No internet service,No internet service,No internet service,No internet service,1
0.3106496014024181,-1.5009913010689746,Two year,No,Mailed check,No,No internet service,No internet service,No internet service,No internet service,1
0.26992923768238775,-0.562075995975115,One year,DSL,Electronic check,Yes,No,Yes,No,No,0
-1.2774445836787656,0.7258166791536301,Month-to-month,Fiber optic,Electronic check,Yes,No,No,No,No,2
1.6137012404433893,-1.3630621500551865,Two year,No,Bank transfer (automatic),No,No internet service,No internet service,No internet service,No internet service,1
0.025607055362205634,0.5264010391336954,Month-to-month,Fiber optic,Bank transfer (automatic),Yes,No,No,No,No,2
-0.8295205827584317,-0.6966815529885713,Month-to-month,DSL,Bank transfer (automatic),No,No,No,No,No,2
-1.2774445836787656,-1.4960059100684764,Month-to-month,No,Bank transfer (automatic),No,No internet service,No internet service,No internet service,No internet service,1
-0.21871512695797646,-1.51594747407047,Month-to-month,No,Mailed check,No,No internet service,No internet service,No internet service,No internet service,1
0.06632741908223598,-1.5009913010689746,One year,No,Credit card (automatic),No,No internet service,No internet service,No internet service,No internet service,1
0.9621754209229036,0.5164302571326987,Two year,Fiber optic,Bank transfer (automatic),No,No,Yes,No,Yes,0
1.0436161483629645,-1.343120586053193,Two year,No,Credit card (automatic),No,No internet service,No internet service,No internet service,No internet service,1
-0.4223169455581282,-1.3132082400502028,Two year,No,Credit card (automatic),No,No internet service,No internet service,No internet service,No internet service,1
-0.9109613101984924,-1.2849576910473786,Two year,No,Credit card (automatic),No,No internet service,No internet service,No internet service,No internet service,1
-0.7888002190384014,-1.4876969250676457,Two year,No,Credit card (automatic),No,No internet service,No internet service,No internet service,No internet service,1
0.10704778280226633,0.682609957149311,Month-to-month,Fiber optic,Credit card (automatic),No,Yes,No,No,No,2
0.06632741908223598,0.17410007509847744,Month-to-month,Fiber optic,Credit card (automatic),Yes,No,No,No,No,2
-1.1552834925186746,0.9817334171792131,Month-to-month,Fiber optic,Electronic check,Yes,No,No,Yes,No,2
1.6137012404433893,-1.46443176706532,Two year,No,Bank transfer (automatic),No,No internet service,No internet service,No internet service,No internet service,1
-1.2367242199587352,0.18407085709947407,Month-to-month,DSL,Electronic check,No,Yes,No,Yes,No,0
-1.0331224013585834,1.0166311541827018,Month-to-month,Fiber optic,Electronic check,Yes,No,No,Yes,Yes,2
-0.21871512695797646,0.356897745116751,Month-to-month,Fiber optic,Electronic check,Yes,No,No,No,No,2
-1.1552834925186746,0.15914390209698223,Month-to-month,Fiber optic,Mailed check,Yes,No,No,No,No,2
0.18848851024232702,-1.4926823160681442,Two year,No,Mailed check,No,No internet service,No internet service,No internet service,No internet service,1
-0.46303730927815856,-1.4876969250676457,Month-to-month,No,Mailed check,No,No internet service,No internet service,No internet service,No internet service,1
0.8400143297628127,1.0332491241843629,One year,Fiber optic,Credit card (automatic),Yes,No,No,Yes,No,0
-0.5851984004382496,0.8421424691652587,Month-to-month,Fiber optic,Electronic check,Yes,Yes,No,No,No,2
-1.2367242199587352,0.13920233809498894,Month-to-month,Fiber optic,Electronic check,No,No,No,No,No,2
-0.015113308357824713,1.156222102196656,Month-to-month,Fiber optic,Credit card (automatic),Yes,No,Yes,Yes,No,2
-0.38159658183809786,-1.462769970065154,One year,No,Electronic check,Yes,No internet service,No internet service,No internet service,No internet service,1
-1.1960038562387048,-0.4856333339674735,Month-to-month,DSL,Mailed check,Yes,No,Yes,No,No,2
1.5729808767233588,-0.20312784393923258,Two year,DSL,Mailed check,No,Yes,Yes,Yes,No,0
-0.9516816739185228,1.0349109211845293,Month-to-month,Fiber optic,Bank transfer (automatic),Yes,Yes,No,Yes,No,2
-1.2774445836787656,-0.5072366949696331,Month-to-month,DSL,Electronic check,No,No,No,No,No,2
-0.5851984004382496,-0.24301097194321938,Month-to-month,DSL,Electronic check,No,No,No,No,Yes,2
-0.8295205827584317,-0.3693075439558449,One year,DSL,Credit card (automatic),No,No,No,No,No,0
1.5729808767233588,0.5097830691320341,Two year,DSL,Mailed check,Yes,Yes,Yes,No,Yes,0
1.2879383306831464,-1.341458789053027,One year,No,Bank transfer (automatic),Yes,No internet service,No internet service,No internet service,No internet service,1
-1.1552834925186746,-0.8213163280010305,Month-to-month,DSL,Electronic check,Yes,Yes,No,No,No,2
-0.38159658183809786,-1.504314895069307,Month-to-month,No,Mailed check,Yes,No internet service,No internet service,No internet service,No internet service,1
0.26992923768238775,-0.45572098796448335,Month-to-month,DSL,Credit card (automatic),No,No,Yes,No,No,2
-0.1779947632379461,-0.34604238595351905,One year,DSL,Mailed check,No,Yes,Yes,No,No,0
-1.1145631287986442,0.6626683931473177,Month-to-month,Fiber optic,Electronic check,Yes,No,No,Yes,No,2
0.5142514200025698,0.7091987091519689,Month-to-month,Fiber optic,Electronic check,Yes,No,No,No,Yes,2
0.18848851024232702,0.1857326540996401,Month-to-month,Fiber optic,Mailed check,Yes,No,No,No,No,2
1.125056875803025,1.503537675231376,Two year,Fiber optic,Bank transfer (automatic),Yes,Yes,Yes,Yes,Yes,0
-0.9924020376385531,1.1911198392001445,Month-to-month,Fiber optic,Electronic check,Yes,No,No,Yes,Yes,2
0.5956921474426305,1.001674981181207,One year,Fiber optic,Credit card (automatic),No,No,Yes,Yes,Yes,0
-0.2594354906780068,0.6310942501441613,Month-to-month,Fiber optic,Electronic check,Yes,No,No,Yes,No,2
-1.1960038562387048,0.7823177771592784,Month-to-month,Fiber optic,Mailed check,Yes,Yes,Yes,Yes,No,2
0.7178532386027215,0.1657910900976468,Month-to-month,Fiber optic,Bank transfer (automatic),Yes,No,No,No,No,2
-0.21871512695797646,0.22727757910379318,Month-to-month,DSL,Bank transfer (automatic),No,Yes,No,Yes,No,0
-0.9924020376385531,0.9086143491719036,Month-to-month,Fiber optic,Electronic check,Yes,No,No,Yes,Yes,2
1.2064976032430856,-1.3663857440555187,Two year,No,Bank transfer (automatic),No,No internet service,No internet service,No internet service,No internet service,1
1.5729808767233588,0.5679459641378485,Two year,DSL,Bank transfer (automatic),No,Yes,Yes,Yes,Yes,0
1.369379058123207,-1.3181936310507012,Two year,No,Mailed check,No,No internet service,No internet service,No internet service,No internet service,1
1.4508197855632678,1.6597465932469917,Two year,Fiber optic,Bank transfer (automatic),Yes,Yes,Yes,Yes,Yes,0
-0.7888002190384014,-0.518869273970796,Month-to-month,DSL,Electronic check,No,No,No,Yes,Yes,2
0.9621754209229036,0.5363718211346925,One year,Fiber optic,Electronic check,Yes,No,No,No,No,0
0.22920887396235737,0.4881797081298748,Month-to-month,Fiber optic,Electronic check,Yes,No,Yes,No,No,2
-0.748079855318371,0.8537750481664219,Month-to-month,Fiber optic,Credit card (automatic),No,No,No,Yes,No,2
-0.6666391278783103,-1.5109620830699715,One year,No,Bank transfer (automatic),Yes,No internet service,No internet service,No internet service,No internet service,1
-0.748079855318371,0.18074726309914202,Month-to-month,Fiber optic,Electronic check,No,No,No,No,No,2
-0.015113308357824713,0.1657910900976468,Month-to-month,Fiber optic,Bank transfer (automatic),Yes,No,No,No,No,2
-0.9924020376385531,-0.3493659799538514,One year,DSL,Bank transfer (automatic),No,Yes,Yes,No,No,0
0.43281069256250915,1.1479131171958254,Month-to-month,Fiber optic,Bank transfer (automatic),Yes,No,No,Yes,Yes,2
0.7992939660427822,0.3070438351117673,One year,DSL,Credit card (automatic),No,Yes,Yes,Yes,Yes,0
-1.1960038562387048,-0.4823097399671412,Month-to-month,DSL,Mailed check,Yes,Yes,No,No,No,2
-0.13727439951791576,-1.4943441130683104,One year,No,Mailed check,Yes,No internet service,No internet service,No internet service,No internet service,1
-1.2774445836787656,-1.4993295040688086,Month-to-month,No,Mailed check,No,No internet service,No internet service,No internet service,No internet service,1
-0.8295205827584317,-0.7016669439890695,Month-to-month,DSL,Electronic check,Yes,Yes,No,No,Yes,2
-0.6666391278783103,-0.9725398550161476,Month-to-month,DSL,Credit card (automatic),Yes,No,No,No,No,2
0.3106496014024181,0.531386430134194,One year,DSL,Mailed check,Yes,Yes,No,Yes,Yes,0
-1.1145631287986442,-0.8395960950028577,Month-to-month,DSL,Electronic check,No,No,No,No,Yes,2
0.3106496014024181,1.074794049188516,Month-to-month,Fiber optic,Bank transfer (automatic),Yes,No,No,Yes,No,2
0.14776814652229667,-1.502653098069141,One year,No,Mailed check,No,No internet service,No internet service,No internet service,No internet service,1
-1.1145631287986442,0.5064594751317021,Month-to-month,Fiber optic,Electronic check,Yes,No,No,No,No,2
-0.9109613101984924,0.6626683931473177,Month-to-month,Fiber optic,Mailed check,Yes,No,Yes,Yes,No,2
-1.2367242199587352,0.8238627021634315,Month-to-month,Fiber optic,Bank transfer (automatic),Yes,No,No,Yes,No,2
-0.38159658183809786,0.85876043916692,Month-to-month,Fiber optic,Electronic check,Yes,Yes,No,Yes,No,2
-0.2594354906780068,-1.4860351280674797,One year,No,Bank transfer (automatic),Yes,No internet service,No internet service,No internet service,No internet service,1
1.6137012404433893,1.58330393123935,Two year,Fiber optic,Electronic check,Yes,No,Yes,Yes,Yes,0
0.06632741908223598,-0.48397153696730727,Month-to-month,DSL,Bank transfer (automatic),No,Yes,No,No,No,2
-0.9109613101984924,-0.08347845992727167,Month-to-month,DSL,Bank transfer (automatic),No,Yes,Yes,Yes,No,0
-0.748079855318371,-0.3011738669490337,One year,DSL,Mailed check,No,Yes,Yes,No,No,0
-0.38159658183809786,0.8404806721650927,Month-to-month,Fiber optic,Bank transfer (automatic),Yes,No,Yes,Yes,No,2
0.5956921474426305,-1.4993295040688086,Two year,No,Mailed check,No,No internet service,No internet service,No internet service,No internet service,1
-0.3408762181180675,0.8138919201624348,Month-to-month,Fiber optic,Electronic check,Yes,Yes,Yes,No,No,2
0.6771328748826912,1.1396041321949948,Month-to-month,Fiber optic,Bank transfer (automatic),Yes,No,No,Yes,No,2
-0.5037576729981889,-0.357674964954682,One year,DSL,Mailed check,No,Yes,Yes,No,No,0
-1.2367242199587352,0.1657910900976468,Month-to-month,Fiber optic,Bank transfer (automatic),No,No,No,No,No,2
-1.2367242199587352,-0.5221928679711283,Month-to-month,DSL,Credit card (automatic),Yes,No,No,No,No,2
-0.4223169455581282,-0.2662761299455452,Two year,DSL,Bank transfer (automatic),No,Yes,No,Yes,Yes,0
-1.0331224013585834,1.1063681921916724,Month-to-month,Fiber optic,Bank transfer (automatic),Yes,No,No,Yes,Yes,2
-1.2774445836787656,-1.451137391063991,Month-to-month,No,Mailed check,No,No internet service,No internet service,No internet service,No internet service,1
1.0843365120829946,1.0598378761870213,Month-to-month,Fiber optic,Bank transfer (automatic),Yes,Yes,No,No,No,2
1.0436161483629645,-1.3381351950526947,One year,No,Credit card (automatic),Yes,No internet service,No internet service,No internet service,No internet service,1
0.35136996512244845,1.653099405246327,Month-to-month,Fiber optic,Bank transfer (automatic),Yes,Yes,Yes,Yes,Yes,0
1.0843365120829946,0.47987072312904416,Two year,Fiber optic,Credit card (automatic),Yes,No,No,No,No,0
-1.1960038562387048,0.15914390209698223,Month-to-month,Fiber optic,Electronic check,Yes,No,No,No,No,2
-0.015113308357824713,-1.4860351280674797,Two year,No,Bank transfer (automatic),Yes,No internet service,No internet service,No internet service,No internet service,1
0.5549717837226001,1.1329569441943304,Month-to-month,Fiber optic,Electronic check,Yes,No,No,Yes,Yes,2
-1.318164947398796,-1.2965902700485417,Two year,No,Mailed check,No,No internet service,No internet service,No internet service,No internet service,1
-1.2367242199587352,0.5380336181348585,Month-to-month,Fiber optic,Electronic check,Yes,No,No,No,No,2
0.7992939660427822,-1.5009913010689746,One year,No,Credit card (automatic),No,No internet service,No internet service,No internet service,No internet service,1
-0.7888002190384014,0.3170146171127639,Month-to-month,Fiber optic,Electronic check,Yes,No,No,No,Yes,2
-0.8702409464784621,0.82884809316393,Month-to-month,Fiber optic,Bank transfer (automatic),No,No,No,Yes,No,2
-0.015113308357824713,0.7607144161571191,Month-to-month,Fiber optic,Bank transfer (automatic),No,Yes,Yes,No,No,0
-0.62591876415828,1.1861344481996465,Month-to-month,Fiber optic,Credit card (automatic),Yes,No,No,Yes,Yes,2
-0.6666391278783103,0.3319707901142591,Month-to-month,Fiber optic,Credit card (automatic),Yes,No,No,No,No,2
0.758573602322752,1.4187860282229037,One year,Fiber optic,Bank transfer (automatic),No,No,Yes,Yes,Yes,0
-0.13727439951791576,0.35191235411625243,One year,DSL,Bank transfer (automatic),Yes,Yes,No,Yes,Yes,0
1.5322605130033284,0.006258578081699082,Two year,DSL,Credit card (automatic),No,Yes,Yes,No,Yes,0
1.5729808767233588,1.1861344481996465,Two year,Fiber optic,Electronic check,No,Yes,Yes,No,Yes,0
0.35136996512244845,0.12424616509349373,One year,DSL,Bank transfer (automatic),No,No,No,Yes,Yes,0
-1.2774445836787656,0.5247392421335293,Month-to-month,Fiber optic,Electronic check,Yes,No,No,Yes,No,2
-1.0331224013585834,0.5480044001358552,Month-to-month,DSL,Bank transfer (automatic),No,Yes,Yes,Yes,Yes,0
-0.30015585439803716,0.8521132511662559,One year,Fiber optic,Electronic check,Yes,No,No,Yes,No,0
1.4100994218432374,0.8238627021634315,One year,Fiber optic,Electronic check,No,Yes,Yes,No,No,0
-1.1145631287986442,-0.3011738669490337,Month-to-month,DSL,Mailed check,Yes,Yes,No,No,No,2
-0.7073594915983407,-1.328164413051698,Month-to-month,No,Electronic check,Yes,No internet service,No internet service,No internet service,No internet service,1
-0.5037576729981889,-1.4876969250676457,Month-to-month,No,Electronic check,No,No internet service,No internet service,No internet service,No internet service,1
-1.1960038562387048,-0.28621769394753876,Month-to-month,DSL,Mailed check,Yes,No,No,No,Yes,2
0.880734693482843,1.3440051632154282,One year,Fiber optic,Electronic check,Yes,Yes,No,Yes,No,0
0.3920903288424788,-1.502653098069141,One year,No,Mailed check,Yes,No internet service,No internet service,No internet service,No internet service,1
-0.9516816739185228,0.4981504901308714,Month-to-month,Fiber optic,Electronic check,Yes,No,No,No,No,2
1.247217966963116,1.086426628189679,Two year,Fiber optic,Bank transfer (automatic),No,No,No,Yes,No,0
1.4915401492832983,-1.3464441800535252,Two year,No,Bank transfer (automatic),No,No internet service,No internet service,No internet service,No internet service,1
1.4915401492832983,-1.3348116010523623,Two year,No,Credit card (automatic),No,No internet service,No internet service,No internet service,No internet service,1
0.3106496014024181,-0.4856333339674735,Month-to-month,DSL,Mailed check,Yes,No,No,No,No,2
1.125056875803025,-0.8362725010025254,Two year,DSL,Bank transfer (automatic),No,No,Yes,No,Yes,0
-1.1552834925186746,0.9850570111795457,Month-to-month,Fiber optic,Bank transfer (automatic),Yes,Yes,Yes,No,Yes,0
1.5729808767233588,0.8338334841644282,Two year,DSL,Mailed check,No,Yes,Yes,Yes,Yes,0
0.18848851024232702,0.47156173812821356,Month-to-month,Fiber optic,Credit card (automatic),Yes,No,No,No,Yes,2
-0.015113308357824713,1.1329569441943304,Month-to-month,Fiber optic,Credit card (automatic),Yes,No,No,Yes,No,2
0.26992923768238775,-0.3626603559551803,Two year,DSL,Credit card (automatic),Yes,Yes,No,No,No,0
0.22920887396235737,-1.3464441800535252,One year,No,Electronic check,Yes,No internet service,No internet service,No internet service,No internet service,1
0.7992939660427822,0.8205391081630994,Two year,Fiber optic,Credit card (automatic),Yes,No,No,No,Yes,0
0.6364125111626608,1.3456669602155942,Month-to-month,Fiber optic,Credit card (automatic),Yes,No,Yes,Yes,No,2
1.5322605130033284,-0.17487729493640844,Two year,DSL,Bank transfer (automatic),No,Yes,Yes,Yes,Yes,0
-0.5037576729981889,0.19237984210030468,Month-to-month,Fiber optic,Credit card (automatic),No,No,No,No,No,2
0.7178532386027215,0.5895493251400082,One year,DSL,Credit card (automatic),Yes,Yes,Yes,Yes,Yes,0
-0.5444780367182193,-0.6617838159850825,One year,DSL,Credit card (automatic),Yes,No,No,Yes,No,0
-0.30015585439803716,-0.10508182092943122,One year,DSL,Bank transfer (automatic),Yes,No,Yes,No,Yes,0
-0.8295205827584317,-0.5221928679711283,Month-to-month,DSL,Bank transfer (automatic),Yes,No,No,No,No,2
0.26992923768238775,1.3589613362169235,Month-to-month,Fiber optic,Electronic check,Yes,No,No,Yes,Yes,2
-1.0331224013585834,0.32864719611392706,Month-to-month,Fiber optic,Mailed check,No,No,No,No,Yes,0
-0.38159658183809786,0.04946530008601819,One year,DSL,Mailed check,Yes,Yes,Yes,No,Yes,0
-0.21871512695797646,-1.5076384890696393,Month-to-month,No,Electronic check,Yes,No internet service,No internet service,No internet service,No internet service,1
0.5956921474426305,0.7075369121518029,Month-to-month,Fiber optic,Credit card (automatic),Yes,No,No,Yes,No,2
-0.2594354906780068,-1.51594747407047,Two year,No,Credit card (automatic),Yes,No internet service,No internet service,No internet service,No internet service,1
-0.748079855318371,-0.0020504069191315333,Month-to-month,DSL,Bank transfer (automatic),Yes,No,Yes,Yes,No,0
-0.8702409464784621,1.3057838322116073,Month-to-month,Fiber optic,Bank transfer (automatic),Yes,Yes,No,Yes,Yes,2
-1.2367242199587352,-1.5126238800701375,Month-to-month,No,Mailed check,No,No internet service,No internet service,No internet service,No internet service,1
-0.2594354906780068,0.5712695581381809,Month-to-month,Fiber optic,Electronic check,No,No,Yes,No,No,2
1.6137012404433893,1.6580847962468257,Two year,Fiber optic,Bank transfer (automatic),Yes,Yes,Yes,Yes,Yes,0
1.247217966963116,-1.4876969250676457,Two year,No,Credit card (automatic),No,No internet service,No internet service,No internet service,No internet service,1
1.5729808767233588,-1.4943441130683104,Two year,No,Mailed check,No,No internet service,No internet service,No internet service,No internet service,1
-0.8702409464784621,0.012905766082363669,Month-to-month,DSL,Bank transfer (automatic),Yes,No,Yes,Yes,No,0
-0.748079855318371,-1.4993295040688086,One year,No,Mailed check,No,No internet service,No internet service,No internet service,No internet service,1
-0.7888002190384014,0.8039211381614382,Two year,DSL,Credit card (automatic),No,Yes,Yes,Yes,Yes,0
-1.0738427650786138,-1.481049737066981,Month-to-month,No,Mailed check,Yes,No internet service,No internet service,No internet service,No internet service,1
-0.8702409464784621,0.3469269631157543,Month-to-month,Fiber optic,Credit card (automatic),Yes,No,No,No,No,2
-0.5851984004382496,-0.26461433294537917,Month-to-month,DSL,Credit card (automatic),No,No,No,No,No,2
-1.2774445836787656,-0.9708780580159815,Month-to-month,DSL,Electronic check,Yes,No,No,No,No,2
-0.015113308357824713,0.356897745116751,Month-to-month,Fiber optic,Bank transfer (automatic),Yes,No,Yes,No,No,2
-0.13727439951791576,-0.9692162610158153,One year,DSL,Mailed check,No,Yes,Yes,No,No,0
-1.1960038562387048,-0.1499503399339166,Month-to-month,DSL,Electronic check,Yes,No,No,Yes,No,2
-1.2367242199587352,1.0099839661820376,Month-to-month,Fiber optic,Electronic check,Yes,No,No,Yes,No,2
-0.7888002190384014,1.0598378761870213,Month-to-month,Fiber optic,Mailed check,Yes,No,No,Yes,Yes,2
0.35136996512244845,-0.8113455460000336,Month-to-month,DSL,Electronic check,Yes,No,No,No,No,2
-1.2774445836787656,-1.5259182560714666,Month-to-month,No,Electronic check,No,No internet service,No internet service,No internet service,No internet service,1
-1.0331224013585834,-0.32942441595185784,Month-to-month,DSL,Mailed check,No,No,No,Yes,No,2
0.7992939660427822,-0.015344782920460707,One year,DSL,Mailed check,Yes,No,Yes,Yes,Yes,0
0.5142514200025698,-1.3331498040521963,Two year,No,Bank transfer (automatic),Yes,No internet service,No internet service,No internet service,No internet service,1
1.5322605130033284,0.37683930911874425,Two year,DSL,Credit card (automatic),No,Yes,No,Yes,Yes,0
0.8400143297628127,-1.5309036470719648,Two year,No,Mailed check,No,No internet service,No internet service,No internet service,No internet service,1
1.2064976032430856,1.1030445981913404,One year,Fiber optic,Credit card (automatic),Yes,No,No,Yes,Yes,0
1.125056875803025,0.9750862291785486,Month-to-month,Fiber optic,Credit card (automatic),Yes,No,Yes,No,No,2
-1.1960038562387048,0.5197538511330312,Month-to-month,Fiber optic,Electronic check,Yes,No,No,Yes,No,2
-0.38159658183809786,1.0083221691818711,Month-to-month,Fiber optic,Electronic check,Yes,No,Yes,Yes,No,2
-1.2774445836787656,-1.1104690060299358,Month-to-month,DSL,Mailed check,Yes,No,No,No,No,2
1.4100994218432374,0.252204534106285,One year,DSL,Bank transfer (automatic),Yes,Yes,Yes,No,Yes,0
-0.8295205827584317,0.830509890164096,Month-to-month,Fiber optic,Bank transfer (automatic),Yes,No,No,Yes,No,2
1.5729808767233588,0.5961965131406728,Two year,DSL,Bank transfer (automatic),Yes,Yes,Yes,No,Yes,0
-0.30015585439803716,-1.491020519067978,One year,No,Credit card (automatic),No,No internet service,No internet service,No internet service,No internet service,1
-1.1145631287986442,-0.3643221529553466,Month-to-month,DSL,Electronic check,Yes,No,Yes,No,No,2
-0.2594354906780068,-0.43910301796282214,One year,DSL,Credit card (automatic),Yes,No,No,No,No,0
-1.2774445836787656,-1.4993295040688086,One year,No,Mailed check,No,No internet service,No internet service,No internet service,No internet service,1
1.5322605130033284,-0.6883725679877406,One year,DSL,Credit card (automatic),Yes,No,No,Yes,Yes,0
1.6137012404433893,1.6364814352446657,Two year,Fiber optic,Electronic check,Yes,Yes,Yes,Yes,Yes,0
1.125056875803025,0.9850570111795457,One year,Fiber optic,Electronic check,Yes,No,No,Yes,No,0
-0.015113308357824713,1.1844726511994805,Month-to-month,Fiber optic,Electronic check,Yes,No,No,Yes,No,2
-1.2774445836787656,-1.4926823160681442,Month-to-month,No,Electronic check,Yes,No internet service,No internet service,No internet service,No internet service,1
-0.748079855318371,-0.3493659799538514,One year,DSL,Mailed check,Yes,No,No,No,No,0
-0.7888002190384014,0.5064594751317021,Month-to-month,Fiber optic,Credit card (automatic),Yes,No,Yes,No,No,2
-1.0738427650786138,1.5002140812310438,Month-to-month,Fiber optic,Credit card (automatic),Yes,Yes,No,Yes,Yes,2
0.5549717837226001,0.47987072312904416,Two year,DSL,Mailed check,No,No,Yes,Yes,Yes,0
-0.7073594915983407,1.2160467942026365,Month-to-month,Fiber optic,Electronic check,Yes,Yes,No,Yes,Yes,2
0.43281069256250915,0.9817334171792131,Month-to-month,Fiber optic,Electronic check,Yes,Yes,No,Yes,No,2
0.26992923768238775,-0.4972659129686364,Two year,DSL,Bank transfer (automatic),Yes,Yes,No,No,No,0
-0.46303730927815856,-0.15659752793458118,Month-to-month,DSL,Bank transfer (automatic),Yes,No,No,Yes,Yes,2
1.002895784642934,-0.3659839499555126,Month-to-month,DSL,Electronic check,Yes,No,Yes,Yes,Yes,0
0.8400143297628127,0.9534828681763893,One year,Fiber optic,Electronic check,Yes,Yes,No,Yes,No,0
-0.5851984004382496,0.7690234011579498,Month-to-month,Fiber optic,Mailed check,Yes,No,Yes,Yes,Yes,2
-1.2774445836787656,-0.15327393393424887,Month-to-month,DSL,Electronic check,Yes,No,No,No,No,2
1.0436161483629645,-0.12336158793125872,One year,DSL,Bank transfer (automatic),Yes,Yes,Yes,No,No,0
1.5729808767233588,1.3057838322116073,Two year,Fiber optic,Bank transfer (automatic),No,No,No,Yes,Yes,0
0.10704778280226633,1.1462513201956595,One year,Fiber optic,Electronic check,Yes,Yes,No,Yes,Yes,0
-1.1960038562387048,0.6959043331506402,Month-to-month,Fiber optic,Credit card (automatic),No,No,No,No,Yes,0
0.22920887396235737,1.332372584214265,One year,Fiber optic,Electronic check,Yes,No,Yes,Yes,No,0
0.10704778280226633,0.14584952609565352,Two year,DSL,Credit card (automatic),Yes,Yes,Yes,No,Yes,0
-1.0331224013585834,0.8537750481664219,Month-to-month,Fiber optic,Electronic check,Yes,No,No,Yes,Yes,2
0.5956921474426305,0.32200000811326246,Two year,DSL,Mailed check,No,Yes,No,Yes,Yes,0
-0.748079855318371,-0.4756625519664766,Month-to-month,DSL,Electronic check,No,No,No,No,No,2
-0.5037576729981889,-0.1582593249347472,Month-to-month,DSL,Electronic check,Yes,No,No,No,No,2
1.369379058123207,0.6809481601491449,Two year,DSL,Electronic check,No,Yes,Yes,Yes,No,0
-0.7073594915983407,-1.505976692069473,Month-to-month,No,Credit card (automatic),Yes,No internet service,No internet service,No internet service,No internet service,1
0.3920903288424788,-1.462769970065154,Two year,No,Bank transfer (automatic),Yes,No internet service,No internet service,No internet service,No internet service,1
-0.62591876415828,0.46989994112804756,Month-to-month,Fiber optic,Electronic check,No,No,Yes,No,No,2
0.18848851024232702,1.3207400052131024,One year,Fiber optic,Credit card (automatic),Yes,Yes,No,Yes,No,0
-0.8295205827584317,-0.5105602889699654,Month-to-month,DSL,Electronic check,Yes,No,No,No,No,2
0.8400143297628127,0.9800716201790471,One year,Fiber optic,Bank transfer (automatic),Yes,No,No,Yes,No,0
1.125056875803025,-1.3215172250510334,Two year,No,Mailed check,No,No internet service,No internet service,No internet service,No internet service,1
-0.5851984004382496,-1.303237458049206,Month-to-month,DSL,Credit card (automatic),No,No,No,No,No,2
-1.2774445836787656,0.33695618111475767,Month-to-month,Fiber optic,Electronic check,Yes,No,No,No,No,2
-1.1960038562387048,0.179085466098976,Month-to-month,Fiber optic,Electronic check,Yes,No,No,No,No,2
-0.9516816739185228,0.15415851109648415,Month-to-month,DSL,Credit card (automatic),Yes,Yes,No,Yes,No,2
-1.2774445836787656,0.5147684601325326,Month-to-month,Fiber optic,Electronic check,Yes,No,No,Yes,No,2
0.9621754209229036,0.9435120861753926,One year,Fiber optic,Electronic check,Yes,No,Yes,No,Yes,0
-0.62591876415828,0.14086413509515497,Month-to-month,Fiber optic,Electronic check,Yes,No,No,No,No,2
-0.8702409464784621,0.05278889408635025,Month-to-month,DSL,Electronic check,Yes,Yes,No,No,No,2
-1.0331224013585834,0.15914390209698223,Month-to-month,Fiber optic,Electronic check,Yes,No,No,No,No,2
1.4915401492832983,-1.481049737066981,Two year,No,Bank transfer (automatic),No,No internet service,No internet service,No internet service,No internet service,1
-0.5444780367182193,0.7058751151516368,Month-to-month,Fiber optic,Bank transfer (automatic),Yes,No,No,No,No,2
-1.1960038562387048,0.5164302571326987,Month-to-month,Fiber optic,Electronic check,Yes,No,No,No,No,2
0.880734693482843,-1.4744025490663168,Two year,No,Credit card (automatic),No,No internet service,No internet service,No internet service,No internet service,1
1.2064976032430856,-1.3630621500551865,One year,No,Credit card (automatic),Yes,No internet service,No internet service,No internet service,No internet service,1
-0.3408762181180675,0.8570986421667539,Month-to-month,Fiber optic,Credit card (automatic),Yes,No,No,Yes,No,2
1.2064976032430856,0.18905624809997262,Month-to-month,DSL,Credit card (automatic),Yes,No,No,Yes,No,2
-0.62591876415828,0.03284733008435696,Month-to-month,DSL,Bank transfer (automatic),No,No,Yes,No,No,2
-0.9516816739185228,-1.3348116010523623,Month-to-month,DSL,Mailed check,Yes,No,No,No,No,2
1.2879383306831464,0.14917312009598557,Two year,DSL,Mailed check,No,Yes,Yes,Yes,Yes,0
-1.2367242199587352,0.37019212111808014,Month-to-month,Fiber optic,Electronic check,Yes,No,No,No,No,2
-1.2774445836787656,-0.62854787598176,Month-to-month,DSL,Mailed check,Yes,No,No,No,No,2
-0.6666391278783103,-0.4922805219681379,Month-to-month,DSL,Electronic check,Yes,Yes,No,Yes,No,2
1.6137012404433893,-1.3331498040521963,Two year,No,Bank transfer (automatic),No,No internet service,No internet service,No internet service,No internet service,1
-0.0965540357978854,0.8521132511662559,One year,Fiber optic,Bank transfer (automatic),No,No,Yes,No,Yes,0
0.6771328748826912,1.1994288242009752,Month-to-month,Fiber optic,Mailed check,Yes,No,Yes,Yes,No,2
1.1657772395230555,0.35191235411625243,Two year,DSL,Credit card (automatic),No,Yes,Yes,No,Yes,0
0.5956921474426305,0.7457582431556239,Month-to-month,Fiber optic,Electronic check,No,No,No,Yes,No,2
-0.5037576729981889,-0.012021188920128179,Month-to-month,DSL,Credit card (automatic),No,No,Yes,No,Yes,2
0.06632741908223598,0.4499583771260538,Month-to-month,Fiber optic,Electronic check,No,No,No,Yes,No,2
1.5322605130033284,-1.33148800705203,Two year,No,Bank transfer (automatic),No,No internet service,No internet service,No internet service,No internet service,1
0.880734693482843,1.3656085242175875,One year,Fiber optic,Electronic check,Yes,Yes,Yes,Yes,No,0
1.1657772395230555,1.114677177192503,One year,Fiber optic,Mailed check,Yes,Yes,No,Yes,Yes,0
-1.1960038562387048,0.40508985812156867,Month-to-month,Fiber optic,Electronic check,Yes,No,No,No,No,2
-0.7888002190384014,-1.505976692069473,One year,No,Mailed check,No,No internet service,No internet service,No internet service,No internet service,1
-0.6666391278783103,1.04321990618536,Month-to-month,Fiber optic,Electronic check,Yes,No,No,Yes,No,2
-1.1960038562387048,-0.2014660469390663,Month-to-month,DSL,Credit card (automatic),Yes,No,No,Yes,No,2
-0.30015585439803716,-1.4827115340671475,Month-to-month,No,Mailed check,Yes,No internet service,No internet service,No internet service,No internet service,1
-0.0965540357978854,-0.00869759491979612,Month-to-month,DSL,Mailed check,Yes,No,Yes,No,No,2
-0.46303730927815856,-1.2051914350394048,Month-to-month,DSL,Electronic check,No,No,Yes,No,No,2
-1.2774445836787656,-0.6468276429835875,Month-to-month,DSL,Electronic check,No,No,No,No,No,2
-0.7073594915983407,-1.5076384890696393,Month-to-month,No,Bank transfer (automatic),No,No internet service,No internet service,No internet service,No internet service,1
-0.38159658183809786,0.8537750481664219,Month-to-month,Fiber optic,Electronic check,Yes,No,No,Yes,No,2
0.5142514200025698,1.3423433662152622,Month-to-month,Fiber optic,Electronic check,Yes,No,Yes,Yes,No,2
-0.3408762181180675,0.611152686142168,One year,Fiber optic,Bank transfer (automatic),No,No,No,No,Yes,0
-0.8702409464784621,0.8438042661654253,Month-to-month,Fiber optic,Electronic check,No,Yes,No,Yes,No,2
-1.2774445836787656,-0.6551366279844181,Month-to-month,DSL,Mailed check,No,No,No,No,No,2
0.9621754209229036,1.2775332832087833,Two year,Fiber optic,Bank transfer (automatic),No,Yes,No,Yes,Yes,0
-1.2774445836787656,0.36686852711774764,Month-to-month,Fiber optic,Electronic check,No,No,No,No,No,2
-1.2774445836787656,-1.505976692069473,Month-to-month,No,Electronic check,No,No internet service,No internet service,No internet service,No internet service,1
-1.0331224013585834,0.4831943171293762,Month-to-month,Fiber optic,Electronic check,Yes,No,No,No,No,2
0.9214550572028734,0.7989357471609396,Two year,Fiber optic,Credit card (automatic),No,Yes,No,Yes,Yes,0
-1.2367242199587352,-1.125425179031431,Month-to-month,DSL,Electronic check,Yes,Yes,No,No,No,2
1.6137012404433893,0.7025515211513048,Two year,DSL,Credit card (automatic),Yes,Yes,Yes,Yes,Yes,0
0.5142514200025698,-1.0157465770204666,One year,DSL,Electronic check,No,No,No,No,No,0
0.5956921474426305,-1.4827115340671475,Two year,No,Mailed check,No,No internet service,No internet service,No internet service,No internet service,1
0.5549717837226001,1.0133075601823696,One year,Fiber optic,Credit card (automatic),No,No,No,Yes,No,0
-1.2367242199587352,-0.4806479429669752,Month-to-month,DSL,Mailed check,Yes,No,No,No,No,2
-1.2367242199587352,0.5114448661322006,Month-to-month,Fiber optic,Electronic check,Yes,Yes,Yes,No,No,2
-0.8295205827584317,-0.44907379996381874,Month-to-month,DSL,Electronic check,Yes,No,No,No,No,2
1.4508197855632678,0.8255244991635975,Month-to-month,Fiber optic,Bank transfer (automatic),Yes,No,No,No,No,2
1.4915401492832983,1.0116457631822036,Two year,Fiber optic,Credit card (automatic),Yes,Yes,No,Yes,No,0
0.9621754209229036,0.9983513871808745,One year,Fiber optic,Credit card (automatic),No,No,Yes,Yes,No,0
-1.1552834925186746,0.5147684601325326,Month-to-month,Fiber optic,Electronic check,Yes,No,Yes,No,No,2
1.2879383306831464,0.37683930911874425,Two year,DSL,Bank transfer (automatic),Yes,Yes,No,Yes,Yes,0
1.0843365120829946,1.5085230662318745,One year,Fiber optic,Electronic check,Yes,No,Yes,Yes,Yes,0
1.2064976032430856,1.6879971422498155,Two year,Fiber optic,Bank transfer (automatic),No,Yes,Yes,Yes,Yes,0
1.247217966963116,-1.3331498040521963,Two year,No,Credit card (automatic),No,No internet service,No internet service,No internet service,No internet service,1
0.8400143297628127,-0.3709693409560109,One year,DSL,Electronic check,Yes,Yes,Yes,Yes,Yes,0
-1.1145631287986442,-1.505976692069473,Month-to-month,No,Mailed check,No,No internet service,No internet service,No internet service,No internet service,1
0.6771328748826912,0.7789941831589463,Month-to-month,Fiber optic,Electronic check,Yes,No,Yes,No,Yes,2
1.2064976032430856,1.2093996062019723,Two year,Fiber optic,Bank transfer (automatic),Yes,No,Yes,Yes,No,0
0.9214550572028734,-0.26461433294537917,Two year,DSL,Mailed check,No,Yes,Yes,No,No,0
1.5729808767233588,1.1512367111961581,Two year,Fiber optic,Electronic check,Yes,Yes,Yes,Yes,Yes,0
1.6137012404433893,-1.4843733310673135,Two year,No,Credit card (automatic),Yes,No internet service,No internet service,No internet service,No internet service,1
0.14776814652229667,-0.1349941669324214,One year,DSL,Credit card (automatic),No,Yes,Yes,Yes,Yes,0
-0.30015585439803716,-1.4561227820644893,One year,No,Bank transfer (automatic),Yes,No internet service,No internet service,No internet service,No internet service,1
1.6137012404433893,1.6647319842474897,Two year,Fiber optic,Bank transfer (automatic),Yes,Yes,Yes,Yes,Yes,0
0.14776814652229667,-1.5126238800701375,One year,No,Bank transfer (automatic),Yes,No internet service,No internet service,No internet service,No internet service,1
-1.2774445836787656,-0.0651986929254444,Month-to-month,DSL,Mailed check,Yes,No,No,Yes,No,2
1.6137012404433893,1.3539759452164248,Two year,Fiber optic,Electronic check,Yes,No,Yes,Yes,Yes,0
1.0843365120829946,-1.4926823160681442,Two year,No,Mailed check,No,No internet service,No internet service,No internet service,No internet service,1
-1.0331224013585834,0.8222009051632655,Month-to-month,Fiber optic,Electronic check,Yes,No,No,Yes,No,2
-1.2774445836787656,0.31036742911209936,One year,DSL,Credit card (automatic),No,Yes,No,Yes,Yes,0
-0.0965540357978854,1.42044782522307,Month-to-month,Fiber optic,Electronic check,Yes,Yes,No,Yes,Yes,2
1.2879383306831464,-1.502653098069141,Two year,No,Mailed check,No,No internet service,No internet service,No internet service,No internet service,1
1.247217966963116,0.1342169470944904,One year,DSL,Bank transfer (automatic),No,Yes,Yes,No,Yes,0
1.6137012404433893,0.6543594081464871,Two year,DSL,Credit card (automatic),No,No,Yes,Yes,Yes,0
-0.9924020376385531,0.3402797751150897,Month-to-month,Fiber optic,Electronic check,No,No,Yes,No,No,2
1.2064976032430856,0.6560212051466532,Two year,DSL,Bank transfer (automatic),No,Yes,No,Yes,Yes,0
1.4100994218432374,1.5434208032353631,Two year,Fiber optic,Bank transfer (automatic),Yes,Yes,No,Yes,Yes,0
-1.0738427650786138,-0.6651074099854147,Month-to-month,DSL,Electronic check,No,No,No,No,No,2
1.5322605130033284,0.5264010391336954,Two year,DSL,Bank transfer (automatic),Yes,Yes,Yes,Yes,No,0
-0.5037576729981889,0.5297246331340278,Month-to-month,Fiber optic,Bank transfer (automatic),No,No,No,Yes,No,2
-1.1145631287986442,0.36022133911708304,Month-to-month,Fiber optic,Electronic check,No,No,No,No,No,2
-0.3408762181180675,-0.23802558094272108,One year,DSL,Electronic check,No,No,Yes,Yes,Yes,0
-0.8702409464784621,-0.6883725679877406,Month-to-month,DSL,Electronic check,Yes,No,No,No,No,2
1.6137012404433893,1.5234792392333694,Two year,Fiber optic,Credit card (automatic),Yes,Yes,No,Yes,Yes,0
1.369379058123207,-0.21808401694072754,Two year,DSL,Credit card (automatic),Yes,Yes,Yes,No,No,0
0.5142514200025698,0.5396954151350245,Two year,DSL,Mailed check,Yes,Yes,Yes,Yes,Yes,0
1.4915401492832983,-1.4976677070686424,Two year,No,Bank transfer (automatic),No,No internet service,No internet service,No internet service,No internet service,1
-0.7073594915983407,0.6925807391503077,Month-to-month,Fiber optic,Bank transfer (automatic),Yes,No,No,No,No,2
-0.1779947632379461,-0.1732154979362424,Month-to-month,DSL,Bank transfer (automatic),Yes,No,No,Yes,Yes,2
1.5322605130033284,1.6879971422498155,One year,Fiber optic,Credit card (automatic),No,Yes,Yes,Yes,Yes,0
0.14776814652229667,0.358559542116917,One year,DSL,Mailed check,Yes,Yes,Yes,No,Yes,0
-0.6666391278783103,0.7258166791536301,Month-to-month,Fiber optic,Electronic check,Yes,No,No,Yes,No,2
-0.5851984004382496,0.6792863631489789,Month-to-month,Fiber optic,Electronic check,Yes,No,No,Yes,No,2
0.06632741908223598,1.0930738161903437,Month-to-month,Fiber optic,Electronic check,Yes,No,No,Yes,No,2
0.3920903288424788,-0.6534748309842519,One year,DSL,Credit card (automatic),Yes,No,No,No,Yes,0
0.6364125111626608,0.20567421810163386,One year,DSL,Bank transfer (automatic),Yes,Yes,Yes,No,No,0
0.5956921474426305,1.4885815022298807,Month-to-month,Fiber optic,Electronic check,Yes,Yes,No,Yes,Yes,2
0.26992923768238775,0.8238627021634315,One year,Fiber optic,Electronic check,Yes,Yes,No,No,Yes,2
-0.8702409464784621,-1.4577845790646555,Two year,No,Credit card (automatic),No,No internet service,No internet service,No internet service,No internet service,1
-1.0331224013585834,-1.4893587220678117,Month-to-month,No,Mailed check,Yes,No internet service,No internet service,No internet service,No internet service,1
-1.1960038562387048,-1.3348116010523623,Month-to-month,No,Mailed check,No,No internet service,No internet service,No internet service,No internet service,1
-0.9924020376385531,0.06442147308751339,Month-to-month,DSL,Electronic check,Yes,No,Yes,No,Yes,2
-1.2774445836787656,-1.505976692069473,Month-to-month,No,Mailed check,Yes,No internet service,No internet service,No internet service,No internet service,1
-0.015113308357824713,0.9983513871808745,One year,Fiber optic,Mailed check,No,No,Yes,No,Yes,0
1.125056875803025,0.03617092408468901,One year,DSL,Bank transfer (automatic),Yes,Yes,Yes,No,Yes,0
-0.9109613101984924,-1.4893587220678117,Month-to-month,No,Bank transfer (automatic),Yes,No internet service,No internet service,No internet service,No internet service,1
1.5729808767233588,-1.3331498040521963,Two year,No,Bank transfer (automatic),Yes,No internet service,No internet service,No internet service,No internet service,1
-1.1552834925186746,-1.4760643460664828,Month-to-month,No,Mailed check,No,No internet service,No internet service,No internet service,No internet service,1
-1.2774445836787656,0.14917312009598557,Month-to-month,Fiber optic,Electronic check,Yes,No,No,No,No,2
0.43281069256250915,-0.44907379996381874,One year,DSL,Bank transfer (automatic),Yes,Yes,Yes,Yes,No,0
1.0843365120829946,1.15456030519649,One year,Fiber optic,Bank transfer (automatic),Yes,No,No,Yes,Yes,0
-0.38159658183809786,-0.3493659799538514,Month-to-month,DSL,Electronic check,No,Yes,No,No,Yes,2
1.6137012404433893,-1.5076384890696393,Two year,No,Bank transfer (automatic),No,No internet service,No internet service,No internet service,No internet service,1
-0.4223169455581282,-0.28289409994720643,One year,DSL,Credit card (automatic),Yes,Yes,Yes,No,No,0
-1.2774445836787656,-1.3165318340505352,Month-to-month,DSL,Mailed check,Yes,No,No,No,No,2
1.4915401492832983,-1.3564149620545218,Two year,No,Bank transfer (automatic),No,No internet service,No internet service,No internet service,No internet service,1
0.7178532386027215,-0.9758634490164798,One year,DSL,Mailed check,Yes,Yes,Yes,No,No,0
-1.2774445836787656,-1.3148700370503688,Month-to-month,DSL,Electronic check,Yes,No,No,No,No,2
-1.2367242199587352,-0.6567984249845842,Month-to-month,DSL,Mailed check,Yes,No,No,No,No,2
-0.7073594915983407,0.35191235411625243,Month-to-month,Fiber optic,Bank transfer (automatic),No,No,No,No,No,2
-0.055833672077855064,-1.4744025490663168,Two year,No,Bank transfer (automatic),No,No internet service,No internet service,No internet service,No internet service,1
-1.2774445836787656,-1.4827115340671475,Month-to-month,No,Mailed check,No,No internet service,No internet service,No internet service,No internet service,1
1.369379058123207,1.3373579752147637,Month-to-month,Fiber optic,Credit card (automatic),Yes,No,No,Yes,Yes,2
-1.318164947398796,-0.28954128794787104,Two year,DSL,Credit card (automatic),No,Yes,Yes,Yes,Yes,0
-1.1960038562387048,-0.33440980695235617,Month-to-month,DSL,Credit card (automatic),Yes,No,No,Yes,No,2
-0.9924020376385531,-1.4876969250676457,Two year,No,Mailed check,No,No internet service,No internet service,No internet service,No internet service,1
1.2879383306831464,0.27546969210861083,One year,DSL,Credit card (automatic),Yes,No,Yes,Yes,Yes,0
-0.1779947632379461,-1.4710789550659844,Month-to-month,No,Mailed check,No,No internet service,No internet service,No internet service,No internet service,1
1.002895784642934,1.1961052302006432,One year,Fiber optic,Credit card (automatic),Yes,No,No,Yes,Yes,0
-0.748079855318371,0.7474200401557899,Month-to-month,Fiber optic,Electronic check,Yes,No,No,No,Yes,2
-0.5444780367182193,-1.4893587220678117,Two year,No,Mailed check,Yes,No internet service,No internet service,No internet service,No internet service,1
-0.9109613101984924,0.5047976781315361,Month-to-month,Fiber optic,Electronic check,Yes,No,No,Yes,No,2
0.758573602322752,-0.5022513039691348,Month-to-month,DSL,Electronic check,Yes,No,No,Yes,No,2
1.4100994218432374,0.0295237360840249,Two year,DSL,Mailed check,No,No,Yes,No,Yes,0
-0.8702409464784621,-1.4727407520661506,Month-to-month,No,Electronic check,Yes,No internet service,No internet service,No internet service,No internet service,1
1.6137012404433893,-0.12668518193159078,Two year,DSL,Bank transfer (automatic),No,Yes,Yes,Yes,Yes,0
1.369379058123207,-1.4760643460664828,One year,No,Electronic check,Yes,No internet service,No internet service,No internet service,No internet service,1
-0.5851984004382496,0.7839795741594444,Month-to-month,Fiber optic,Electronic check,Yes,Yes,No,Yes,No,2
-0.9516816739185228,-1.504314895069307,Month-to-month,No,Electronic check,Yes,No internet service,No internet service,No internet service,No internet service,1
-0.9516816739185228,0.3469269631157543,Month-to-month,Fiber optic,Credit card (automatic),Yes,No,No,No,No,2
0.6364125111626608,1.5517297882361936,Month-to-month,Fiber optic,Bank transfer (automatic),Yes,No,Yes,Yes,Yes,0
-0.9109613101984924,0.179085466098976,Month-to-month,Fiber optic,Mailed check,No,No,No,No,No,2
-0.9516816739185228,0.9966895901807084,Month-to-month,Fiber optic,Electronic check,Yes,No,No,Yes,No,2
-0.7888002190384014,1.0066603721817051,Month-to-month,Fiber optic,Electronic check,Yes,No,No,Yes,No,2
-1.1552834925186746,0.45494376812655235,Month-to-month,Fiber optic,Electronic check,No,No,No,No,No,2
-1.1552834925186746,0.18074726309914202,Month-to-month,Fiber optic,Electronic check,Yes,No,No,No,No,2
1.6137012404433893,0.9052907551715716,Two year,DSL,Bank transfer (automatic),No,Yes,Yes,Yes,Yes,0
0.758573602322752,0.6892571451499756,Two year,DSL,Credit card (automatic),No,Yes,Yes,Yes,Yes,0
1.0843365120829946,-0.788080387997708,Month-to-month,DSL,Bank transfer (automatic),Yes,No,No,No,No,2
-0.9109613101984924,0.6925807391503077,Month-to-month,Fiber optic,Electronic check,Yes,No,No,Yes,No,2
1.1657772395230555,0.5779167461388456,Month-to-month,Fiber optic,Electronic check,Yes,No,No,No,No,2
0.880734693482843,0.6526976111463211,One year,Fiber optic,Electronic check,No,Yes,Yes,No,Yes,0
0.025607055362205634,-0.12834697893175703,Month-to-month,DSL,Mailed check,Yes,No,Yes,No,No,2
-0.21871512695797646,-1.479387940066815,Two year,No,Bank transfer (automatic),Yes,No internet service,No internet service,No internet service,No internet service,1
-1.2774445836787656,0.47987072312904416,Month-to-month,Fiber optic,Electronic check,Yes,No,No,Yes,No,2
-0.38159658183809786,1.0149693571825356,Month-to-month,Fiber optic,Mailed check,No,No,No,Yes,No,2
-1.2774445836787656,-1.4926823160681442,Month-to-month,No,Mailed check,No,No internet service,No internet service,No internet service,No internet service,1
0.5142514200025698,0.6510358141461546,Two year,DSL,Mailed check,Yes,Yes,Yes,Yes,Yes,0
0.26992923768238775,-1.4926823160681442,Two year,No,Bank transfer (automatic),Yes,No internet service,No internet service,No internet service,No internet service,1
-1.1145631287986442,0.17410007509847744,One year,DSL,Mailed check,Yes,No,No,Yes,Yes,0
1.6137012404433893,0.5829021371393436,Two year,DSL,Bank transfer (automatic),No,Yes,Yes,Yes,Yes,0
1.0436161483629645,0.06774506708784545,Month-to-month,DSL,Bank transfer (automatic),Yes,No,No,Yes,No,0
1.5322605130033284,-0.6700928009859131,Two year,DSL,Bank transfer (automatic),Yes,Yes,Yes,No,Yes,0
1.1657772395230555,1.1196625681930017,One year,Fiber optic,Bank transfer (automatic),Yes,Yes,No,Yes,No,0
-1.2367242199587352,0.19736523310080326,Month-to-month,Fiber optic,Mailed check,No,No,No,No,No,2
0.5549717837226001,-1.3231790220511994,One year,No,Mailed check,No,No internet service,No internet service,No internet service,No internet service,1
-1.2774445836787656,-0.4922805219681379,Month-to-month,DSL,Bank transfer (automatic),Yes,No,No,No,No,2
-0.4223169455581282,0.14917312009598557,Month-to-month,Fiber optic,Electronic check,Yes,No,No,No,No,2
0.6364125111626608,1.2542681252064576,Two year,Fiber optic,Credit card (automatic),Yes,Yes,Yes,Yes,Yes,0
1.2879383306831464,0.7241548821534641,Two year,DSL,Credit card (automatic),No,Yes,No,Yes,Yes,0
1.6137012404433893,-1.3447823830533592,Two year,No,Bank transfer (automatic),No,No internet service,No internet service,No internet service,No internet service,1
-0.8295205827584317,-0.2130986259402292,Month-to-month,DSL,Credit card (automatic),Yes,No,No,Yes,Yes,2
0.06632741908223598,0.9800716201790471,Month-to-month,Fiber optic,Electronic check,Yes,No,No,No,Yes,2
1.6137012404433893,0.13255515009432434,Two year,DSL,Credit card (automatic),No,No,Yes,No,Yes,0
-0.13727439951791576,0.6992279271509723,Month-to-month,Fiber optic,Electronic check,Yes,No,No,No,Yes,2
0.025607055362205634,-1.4843733310673135,One year,No,Credit card (automatic),No,No internet service,No internet service,No internet service,No internet service,1
-1.2774445836787656,-1.4760643460664828,Month-to-month,No,Mailed check,No,No internet service,No internet service,No internet service,No internet service,1
1.2064976032430856,1.5301264272340338,One year,Fiber optic,Electronic check,Yes,Yes,No,Yes,Yes,0
0.35136996512244845,0.27380789510844483,One year,DSL,Electronic check,Yes,No,No,Yes,Yes,0
1.2879383306831464,1.1728400721983174,One year,Fiber optic,Credit card (automatic),Yes,No,No,Yes,Yes,0
-1.1552834925186746,0.6011819041411709,Month-to-month,Fiber optic,Credit card (automatic),Yes,No,No,No,Yes,2
-0.3408762181180675,0.6510358141461546,Month-to-month,Fiber optic,Electronic check,Yes,Yes,Yes,No,No,2
-0.748079855318371,-1.502653098069141,One year,No,Mailed check,No,No internet service,No internet service,No internet service,No internet service,1
-1.1960038562387048,-1.4893587220678117,Month-to-month,No,Mailed check,No,No internet service,No internet service,No internet service,No internet service,1
-1.1552834925186746,1.1645310871974868,Month-to-month,Fiber optic,Credit card (automatic),Yes,No,No,Yes,Yes,2
-0.5851984004382496,-0.9891578250178088,Month-to-month,DSL,Electronic check,Yes,No,No,No,No,2
-0.9924020376385531,0.04946530008601819,Month-to-month,DSL,Electronic check,Yes,No,No,Yes,No,2
0.10704778280226633,-1.3780183230566818,Two year,No,Bank transfer (automatic),No,No internet service,No internet service,No internet service,No internet service,1
-1.2774445836787656,0.3735157151184122,Month-to-month,Fiber optic,Electronic check,No,No,No,No,No,2
1.369379058123207,-1.3115464430500368,Two year,No,Credit card (automatic),Yes,No internet service,No internet service,No internet service,No internet service,1
-0.9924020376385531,-0.6717545979860794,Two year,DSL,Mailed check,Yes,Yes,Yes,No,No,0
1.5729808767233588,1.3074456292117733,One year,Fiber optic,Credit card (automatic),Yes,No,Yes,Yes,Yes,0
0.43281069256250915,0.9235705221733989,Month-to-month,Fiber optic,Bank transfer (automatic),Yes,No,No,No,Yes,2
-1.2367242199587352,0.966777244177718,Month-to-month,Fiber optic,Electronic check,Yes,No,No,Yes,No,2
-0.13727439951791576,1.219370388202969,Month-to-month,Fiber optic,Bank transfer (automatic),Yes,No,No,Yes,Yes,2
-0.7073594915983407,0.6493740171459885,Month-to-month,Fiber optic,Electronic check,Yes,No,No,Yes,Yes,2
1.3286586944031769,0.9900424021800438,Two year,Fiber optic,Credit card (automatic),No,Yes,Yes,No,Yes,0
0.10704778280226633,1.0216165451832002,Month-to-month,Fiber optic,Electronic check,No,Yes,No,Yes,Yes,2
1.2879383306831464,1.1811490571991479,One year,Fiber optic,Credit card (automatic),Yes,No,Yes,Yes,No,0
1.0436161483629645,-0.3078210549496983,Two year,DSL,Credit card (automatic),Yes,Yes,No,Yes,Yes,0
-0.5851984004382496,-0.49560411596847015,Month-to-month,DSL,Credit card (automatic),Yes,No,No,No,No,2
1.4100994218432374,0.8238627021634315,Month-to-month,Fiber optic,Bank transfer (automatic),Yes,No,No,No,No,2
1.247217966963116,-1.51594747407047,Two year,No,Mailed check,Yes,No internet service,No internet service,No internet service,No internet service,1
1.125056875803025,1.1645310871974868,Month-to-month,Fiber optic,Electronic check,Yes,No,No,Yes,No,2
-0.9516816739185228,0.6526976111463211,Month-to-month,Fiber optic,Credit card (automatic),Yes,No,No,No,No,2
1.5322605130033284,1.6049072922415093,Two year,Fiber optic,Credit card (automatic),Yes,Yes,Yes,Yes,Yes,0
-0.7073594915983407,1.2077378092018058,Month-to-month,Fiber optic,Electronic check,Yes,No,No,Yes,Yes,2
0.6364125111626608,-1.4893587220678117,One year,No,Mailed check,No,No internet service,No internet service,No internet service,No internet service,1
-0.8295205827584317,0.31202922611226586,Month-to-month,DSL,Electronic check,Yes,Yes,No,Yes,Yes,0
1.5729808767233588,0.9052907551715716,One year,Fiber optic,Electronic check,Yes,Yes,Yes,No,Yes,0
0.47353105628253944,0.3020584441112687,Month-to-month,Fiber optic,Electronic check,No,No,No,No,Yes,2
-1.2774445836787656,-0.4756625519664766,Month-to-month,DSL,Electronic check,Yes,No,No,No,No,2
0.5142514200025698,-1.3397969920528607,Two year,No,Mailed check,No,No internet service,No internet service,No internet service,No internet service,1
-0.38159658183809786,-1.328164413051698,One year,No,Credit card (automatic),No,No internet service,No internet service,No internet service,No internet service,1
0.43281069256250915,0.0029349840813665527,One year,DSL,Bank transfer (automatic),Yes,Yes,No,Yes,No,0
0.10704778280226633,-1.462769970065154,Month-to-month,No,Bank transfer (automatic),No,No internet service,No internet service,No internet service,No internet service,1
-0.9516816739185228,0.13920233809498894,Month-to-month,DSL,Mailed check,Yes,Yes,Yes,Yes,No,0
-0.8295205827584317,1.1695164781979852,Month-to-month,Fiber optic,Mailed check,Yes,Yes,No,Yes,No,2
1.3286586944031769,1.4835961112293827,Month-to-month,Fiber optic,Credit card (automatic),Yes,No,Yes,Yes,Yes,0
-1.2367242199587352,0.8853491911695783,Month-to-month,Fiber optic,Electronic check,Yes,No,No,Yes,Yes,2
-0.21871512695797646,-0.5238546649712943,Month-to-month,DSL,Mailed check,No,No,No,No,No,2
0.3106496014024181,-0.4823097399671412,One year,DSL,Mailed check,Yes,No,No,No,Yes,0
-1.1145631287986442,0.358559542116917,Month-to-month,Fiber optic,Credit card (automatic),Yes,No,No,No,Yes,2
-0.9924020376385531,-1.491020519067978,One year,No,Credit card (automatic),No,No internet service,No internet service,No internet service,No internet service,1
1.0436161483629645,1.0980592071908417,One year,Fiber optic,Bank transfer (automatic),Yes,No,No,Yes,No,0
0.7992939660427822,1.1811490571991479,One year,Fiber optic,Electronic check,No,No,Yes,Yes,Yes,0
-1.1960038562387048,-0.29785027294870164,Month-to-month,DSL,Mailed check,Yes,Yes,No,No,Yes,2
0.35136996512244845,1.541759006235197,Two year,Fiber optic,Electronic check,Yes,Yes,Yes,Yes,Yes,0
-0.5037576729981889,1.1229861621933337,Month-to-month,Fiber optic,Mailed check,Yes,Yes,No,Yes,No,2
-1.2774445836787656,-0.4889569279678058,Month-to-month,DSL,Electronic check,Yes,No,No,No,No,2
-1.1552834925186746,0.53304822713436,Month-to-month,Fiber optic,Credit card (automatic),No,Yes,No,No,No,2
-0.38159658183809786,-1.4594463760648215,Month-to-month,No,Electronic check,No,No internet service,No internet service,No internet service,No internet service,1
-1.0738427650786138,-1.504314895069307,Month-to-month,No,Bank transfer (automatic),No,No internet service,No internet service,No internet service,No internet service,1
-0.9924020376385531,-1.5093002860698053,Month-to-month,No,Mailed check,Yes,No internet service,No internet service,No internet service,No internet service,1
-0.5851984004382496,0.1574821050968162,Month-to-month,DSL,Mailed check,No,No,Yes,Yes,Yes,2
0.7992939660427822,-0.5305018529719588,Month-to-month,DSL,Credit card (automatic),Yes,No,Yes,Yes,No,0
-0.055833672077855064,0.9883806051798778,Month-to-month,Fiber optic,Electronic check,Yes,No,No,Yes,No,2
-0.13727439951791576,-1.4660935640654862,Month-to-month,No,Mailed check,Yes,No internet service,No internet service,No internet service,No internet service,1
0.14776814652229667,1.3722557122182522,Two year,Fiber optic,Credit card (automatic),Yes,Yes,Yes,No,Yes,0
-0.6666391278783103,1.1711782751981514,Month-to-month,Fiber optic,Electronic check,Yes,No,No,Yes,No,2
0.3920903288424788,1.4470365772257276,One year,Fiber optic,Electronic check,Yes,Yes,No,Yes,Yes,0
-1.2774445836787656,-1.4694171580658184,Month-to-month,No,Electronic check,No,No internet service,No internet service,No internet service,No internet service,1
1.125056875803025,1.1595456961969886,Two year,Fiber optic,Electronic check,Yes,No,No,Yes,Yes,0
-1.1145631287986442,0.682609957149311,Month-to-month,Fiber optic,Electronic check,Yes,No,No,No,Yes,2
-0.4223169455581282,1.0349109211845293,Month-to-month,Fiber optic,Credit card (automatic),No,Yes,Yes,Yes,No,2
0.14776814652229667,-1.4876969250676457,One year,No,Mailed check,No,No internet service,No internet service,No internet service,No internet service,1
-1.1552834925186746,0.1873944510998066,Month-to-month,Fiber optic,Electronic check,No,No,No,No,No,2
-0.9516816739185228,0.006258578081699082,Month-to-month,DSL,Mailed check,No,Yes,Yes,No,No,2
-1.2774445836787656,0.32698539911376057,Month-to-month,Fiber optic,Credit card (automatic),No,No,No,No,No,2
-0.8295205827584317,-0.5172074769706297,Month-to-month,DSL,Electronic check,Yes,No,Yes,No,No,2
-0.38159658183809786,0.29873485011093664,One year,DSL,Mailed check,Yes,Yes,No,Yes,No,0
1.2064976032430856,0.9152615371725683,One year,Fiber optic,Bank transfer (automatic),Yes,No,Yes,No,No,0
0.18848851024232702,1.1312951471941644,Month-to-month,Fiber optic,Bank transfer (automatic),No,Yes,No,Yes,No,2
-0.9924020376385531,-1.5142856770703037,Month-to-month,No,Mailed check,No,No internet service,No internet service,No internet service,No internet service,1
-0.055833672077855064,0.7939503561604415,Month-to-month,Fiber optic,Credit card (automatic),No,No,No,Yes,Yes,2
-0.7888002190384014,0.32033821111309646,Month-to-month,Fiber optic,Credit card (automatic),Yes,No,No,No,No,2
-0.3408762181180675,1.1296333501939984,Month-to-month,Fiber optic,Electronic check,Yes,No,No,Yes,Yes,2
0.5142514200025698,1.0365727181846955,Month-to-month,Fiber optic,Bank transfer (automatic),Yes,No,No,No,Yes,2
1.4915401492832983,1.3506523512160928,Two year,Fiber optic,Credit card (automatic),No,Yes,No,Yes,No,0
-1.2367242199587352,-1.479387940066815,Month-to-month,No,Mailed check,No,No internet service,No internet service,No internet service,No internet service,1
1.1657772395230555,1.3705939152180862,One year,Fiber optic,Electronic check,Yes,No,Yes,Yes,No,0
0.35136996512244845,1.327387193213767,Month-to-month,Fiber optic,Electronic check,Yes,No,No,Yes,Yes,2
0.47353105628253944,-0.5221928679711283,One year,DSL,Electronic check,Yes,No,No,Yes,Yes,0
0.26992923768238775,-0.9708780580159815,One year,DSL,Mailed check,No,Yes,No,No,Yes,0
1.6137012404433893,0.011243969082197169,Two year,DSL,Credit card (automatic),Yes,Yes,Yes,Yes,Yes,0
-0.7888002190384014,1.0664850641876853,Month-to-month,Fiber optic,Electronic check,Yes,No,No,Yes,Yes,2
0.758573602322752,0.1657910900976468,One year,DSL,Credit card (automatic),Yes,Yes,Yes,No,No,0
1.5729808767233588,1.1445895231954935,Two year,Fiber optic,Electronic check,Yes,No,No,Yes,Yes,0
-0.4223169455581282,1.0614996731871873,Month-to-month,Fiber optic,Electronic check,Yes,No,No,Yes,No,2
-1.2367242199587352,-0.3227772279511935,Month-to-month,DSL,Credit card (automatic),Yes,Yes,No,No,No,2
0.9621754209229036,1.397182667220744,One year,Fiber optic,Electronic check,Yes,No,No,Yes,Yes,0
-1.2774445836787656,-0.44907379996381874,Month-to-month,DSL,Mailed check,No,No,Yes,No,No,2
-0.38159658183809786,-0.23304018994222275,One year,DSL,Mailed check,Yes,Yes,Yes,No,No,0
1.369379058123207,0.20235062410130134,One year,DSL,Bank transfer (automatic),Yes,No,No,Yes,Yes,0
-1.2774445836787656,-1.502653098069141,Month-to-month,No,Mailed check,No,No internet service,No internet service,No internet service,No internet service,1
-0.5444780367182193,0.7789941831589463,Month-to-month,Fiber optic,Electronic check,Yes,No,No,Yes,No,2
-0.8702409464784621,0.4898415051300408,Month-to-month,Fiber optic,Bank transfer (automatic),Yes,No,Yes,No,Yes,2
-0.9924020376385531,-1.4960059100684764,One year,No,Mailed check,Yes,No internet service,No internet service,No internet service,No internet service,1
0.7992939660427822,1.109691786192005,Month-to-month,Fiber optic,Bank transfer (automatic),No,No,Yes,No,Yes,0
-1.1960038562387048,-1.479387940066815,Month-to-month,No,Electronic check,Yes,No internet service,No internet service,No internet service,No internet service,1
0.758573602322752,0.47820892612887816,Month-to-month,Fiber optic,Bank transfer (automatic),Yes,No,Yes,No,No,2
-0.7073594915983407,0.36188313611724954,Month-to-month,Fiber optic,Electronic check,No,No,No,No,No,2
1.2879383306831464,0.9800716201790471,Month-to-month,Fiber optic,Electronic check,Yes,No,No,No,Yes,2
0.18848851024232702,-0.8163309370005319,Month-to-month,DSL,Credit card (automatic),Yes,No,No,No,Yes,2
-0.7888002190384014,-1.4893587220678117,Two year,No,Mailed check,No,No internet service,No internet service,No internet service,No internet service,1
0.6771328748826912,-0.31280644595019663,One year,DSL,Electronic check,Yes,No,Yes,No,No,0
0.5142514200025698,1.2426355462052947,One year,Fiber optic,Bank transfer (automatic),Yes,No,No,Yes,Yes,0
-0.5851984004382496,0.21065960910213194,Month-to-month,Fiber optic,Electronic check,Yes,No,No,No,No,2
-1.2774445836787656,0.3303089931140931,Month-to-month,Fiber optic,Electronic check,Yes,No,No,No,No,2
1.4508197855632678,-0.3543513709543497,Two year,DSL,Bank transfer (automatic),Yes,No,Yes,Yes,Yes,0
0.880734693482843,-1.4993295040688086,Two year,No,Credit card (automatic),No,No internet service,No internet service,No internet service,No internet service,1
-0.38159658183809786,0.787303168159777,Month-to-month,Fiber optic,Bank transfer (automatic),Yes,No,No,No,Yes,2
-0.62591876415828,0.395119076120572,Month-to-month,Fiber optic,Electronic check,Yes,No,No,No,Yes,2
1.5729808767233588,0.5197538511330312,Two year,DSL,Credit card (automatic),No,Yes,Yes,No,Yes,0
1.4100994218432374,-1.5126238800701375,Two year,No,Bank transfer (automatic),Yes,No internet service,No internet service,No internet service,No internet service,1
-0.748079855318371,0.6659919871476498,Month-to-month,Fiber optic,Electronic check,Yes,No,No,Yes,No,2
-1.2774445836787656,-1.2949284730483754,Month-to-month,DSL,Mailed check,Yes,No,No,No,No,2
1.247217966963116,-1.504314895069307,Two year,No,Credit card (automatic),No,No internet service,No internet service,No internet service,No internet service,1
0.35136996512244845,0.12756975909382579,One year,DSL,Electronic check,Yes,Yes,No,No,Yes,0
-0.62591876415828,0.925232319173565,Month-to-month,Fiber optic,Electronic check,No,No,No,Yes,No,2
0.9621754209229036,1.1894580421999785,One year,Fiber optic,Electronic check,Yes,No,Yes,Yes,No,0
-1.1145631287986442,-1.4694171580658184,Month-to-month,No,Credit card (automatic),No,No internet service,No internet service,No internet service,No internet service,1
-1.2367242199587352,-0.736564680992558,Month-to-month,DSL,Electronic check,Yes,No,Yes,No,No,2
-1.1960038562387048,-1.5009913010689746,Month-to-month,No,Mailed check,Yes,No internet service,No internet service,No internet service,No internet service,1
0.18848851024232702,0.08934842809000525,One year,DSL,Electronic check,No,Yes,Yes,No,Yes,0
-0.13727439951791576,0.13587874409465642,Month-to-month,DSL,Bank transfer (automatic),Yes,No,Yes,No,Yes,2
-0.9924020376385531,-0.7049905379894018,Month-to-month,DSL,Mailed check,No,No,No,No,No,2
1.247217966963116,1.4985522842308774,Month-to-month,Fiber optic,Credit card (automatic),Yes,Yes,No,Yes,Yes,2
-1.0331224013585834,-1.4660935640654862,Month-to-month,No,Mailed check,No,No internet service,No internet service,No internet service,No internet service,1
-1.1960038562387048,1.0182929511828682,Month-to-month,Fiber optic,Electronic check,No,No,No,Yes,No,2
1.6137012404433893,-1.4544609850643233,Two year,No,Bank transfer (automatic),No,No internet service,No internet service,No internet service,No internet service,1
-0.5444780367182193,-0.2845558969473725,Month-to-month,DSL,Electronic check,Yes,No,No,No,No,2
1.0843365120829946,-1.5408744290729617,Two year,No,Bank transfer (automatic),No,No internet service,No internet service,No internet service,No internet service,1
-1.2367242199587352,0.8388188751649267,Month-to-month,Fiber optic,Credit card (automatic),No,Yes,No,No,Yes,0
0.10704778280226633,-1.2965902700485417,Month-to-month,No,Electronic check,Yes,No internet service,No internet service,No internet service,No internet service,1
-0.748079855318371,-1.5009913010689746,Month-to-month,No,Credit card (automatic),No,No internet service,No internet service,No internet service,No internet service,1
-0.748079855318371,0.35191235411625243,Month-to-month,Fiber optic,Electronic check,No,No,No,No,Yes,2
1.4915401492832983,-1.4943441130683104,Two year,No,Credit card (automatic),No,No internet service,No internet service,No internet service,No internet service,1
-1.0331224013585834,-0.018668376920792765,Month-to-month,DSL,Electronic check,No,Yes,Yes,No,No,2
1.4915401492832983,0.3652067301175816,Two year,DSL,Bank transfer (automatic),Yes,Yes,Yes,Yes,Yes,0
1.6137012404433893,0.47156173812821356,Two year,DSL,Electronic check,Yes,Yes,No,Yes,No,0
-0.9924020376385531,1.1994288242009752,Month-to-month,Fiber optic,Electronic check,No,No,No,Yes,No,2
-1.1552834925186746,-0.4806479429669752,Month-to-month,DSL,Electronic check,No,No,Yes,No,No,2
1.247217966963116,0.5164302571326987,Month-to-month,Fiber optic,Credit card (automatic),Yes,No,No,No,Yes,2
1.6137012404433893,-1.4926823160681442,Two year,No,Bank transfer (automatic),No,No internet service,No internet service,No internet service,No internet service,1
0.5549717837226001,-1.451137391063991,Two year,No,Electronic check,Yes,No internet service,No internet service,No internet service,No internet service,1
-1.1145631287986442,0.1724382780983114,Month-to-month,Fiber optic,Electronic check,No,No,No,No,No,2
-0.0965540357978854,-0.4906187249679718,Month-to-month,DSL,Mailed check,Yes,No,No,No,Yes,2
1.247217966963116,1.329048990213933,Two year,Fiber optic,Bank transfer (automatic),Yes,No,No,Yes,Yes,0
1.125056875803025,-1.4926823160681442,Two year,No,Bank transfer (automatic),No,No internet service,No internet service,No internet service,No internet service,1
1.247217966963116,1.42044782522307,One year,Fiber optic,Electronic check,Yes,No,No,Yes,Yes,0
-0.30015585439803716,0.7025515211513048,Month-to-month,Fiber optic,Electronic check,No,Yes,No,Yes,No,2
-1.2774445836787656,-0.62854787598176,Month-to-month,DSL,Mailed check,Yes,No,No,No,No,2
-1.0738427650786138,0.53304822713436,Month-to-month,Fiber optic,Electronic check,Yes,No,No,No,Yes,2
-0.4223169455581282,-1.3132082400502028,Two year,No,Mailed check,No,No internet service,No internet service,No internet service,No internet service,1
-0.055833672077855064,0.5247392421335293,Two year,DSL,Bank transfer (automatic),No,Yes,No,Yes,No,0
0.26992923768238775,0.5563133851366857,Month-to-month,Fiber optic,Bank transfer (automatic),Yes,Yes,No,No,Yes,2
-0.2594354906780068,-1.4577845790646555,Month-to-month,No,Mailed check,No,No internet service,No internet service,No internet service,No internet service,1
0.8400143297628127,1.3739175092184182,One year,Fiber optic,Bank transfer (automatic),Yes,No,Yes,Yes,Yes,0
-1.2774445836787656,0.895319973170575,Month-to-month,Fiber optic,Electronic check,No,Yes,No,Yes,No,2
-0.8295205827584317,0.08270124008934066,Month-to-month,DSL,Electronic check,Yes,Yes,Yes,No,No,2
-0.6666391278783103,1.0249401391835322,Month-to-month,Fiber optic,Credit card (automatic),Yes,No,No,No,Yes,2
-1.2367242199587352,-1.4760643460664828,Month-to-month,No,Mailed check,No,No internet service,No internet service,No internet service,No internet service,1
0.26992923768238775,-0.6551366279844181,One year,DSL,Bank transfer (automatic),No,Yes,Yes,Yes,No,0
-1.2774445836787656,0.3386179781149237,Month-to-month,Fiber optic,Electronic check,Yes,No,No,No,No,2
-1.0331224013585834,-1.0007904040189717,Month-to-month,DSL,Mailed check,No,Yes,Yes,No,No,2
-1.1552834925186746,0.15249671409631763,Month-to-month,Fiber optic,Electronic check,No,No,No,No,No,2
-0.9109613101984924,1.0166311541827018,Month-to-month,Fiber optic,Electronic check,Yes,No,No,Yes,No,2
0.9214550572028734,0.5579751821368518,Month-to-month,Fiber optic,Electronic check,Yes,No,No,No,Yes,2
1.6137012404433893,0.35357415111641893,Two year,DSL,Bank transfer (automatic),Yes,No,No,Yes,Yes,0
-0.9109613101984924,0.10098100709116792,Month-to-month,DSL,Credit card (automatic),Yes,No,No,Yes,Yes,2
-0.8702409464784621,1.5500679912360276,Month-to-month,Fiber optic,Electronic check,Yes,Yes,No,Yes,Yes,2
-0.7073594915983407,-0.613591702980265,Month-to-month,DSL,Electronic check,No,No,No,No,No,2
-0.38159658183809786,-1.4744025490663168,Two year,No,Bank transfer (automatic),No,No internet service,No internet service,No internet service,No internet service,1
-1.2774445836787656,-1.4860351280674797,Month-to-month,No,Mailed check,No,No internet service,No internet service,No internet service,No internet service,1
-1.1960038562387048,-0.6567984249845842,Month-to-month,DSL,Electronic check,No,No,No,No,No,2
0.5956921474426305,1.0415581091851935,One year,Fiber optic,Electronic check,Yes,No,Yes,No,Yes,0
-0.7073594915983407,-1.4993295040688086,One year,No,Mailed check,No,No internet service,No internet service,No internet service,No internet service,1
1.369379058123207,1.15456030519649,Month-to-month,Fiber optic,Electronic check,No,No,No,Yes,Yes,2
1.4508197855632678,-0.13665596393258767,One year,DSL,Bank transfer (automatic),Yes,Yes,No,No,Yes,0
-0.62591876415828,1.1246479591934997,One year,Fiber optic,Bank transfer (automatic),No,Yes,No,Yes,Yes,0
-1.0331224013585834,-0.17487729493640844,Month-to-month,DSL,Mailed check,Yes,Yes,No,Yes,No,2
-0.8295205827584317,0.5214156481331973,Month-to-month,Fiber optic,Electronic check,Yes,No,No,No,No,2
-0.46303730927815856,0.2306011731041257,One year,DSL,Bank transfer (automatic),No,No,No,No,Yes,2
-0.46303730927815856,-0.9559218850144864,Month-to-month,DSL,Mailed check,Yes,Yes,No,No,No,2
0.9621754209229036,0.014567563082529699,One year,DSL,Bank transfer (automatic),No,No,Yes,Yes,No,0
-1.0738427650786138,-0.5255164619714603,Month-to-month,DSL,Credit card (automatic),Yes,No,No,No,No,2
1.3286586944031769,-0.3742929349563432,Two year,DSL,Bank transfer (automatic),Yes,No,No,Yes,Yes,0
0.3920903288424788,0.5214156481331973,One year,DSL,Credit card (automatic),No,Yes,Yes,Yes,No,0
1.4508197855632678,1.4719635322282196,Two year,Fiber optic,Bank transfer (automatic),Yes,Yes,Yes,Yes,Yes,0
0.6364125111626608,-1.2783105030467143,Two year,No,Bank transfer (automatic),No,No internet service,No internet service,No internet service,No internet service,1
0.7178532386027215,1.397182667220744,One year,Fiber optic,Electronic check,Yes,Yes,No,Yes,No,0
-1.0331224013585834,0.006258578081699082,Month-to-month,DSL,Electronic check,Yes,No,No,Yes,Yes,2
1.247217966963116,-1.5093002860698053,Two year,No,Electronic check,No,No internet service,No internet service,No internet service,No internet service,1
-0.62591876415828,-1.451137391063991,Month-to-month,No,Credit card (automatic),No,No internet service,No internet service,No internet service,No internet service,1
0.3920903288424788,0.4383257981248911,Month-to-month,Fiber optic,Credit card (automatic),Yes,No,No,Yes,No,2
-1.1552834925186746,-1.5259182560714666,Month-to-month,No,Mailed check,No,No internet service,No internet service,No internet service,No internet service,1
1.2064976032430856,-1.288281285047711,Two year,No,Bank transfer (automatic),No,No internet service,No internet service,No internet service,No internet service,1
-1.2367242199587352,0.3303089931140931,Month-to-month,Fiber optic,Electronic check,Yes,No,No,No,No,2
-1.2367242199587352,0.1857326540996401,Month-to-month,Fiber optic,Electronic check,Yes,No,No,No,No,2
0.6364125111626608,1.068146861187852,Two year,Fiber optic,Bank transfer (automatic),Yes,No,Yes,Yes,Yes,0
-0.21871512695797646,-1.502653098069141,Two year,No,Bank transfer (automatic),No,No internet service,No internet service,No internet service,No internet service,1
1.5322605130033284,0.5197538511330312,Two year,DSL,Bank transfer (automatic),Yes,Yes,No,Yes,Yes,0
-1.2774445836787656,0.7989357471609396,Month-to-month,Fiber optic,Electronic check,Yes,No,No,Yes,Yes,2
0.5549717837226001,0.9933659961803764,One year,Fiber optic,Electronic check,Yes,No,No,Yes,Yes,0
-0.0965540357978854,0.8471278601657574,Month-to-month,Fiber optic,Electronic check,Yes,No,No,Yes,No,2
-0.7073594915983407,-0.003712203919297562,Month-to-month,DSL,Bank transfer (automatic),Yes,No,Yes,No,No,2
1.4915401492832983,1.0299255301840309,One year,Fiber optic,Credit card (automatic),No,No,No,Yes,Yes,0
1.3286586944031769,-1.502653098069141,Two year,No,Credit card (automatic),Yes,No internet service,No internet service,No internet service,No internet service,1
1.6137012404433893,1.3074456292117733,Two year,Fiber optic,Credit card (automatic),Yes,Yes,Yes,Yes,Yes,0
-0.7888002190384014,0.8072447321617703,Month-to-month,Fiber optic,Bank transfer (automatic),Yes,Yes,No,No,No,2
-0.62591876415828,-1.4843733310673135,One year,No,Mailed check,Yes,No internet service,No internet service,No internet service,No internet service,1
0.758573602322752,1.5550533822365258,One year,Fiber optic,Electronic check,Yes,Yes,Yes,Yes,Yes,0
0.758573602322752,-0.14164135493308597,Two year,DSL,Credit card (automatic),No,Yes,Yes,No,No,0
1.6137012404433893,0.8703930181680831,Two year,DSL,Bank transfer (automatic),Yes,Yes,Yes,Yes,Yes,0
1.4100994218432374,0.7524054311562884,One year,Fiber optic,Electronic check,No,No,No,No,Yes,0
0.06632741908223598,-1.4976677070686424,Month-to-month,No,Mailed check,No,No internet service,No internet service,No internet service,No internet service,1
1.4100994218432374,-0.4590445819648154,Two year,DSL,Bank transfer (automatic),Yes,Yes,Yes,No,No,0
0.6771328748826912,-1.4860351280674797,One year,No,Bank transfer (automatic),Yes,No internet service,No internet service,No internet service,No internet service,1
0.8400143297628127,-1.5076384890696393,Two year,No,Mailed check,Yes,No internet service,No internet service,No internet service,No internet service,1
-0.21871512695797646,-0.17653909193657447,Month-to-month,DSL,Electronic check,No,Yes,No,No,Yes,2
-0.38159658183809786,0.9966895901807084,Month-to-month,Fiber optic,Electronic check,Yes,No,No,Yes,No,2
1.4915401492832983,0.5563133851366857,Two year,DSL,Credit card (automatic),Yes,Yes,Yes,No,Yes,0
-1.2367242199587352,-1.1869116680375775,Month-to-month,DSL,Bank transfer (automatic),No,Yes,No,No,No,2
0.10704778280226633,0.720831288153132,Month-to-month,Fiber optic,Electronic check,Yes,No,No,Yes,No,2
0.5549717837226001,0.19404163910047073,One year,DSL,Mailed check,No,Yes,Yes,No,No,0
0.880734693482843,1.0781176431888486,Two year,Fiber optic,Bank transfer (automatic),Yes,No,No,Yes,No,0
0.9621754209229036,1.113015380192337,One year,Fiber optic,Electronic check,Yes,No,No,Yes,No,0
-0.9516816739185228,0.3652067301175816,Month-to-month,Fiber optic,Bank transfer (automatic),Yes,No,No,No,Yes,2
-0.5037576729981889,-0.18484807693740507,Month-to-month,DSL,Bank transfer (automatic),No,Yes,Yes,No,No,2
-0.8702409464784621,0.37019212111808014,Month-to-month,Fiber optic,Mailed check,Yes,No,No,No,No,2
-0.0965540357978854,0.8404806721650927,Month-to-month,Fiber optic,Electronic check,Yes,No,No,Yes,No,2
1.4508197855632678,0.20567421810163386,Two year,DSL,Bank transfer (automatic),No,No,Yes,No,Yes,0
0.22920887396235737,1.2575917192067896,Month-to-month,Fiber optic,Electronic check,Yes,No,No,Yes,Yes,2
-0.62591876415828,0.684271754149477,Month-to-month,Fiber optic,Bank transfer (automatic),Yes,No,Yes,No,Yes,2
0.6364125111626608,1.3739175092184182,One year,Fiber optic,Credit card (automatic),Yes,No,No,Yes,Yes,0
-1.2774445836787656,-0.6966815529885713,Month-to-month,DSL,Electronic check,No,No,No,No,No,2
1.247217966963116,-0.19149526493806968,Two year,DSL,Electronic check,No,No,Yes,Yes,Yes,0
-1.1960038562387048,0.1724382780983114,One year,DSL,Electronic check,Yes,No,No,Yes,Yes,0
0.6364125111626608,-1.343120586053193,One year,No,Bank transfer (automatic),No,No internet service,No internet service,No internet service,No internet service,1
1.369379058123207,-1.1736172920362484,One year,DSL,Credit card (automatic),No,Yes,No,No,No,0
1.4508197855632678,0.6526976111463211,Two year,Fiber optic,Credit card (automatic),Yes,No,No,No,Yes,0
-0.62591876415828,-0.6551366279844181,Month-to-month,DSL,Electronic check,Yes,No,No,No,No,2
-1.0331224013585834,-1.4660935640654862,One year,No,Mailed check,No,No internet service,No internet service,No internet service,No internet service,1
1.6137012404433893,0.7424346491552913,Two year,DSL,Bank transfer (automatic),Yes,Yes,Yes,Yes,Yes,0
-0.13727439951791576,-1.4926823160681442,Month-to-month,No,Mailed check,No,No internet service,No internet service,No internet service,No internet service,1
0.18848851024232702,0.8504514541660894,Month-to-month,Fiber optic,Electronic check,Yes,Yes,No,No,Yes,2
0.06632741908223598,1.4968904872307114,Month-to-month,Fiber optic,Mailed check,Yes,No,Yes,Yes,Yes,2
0.3920903288424788,0.6610065961471517,Month-to-month,Fiber optic,Electronic check,Yes,No,No,Yes,No,2
1.0843365120829946,0.02453834508352634,One year,DSL,Mailed check,No,Yes,Yes,No,No,0
-0.8702409464784621,0.4898415051300408,Month-to-month,Fiber optic,Bank transfer (automatic),Yes,No,No,Yes,No,2
1.125056875803025,0.5380336181348585,Month-to-month,Fiber optic,Electronic check,Yes,No,Yes,No,No,2
-0.21871512695797646,-0.28621769394753876,Month-to-month,DSL,Mailed check,Yes,Yes,No,No,No,2
-1.2774445836787656,0.6992279271509723,Month-to-month,Fiber optic,Mailed check,No,No,No,No,No,2
-1.2774445836787656,0.47654712912871167,Month-to-month,Fiber optic,Electronic check,Yes,No,No,Yes,No,2
-0.62591876415828,-1.0090993890198023,Month-to-month,DSL,Mailed check,No,No,Yes,No,Yes,2
1.0436161483629645,-1.462769970065154,Two year,No,Mailed check,No,No internet service,No internet service,No internet service,No internet service,1
-1.2774445836787656,-1.5275800530716328,One year,No,Mailed check,No,No internet service,No internet service,No internet service,No internet service,1
-1.1960038562387048,-0.6800635829869099,Month-to-month,DSL,Mailed check,No,No,No,No,No,2
0.8400143297628127,0.8654076271675846,Month-to-month,Fiber optic,Electronic check,No,No,Yes,No,Yes,0
0.10704778280226633,-1.3015756610490399,Month-to-month,No,Electronic check,Yes,No internet service,No internet service,No internet service,No internet service,1
0.7178532386027215,1.3689321182179202,Month-to-month,Fiber optic,Credit card (automatic),No,No,Yes,Yes,Yes,0
1.4508197855632678,0.2006888271011353,Two year,DSL,Credit card (automatic),No,Yes,No,No,No,0
0.5956921474426305,-1.3082228490497045,Month-to-month,No,Electronic check,No,No internet service,No internet service,No internet service,No internet service,1
1.3286586944031769,1.463654547227389,Month-to-month,Fiber optic,Bank transfer (automatic),Yes,No,No,Yes,Yes,2
-1.1145631287986442,0.1657910900976468,Month-to-month,Fiber optic,Electronic check,Yes,No,No,No,No,2
0.758573602322752,0.9933659961803764,Month-to-month,Fiber optic,Electronic check,Yes,No,No,Yes,No,2
0.5549717837226001,1.0398963121850275,Month-to-month,Fiber optic,Bank transfer (automatic),No,No,No,Yes,No,2
-0.9516816739185228,0.4017662641212361,Month-to-month,Fiber optic,Electronic check,Yes,No,No,No,No,2
-0.9924020376385531,-1.479387940066815,Two year,No,Mailed check,No,No internet service,No internet service,No internet service,No internet service,1
-0.748079855318371,-1.328164413051698,One year,No,Credit card (automatic),Yes,No internet service,No internet service,No internet service,No internet service,1
0.5142514200025698,1.6913207362501481,Month-to-month,Fiber optic,Electronic check,Yes,Yes,Yes,Yes,Yes,0
-0.9924020376385531,0.32698539911376057,Month-to-month,Fiber optic,Credit card (automatic),Yes,No,No,No,No,2
-1.2774445836787656,-0.4856333339674735,Month-to-month,DSL,Mailed check,Yes,No,No,No,Yes,2
1.369379058123207,1.2758714862086173,One year,Fiber optic,Bank transfer (automatic),Yes,No,Yes,Yes,Yes,0
1.6137012404433893,0.2438955491054544,Two year,DSL,Credit card (automatic),No,Yes,Yes,No,Yes,0
0.35136996512244845,1.6231870592433366,Month-to-month,Fiber optic,Bank transfer (automatic),Yes,Yes,Yes,Yes,Yes,0
-0.38159658183809786,-1.3181936310507012,Two year,No,Mailed check,No,No internet service,No internet service,No internet service,No internet service,1
-0.13727439951791576,0.46989994112804756,Month-to-month,Fiber optic,Electronic check,Yes,No,No,Yes,No,2
-1.1552834925186746,0.5114448661322006,Month-to-month,Fiber optic,Electronic check,Yes,No,Yes,No,No,2
-1.0738427650786138,-1.3082228490497045,Two year,No,Mailed check,No,No internet service,No internet service,No internet service,No internet service,1
1.4100994218432374,1.3506523512160928,One year,Fiber optic,Credit card (automatic),Yes,Yes,Yes,No,Yes,0
-1.0331224013585834,-0.6318714699820923,Month-to-month,DSL,Mailed check,Yes,No,No,No,No,2
0.9621754209229036,-1.3397969920528607,One year,No,Mailed check,Yes,No internet service,No internet service,No internet service,No internet service,1
1.6137012404433893,-1.3215172250510334,Two year,No,Credit card (automatic),No,No internet service,No internet service,No internet service,No internet service,1
1.6137012404433893,0.6809481601491449,Two year,DSL,Electronic check,Yes,No,Yes,Yes,Yes,0
-0.38159658183809786,-1.5009913010689746,Two year,No,Credit card (automatic),No,No internet service,No internet service,No internet service,No internet service,1
0.10704778280226633,-0.4856333339674735,Month-to-month,DSL,Mailed check,No,No,No,No,No,2
-0.21871512695797646,0.19237984210030468,Month-to-month,Fiber optic,Electronic check,Yes,No,No,No,No,2
-0.2594354906780068,-0.15659752793458118,Month-to-month,DSL,Electronic check,Yes,Yes,No,No,No,2
-0.8295205827584317,-1.2749869090463821,One year,No,Mailed check,No,No internet service,No internet service,No internet service,No internet service,1
0.3106496014024181,-1.4827115340671475,Two year,No,Mailed check,No,No internet service,No internet service,No internet service,No internet service,1
-1.0331224013585834,-0.196480655938568,Month-to-month,DSL,Mailed check,No,No,Yes,Yes,Yes,2
1.5322605130033284,1.0897502221900113,Month-to-month,Fiber optic,Credit card (automatic),Yes,No,Yes,Yes,No,2
1.125056875803025,-1.4993295040688086,Two year,No,Credit card (automatic),No,No internet service,No internet service,No internet service,No internet service,1
0.26992923768238775,-1.3132082400502028,One year,DSL,Credit card (automatic),Yes,No,No,No,No,0
1.6137012404433893,1.651437608246161,Two year,Fiber optic,Credit card (automatic),No,Yes,Yes,Yes,Yes,0
-1.2774445836787656,-0.9991286070188055,Month-to-month,DSL,Electronic check,Yes,No,No,Yes,No,2
0.880734693482843,0.19736523310080326,One year,DSL,Electronic check,Yes,Yes,No,Yes,No,0
-1.1960038562387048,0.682609957149311,Month-to-month,Fiber optic,Electronic check,Yes,No,No,No,No,2
1.247217966963116,0.358559542116917,Two year,DSL,Credit card (automatic),No,Yes,Yes,Yes,Yes,0
1.5729808767233588,0.6659919871476498,Two year,Fiber optic,Electronic check,Yes,Yes,No,No,No,0
0.3920903288424788,-1.4660935640654862,One year,No,Mailed check,Yes,No internet service,No internet service,No internet service,No internet service,1
0.5956921474426305,-1.4727407520661506,Two year,No,Bank transfer (automatic),No,No internet service,No internet service,No internet service,No internet service,1
1.369379058123207,1.2526063282062914,One year,Fiber optic,Credit card (automatic),Yes,No,No,Yes,Yes,0
-0.46303730927815856,1.3174164112127704,Month-to-month,Fiber optic,Bank transfer (automatic),Yes,No,Yes,Yes,Yes,0
-0.8702409464784621,-0.9675544640156493,Month-to-month,DSL,Electronic check,Yes,Yes,No,No,No,2
-1.2774445836787656,1.1628692901973208,Month-to-month,Fiber optic,Electronic check,Yes,No,No,Yes,Yes,2
0.9214550572028734,0.8537750481664219,Month-to-month,Fiber optic,Electronic check,No,Yes,No,No,Yes,0
1.4915401492832983,1.0930738161903437,Two year,Fiber optic,Credit card (automatic),Yes,Yes,No,Yes,Yes,0
-1.1960038562387048,0.3020584441112687,Month-to-month,Fiber optic,Electronic check,No,No,No,No,Yes,2
-1.1552834925186746,0.32033821111309646,Month-to-month,DSL,Electronic check,Yes,Yes,No,Yes,Yes,0
-0.0965540357978854,0.14418772909548702,Two year,DSL,Credit card (automatic),Yes,Yes,No,Yes,Yes,0
-1.1145631287986442,0.5978583101408388,Month-to-month,Fiber optic,Electronic check,Yes,Yes,No,No,Yes,2
1.5729808767233588,-1.341458789053027,Two year,No,Credit card (automatic),Yes,No internet service,No internet service,No internet service,No internet service,1
-0.13727439951791576,-0.3161300399505289,One year,DSL,Electronic check,Yes,No,No,No,No,0
0.7992939660427822,-0.11339080593026184,Month-to-month,DSL,Bank transfer (automatic),No,Yes,No,No,No,2
1.4508197855632678,0.39844267012090406,One year,DSL,Credit card (automatic),No,No,Yes,No,Yes,0
0.5549717837226001,-1.5076384890696393,Two year,No,Mailed check,No,No internet service,No internet service,No internet service,No internet service,1
-0.9924020376385531,-0.3327480099521901,Month-to-month,DSL,Credit card (automatic),Yes,No,No,No,No,2
1.6137012404433893,-1.4976677070686424,Two year,No,Credit card (automatic),No,No internet service,No internet service,No internet service,No internet service,1
-0.62591876415828,-1.491020519067978,One year,No,Bank transfer (automatic),No,No internet service,No internet service,No internet service,No internet service,1
-1.1960038562387048,1.435403998224565,Month-to-month,Fiber optic,Electronic check,Yes,Yes,No,Yes,Yes,2
-1.2367242199587352,0.6327560471443273,Month-to-month,Fiber optic,Bank transfer (automatic),Yes,No,No,Yes,No,2
-0.9516816739185228,0.3153528201125979,Month-to-month,Fiber optic,Credit card (automatic),Yes,No,Yes,No,No,2
0.758573602322752,-0.2779087089467081,One year,DSL,Credit card (automatic),Yes,No,No,Yes,Yes,0
-1.0738427650786138,-1.4843733310673135,Two year,No,Mailed check,No,No internet service,No internet service,No internet service,No internet service,1
-1.1960038562387048,1.001674981181207,Month-to-month,Fiber optic,Electronic check,No,No,No,Yes,No,2
-0.62591876415828,0.9784098231788811,Month-to-month,Fiber optic,Electronic check,Yes,No,No,Yes,No,2
-0.0965540357978854,-0.49394231896830415,Month-to-month,DSL,Electronic check,No,No,No,No,No,2
-0.055833672077855064,0.2089978121019659,Month-to-month,DSL,Electronic check,Yes,Yes,No,Yes,No,2
0.5142514200025698,0.5612987761371843,Two year,DSL,Bank transfer (automatic),No,Yes,Yes,Yes,Yes,0
1.2879383306831464,0.8205391081630994,One year,Fiber optic,Bank transfer (automatic),No,No,Yes,No,Yes,0
-1.2774445836787656,-0.16324471593524553,Month-to-month,DSL,Electronic check,Yes,No,No,Yes,No,2
-1.2774445836787656,0.16080569909714826,Month-to-month,Fiber optic,Electronic check,Yes,No,No,No,No,2
1.1657772395230555,1.1379423351948288,One year,Fiber optic,Electronic check,No,No,No,Yes,No,0
-1.2774445836787656,-1.5192710680708021,Month-to-month,No,Mailed check,No,No internet service,No internet service,No internet service,No internet service,1
-0.9516816739185228,-0.6435040489832552,Month-to-month,DSL,Electronic check,Yes,No,No,Yes,No,2
1.6137012404433893,1.651437608246161,Two year,Fiber optic,Bank transfer (automatic),No,Yes,Yes,Yes,Yes,0
-1.2774445836787656,-1.504314895069307,Month-to-month,No,Mailed check,No,No internet service,No internet service,No internet service,No internet service,1
-1.0331224013585834,-0.681725379987076,Month-to-month,DSL,Mailed check,Yes,No,No,No,No,2
1.369379058123207,0.8570986421667539,One year,Fiber optic,Bank transfer (automatic),Yes,Yes,No,No,Yes,0
-1.2774445836787656,0.17077648109814536,Month-to-month,Fiber optic,Electronic check,Yes,No,No,No,No,2
0.3106496014024181,-1.4744025490663168,Month-to-month,No,Bank transfer (automatic),Yes,No internet service,No internet service,No internet service,No internet service,1
-0.6666391278783103,0.22063039110312907,Month-to-month,DSL,Bank transfer (automatic),Yes,No,No,No,Yes,2
-1.2367242199587352,0.7440964461554579,Month-to-month,Fiber optic,Bank transfer (automatic),Yes,No,No,Yes,No,2
1.4100994218432374,-1.3265026160515319,Two year,No,Credit card (automatic),No,No internet service,No internet service,No internet service,No internet service,1
0.35136996512244845,1.3190782082129364,One year,Fiber optic,Bank transfer (automatic),Yes,No,Yes,Yes,Yes,0
0.9621754209229036,-1.4943441130683104,Two year,No,Credit card (automatic),Yes,No internet service,No internet service,No internet service,No internet service,1
1.6137012404433893,1.7179094882528059,Two year,Fiber optic,Bank transfer (automatic),Yes,Yes,Yes,Yes,Yes,0
-1.1960038562387048,0.6643301901474837,Month-to-month,Fiber optic,Bank transfer (automatic),Yes,No,No,No,No,2
0.880734693482843,-1.4860351280674797,Two year,No,Credit card (automatic),No,No internet service,No internet service,No internet service,No internet service,1
0.7992939660427822,1.5284646302338678,Month-to-month,Fiber optic,Electronic check,Yes,Yes,No,Yes,Yes,2
0.7178532386027215,0.82884809316393,Two year,Fiber optic,Bank transfer (automatic),Yes,Yes,No,No,Yes,0
-0.748079855318371,0.8371570781647607,Month-to-month,Fiber optic,Electronic check,Yes,Yes,No,Yes,No,2
-0.21871512695797646,-0.533825446972291,One year,DSL,Credit card (automatic),No,No,Yes,No,No,0
1.6137012404433893,1.0581760791868549,Two year,Fiber optic,Bank transfer (automatic),Yes,Yes,Yes,No,Yes,0
1.2064976032430856,0.3170146171127639,One year,DSL,Credit card (automatic),Yes,No,Yes,Yes,No,0
-0.8295205827584317,-0.3477041829536853,Month-to-month,DSL,Electronic check,Yes,Yes,No,No,No,2
0.47353105628253944,0.33529438411459117,One year,DSL,Bank transfer (automatic),No,Yes,No,Yes,Yes,0
0.880734693482843,0.5047976781315361,Two year,Fiber optic,Bank transfer (automatic),Yes,Yes,No,No,No,0
1.4508197855632678,-1.4860351280674797,Two year,No,Bank transfer (automatic),No,No internet service,No internet service,No internet service,No internet service,1
-0.5037576729981889,-1.5076384890696393,Month-to-month,No,Mailed check,No,No internet service,No internet service,No internet service,No internet service,1
0.7178532386027215,-0.32776261895169184,One year,DSL,Bank transfer (automatic),No,No,No,No,Yes,2
1.0436161483629645,-1.3397969920528607,Two year,No,Credit card (automatic),Yes,No internet service,No internet service,No internet service,No internet service,1
0.10704778280226633,0.827186296163764,Month-to-month,Fiber optic,Bank transfer (automatic),Yes,No,No,Yes,No,2
-1.2367242199587352,-0.6435040489832552,Month-to-month,DSL,Electronic check,Yes,No,No,No,No,2
1.247217966963116,0.36354493311741554,Two year,DSL,Mailed check,No,Yes,Yes,No,Yes,0
1.0436161483629645,1.5251410362335358,One year,Fiber optic,Credit card (automatic),Yes,No,Yes,Yes,Yes,0
-0.21871512695797646,-1.4694171580658184,One year,No,Mailed check,Yes,No internet service,No internet service,No internet service,No internet service,1
1.5729808767233588,1.6747027662484868,Two year,Fiber optic,Credit card (automatic),Yes,Yes,Yes,Yes,Yes,0
1.247217966963116,-0.20645143793956489,One year,DSL,Credit card (automatic),No,No,No,No,Yes,2
1.5729808767233588,0.9468356801757247,Month-to-month,Fiber optic,Bank transfer (automatic),Yes,No,No,No,Yes,2
0.35136996512244845,1.609892683242008,Month-to-month,Fiber optic,Electronic check,Yes,No,Yes,Yes,Yes,0
-0.7888002190384014,0.8554368451665879,Month-to-month,Fiber optic,Electronic check,Yes,No,No,Yes,No,2
-1.2367242199587352,0.4732235351283796,Month-to-month,Fiber optic,Electronic check,No,No,No,Yes,No,2
1.4508197855632678,-1.5093002860698053,Two year,No,Bank transfer (automatic),Yes,No internet service,No internet service,No internet service,No internet service,1
-1.2774445836787656,-0.532163649972125,Month-to-month,DSL,Mailed check,Yes,No,Yes,No,No,2
1.3286586944031769,1.4719635322282196,Two year,Fiber optic,Electronic check,Yes,Yes,Yes,Yes,Yes,0
1.6137012404433893,-1.3215172250510334,Two year,No,Bank transfer (automatic),Yes,No internet service,No internet service,No internet service,No internet service,1
-0.1779947632379461,-0.32776261895169184,Month-to-month,DSL,Credit card (automatic),Yes,Yes,No,No,No,2
1.6137012404433893,-1.329826210051864,Two year,No,Credit card (automatic),No,No internet service,No internet service,No internet service,No internet service,1
-1.2367242199587352,0.8770402061687477,Month-to-month,Fiber optic,Electronic check,Yes,No,Yes,Yes,No,2
-0.5851984004382496,-1.4827115340671475,One year,No,Bank transfer (automatic),No,No internet service,No internet service,No internet service,No internet service,1
1.125056875803025,1.3157546142126038,One year,Fiber optic,Electronic check,Yes,No,No,Yes,Yes,0
-0.2594354906780068,0.042818112085353605,Month-to-month,DSL,Electronic check,Yes,Yes,No,No,No,2
-1.2774445836787656,0.22893937610395967,Month-to-month,Fiber optic,Electronic check,Yes,No,No,No,No,2
-1.1552834925186746,-1.4760643460664828,Month-to-month,No,Mailed check,No,No internet service,No internet service,No internet service,No internet service,1
1.4508197855632678,0.9119379431722362,Two year,DSL,Credit card (automatic),Yes,Yes,Yes,Yes,Yes,0
0.22920887396235737,0.6477122201458225,Month-to-month,Fiber optic,Credit card (automatic),Yes,Yes,No,No,Yes,2
0.3920903288424788,1.3440051632154282,One year,Fiber optic,Bank transfer (automatic),Yes,No,Yes,Yes,Yes,0
1.002895784642934,-1.5009913010689746,Two year,No,Bank transfer (automatic),Yes,No internet service,No internet service,No internet service,No internet service,1
0.880734693482843,-1.1420431490330922,Month-to-month,DSL,Electronic check,No,No,No,No,No,2
-0.8295205827584317,0.4433111891253892,Month-to-month,Fiber optic,Bank transfer (automatic),No,No,No,No,No,2
0.47353105628253944,-0.10840541492976351,One year,DSL,Mailed check,Yes,No,Yes,No,Yes,0
0.3920903288424788,0.15415851109648415,Month-to-month,DSL,Bank transfer (automatic),Yes,No,Yes,Yes,No,0
1.6137012404433893,-1.329826210051864,Two year,No,Bank transfer (automatic),No,No internet service,No internet service,No internet service,No internet service,1
1.5729808767233588,0.8737166121684152,Two year,DSL,Mailed check,No,Yes,Yes,Yes,Yes,0
-0.5444780367182193,0.827186296163764,Month-to-month,Fiber optic,Mailed check,No,No,No,No,Yes,0
-0.38159658183809786,0.2954112561106046,Month-to-month,DSL,Credit card (automatic),Yes,Yes,No,Yes,No,2
-0.0965540357978854,-1.5076384890696393,Two year,No,Credit card (automatic),No,No internet service,No internet service,No internet service,No internet service,1
0.10704778280226633,-1.2816340970470463,One year,No,Bank transfer (automatic),No,No internet service,No internet service,No internet service,No internet service,1
-0.9109613101984924,1.1279715531938321,Month-to-month,Fiber optic,Electronic check,Yes,No,Yes,Yes,No,2
-1.2774445836787656,-0.6950197559884049,Month-to-month,DSL,Bank transfer (automatic),Yes,No,No,No,No,2
-0.4223169455581282,0.16412929309748078,Month-to-month,Fiber optic,Mailed check,Yes,No,No,No,No,2
-1.0331224013585834,-0.8711702380060141,Two year,DSL,Mailed check,No,No,Yes,No,Yes,0
0.14776814652229667,-0.3875873109576722,Two year,DSL,Mailed check,Yes,Yes,Yes,No,Yes,0
0.06632741908223598,-1.4660935640654862,Month-to-month,No,Mailed check,No,No internet service,No internet service,No internet service,No internet service,1
1.6137012404433893,-0.010359391919962149,Two year,DSL,Credit card (automatic),No,No,Yes,No,Yes,0
0.14776814652229667,-1.3181936310507012,Two year,No,Credit card (automatic),No,No internet service,No internet service,No internet service,No internet service,1
-1.2774445836787656,0.3851482941195749,Month-to-month,Fiber optic,Electronic check,No,No,No,No,Yes,2
-0.38159658183809786,0.47820892612887816,Month-to-month,Fiber optic,Electronic check,Yes,No,No,No,No,2
-0.015113308357824713,0.6726391751483144,Month-to-month,Fiber optic,Electronic check,Yes,No,No,No,No,2
1.5729808767233588,1.0099839661820376,One year,Fiber optic,Credit card (automatic),Yes,Yes,Yes,No,Yes,0
-0.38159658183809786,0.48485611412954227,Month-to-month,Fiber optic,Mailed check,Yes,No,No,No,Yes,2
-0.62591876415828,1.0598378761870213,One year,Fiber optic,Bank transfer (automatic),Yes,No,No,Yes,Yes,0
-1.2774445836787656,0.356897745116751,Month-to-month,DSL,Electronic check,Yes,Yes,No,Yes,Yes,0
-0.8295205827584317,-1.4976677070686424,Two year,No,Mailed check,No,No internet service,No internet service,No internet service,No internet service,1
1.6137012404433893,-1.4710789550659844,Two year,No,Credit card (automatic),No,No internet service,No internet service,No internet service,No internet service,1
-1.2774445836787656,-1.5142856770703037,Month-to-month,No,Mailed check,No,No internet service,No internet service,No internet service,No internet service,1
1.6137012404433893,1.116338974192669,Two year,Fiber optic,Bank transfer (automatic),No,No,No,Yes,No,0
1.125056875803025,0.31867641411292996,Month-to-month,Fiber optic,Bank transfer (automatic),No,No,No,No,No,2
1.1657772395230555,-0.44575020596348647,Two year,DSL,Credit card (automatic),No,Yes,No,Yes,Yes,0
-1.0738427650786138,-0.6351950639824246,Month-to-month,DSL,Mailed check,No,No,No,No,No,2
-0.015113308357824713,0.682609957149311,Month-to-month,Fiber optic,Electronic check,No,No,No,No,No,2
-0.055833672077855064,0.7241548821534641,Month-to-month,Fiber optic,Credit card (automatic),Yes,No,No,Yes,No,2
-0.5444780367182193,0.3020584441112687,Month-to-month,Fiber optic,Credit card (automatic),Yes,No,No,No,No,2
1.6137012404433893,-1.477726143066649,Two year,No,Bank transfer (automatic),No,No internet service,No internet service,No internet service,No internet service,1
-0.015113308357824713,-0.3510277769540174,Month-to-month,DSL,Electronic check,Yes,No,No,No,No,2
1.3286586944031769,0.8604222361670865,Month-to-month,Fiber optic,Electronic check,Yes,No,No,No,No,2
0.5142514200025698,-0.4607063789649817,Month-to-month,DSL,Bank transfer (automatic),Yes,No,Yes,Yes,No,0
0.3920903288424788,-1.3198554280508674,One year,No,Electronic check,No,No internet service,No internet service,No internet service,No internet service,1
-0.9924020376385531,0.33529438411459117,Month-to-month,Fiber optic,Electronic check,Yes,No,No,No,No,2
-0.015113308357824713,-1.4710789550659844,Two year,No,Mailed check,No,No internet service,No internet service,No internet service,No internet service,1
-0.4223169455581282,-0.04027173792295256,Month-to-month,DSL,Mailed check,Yes,Yes,Yes,No,No,2
1.002895784642934,-0.6617838159850825,Month-to-month,DSL,Electronic check,Yes,No,No,Yes,No,2
-1.2774445836787656,-0.5587524019747828,Month-to-month,DSL,Electronic check,No,No,Yes,No,No,2
-1.2774445836787656,-0.6534748309842519,Month-to-month,DSL,Electronic check,No,No,No,No,No,2
-1.2774445836787656,-0.6567984249845842,Month-to-month,DSL,Electronic check,Yes,No,No,No,No,2
-0.3408762181180675,1.0382345151848615,Month-to-month,Fiber optic,Electronic check,Yes,Yes,No,Yes,No,2
-1.2774445836787656,-1.4860351280674797,Month-to-month,No,Bank transfer (automatic),No,No internet service,No internet service,No internet service,No internet service,1
0.880734693482843,0.8404806721650927,Month-to-month,Fiber optic,Electronic check,Yes,No,No,No,No,2
-1.1552834925186746,-1.3115464430500368,Two year,No,Credit card (automatic),Yes,No internet service,No internet service,No internet service,No internet service,1
1.3286586944031769,1.4586691562268908,Two year,Fiber optic,Bank transfer (automatic),No,Yes,Yes,Yes,Yes,0
0.9621754209229036,-1.3447823830533592,One year,No,Electronic check,No,No internet service,No internet service,No internet service,No internet service,1
0.5142514200025698,0.3718539181182462,Month-to-month,DSL,Electronic check,Yes,No,Yes,Yes,Yes,0
1.5729808767233588,-1.4976677070686424,Two year,No,Credit card (automatic),No,No internet service,No internet service,No internet service,No internet service,1
1.0843365120829946,0.05445069108651675,One year,DSL,Credit card (automatic),No,No,Yes,Yes,Yes,0
1.4915401492832983,-0.9642308700153169,One year,DSL,Bank transfer (automatic),Yes,No,No,No,Yes,0
-0.5444780367182193,-1.5275800530716328,One year,No,Mailed check,No,No internet service,No internet service,No internet service,No internet service,1
0.9214550572028734,-1.5076384890696393,Two year,No,Credit card (automatic),No,No internet service,No internet service,No internet service,No internet service,1
0.22920887396235737,-1.5109620830699715,One year,No,Mailed check,No,No internet service,No internet service,No internet service,No internet service,1
-0.9109613101984924,-0.6385186579827569,Month-to-month,DSL,Electronic check,Yes,No,No,No,No,2
0.5956921474426305,0.08934842809000525,Month-to-month,DSL,Credit card (automatic),Yes,No,Yes,No,Yes,0
-1.2367242199587352,-0.9858342310174765,Month-to-month,DSL,Electronic check,Yes,No,No,No,No,2
-1.2774445836787656,-0.6169152969805971,Month-to-month,DSL,Credit card (automatic),No,No,No,No,No,2
-1.2774445836787656,-0.6518130339840859,Month-to-month,DSL,Electronic check,No,No,No,No,No,2
-1.2774445836787656,-0.7132995229902325,Month-to-month,DSL,Electronic check,Yes,No,No,No,Yes,2
0.5549717837226001,-1.4843733310673135,Two year,No,Mailed check,Yes,No internet service,No internet service,No internet service,No internet service,1
0.22920887396235737,-0.2529817539442163,Month-to-month,DSL,Credit card (automatic),Yes,No,Yes,No,No,2
1.3286586944031769,-0.19481885893840195,Two year,DSL,Credit card (automatic),No,Yes,Yes,No,Yes,0
-0.5444780367182193,0.2804550831091094,Month-to-month,Fiber optic,Electronic check,Yes,No,Yes,No,No,2
0.7992939660427822,0.684271754149477,Month-to-month,Fiber optic,Electronic check,Yes,No,No,No,No,2
1.5729808767233588,-1.505976692069473,Two year,No,Mailed check,No,No internet service,No internet service,No internet service,No internet service,1
-1.2774445836787656,-0.6252242819814278,Month-to-month,DSL,Mailed check,No,No,No,No,No,2
0.7992939660427822,-0.4740007549663106,Month-to-month,DSL,Electronic check,Yes,Yes,No,Yes,Yes,0
-1.0738427650786138,-1.3181936310507012,One year,No,Mailed check,No,No internet service,No internet service,No internet service,No internet service,1
-0.2594354906780068,-0.1349941669324214,One year,DSL,Mailed check,No,No,No,No,Yes,2
0.6364125111626608,1.1379423351948288,One year,Fiber optic,Electronic check,Yes,No,No,Yes,No,0
1.2879383306831464,1.3174164112127704,One year,Fiber optic,Bank transfer (automatic),Yes,Yes,Yes,Yes,No,0
-1.1960038562387048,0.6310942501441613,Month-to-month,Fiber optic,Electronic check,No,No,No,Yes,No,2
-1.2774445836787656,-0.6883725679877406,Month-to-month,DSL,Bank transfer (automatic),Yes,No,No,No,No,2
1.6137012404433893,-1.3514295710540236,Two year,No,Credit card (automatic),No,No internet service,No internet service,No internet service,No internet service,1
-1.2774445836787656,-0.6385186579827569,Month-to-month,DSL,Mailed check,Yes,No,No,No,No,2
0.758573602322752,0.9651154471775519,Month-to-month,Fiber optic,Electronic check,Yes,No,Yes,No,No,2
0.35136996512244845,-1.4976677070686424,Two year,No,Bank transfer (automatic),No,No internet service,No internet service,No internet service,No internet service,1
1.6137012404433893,0.19570343610063723,Two year,DSL,Credit card (automatic),Yes,No,Yes,Yes,Yes,0
0.43281069256250915,0.720831288153132,Two year,DSL,Credit card (automatic),No,Yes,Yes,Yes,No,0
1.6137012404433893,1.639805029244998,Two year,Fiber optic,Credit card (automatic),Yes,Yes,Yes,Yes,Yes,0
0.5956921474426305,1.0116457631822036,One year,Fiber optic,Credit card (automatic),Yes,No,No,Yes,No,0
1.6137012404433893,0.7906267621601091,Two year,DSL,Credit card (automatic),No,Yes,Yes,Yes,Yes,0
-1.1960038562387048,-1.462769970065154,Month-to-month,No,Credit card (automatic),Yes,No internet service,No internet service,No internet service,No internet service,1
-1.2774445836787656,0.17576187209864347,Month-to-month,Fiber optic,Electronic check,Yes,No,No,No,No,2
-1.2367242199587352,0.7058751151516368,Month-to-month,Fiber optic,Electronic check,Yes,No,No,No,No,2
-0.2594354906780068,-0.6684310039857471,Month-to-month,DSL,Bank transfer (automatic),Yes,No,Yes,No,No,2
-0.13727439951791576,-0.15161213693408263,Month-to-month,DSL,Mailed check,Yes,No,Yes,No,No,2
0.10704778280226633,1.1877962451998125,Month-to-month,Fiber optic,Bank transfer (automatic),Yes,Yes,Yes,Yes,No,2
-0.21871512695797646,-0.3094828519498643,One year,DSL,Bank transfer (automatic),No,No,Yes,No,No,0
-0.3408762181180675,0.18407085709947407,Month-to-month,DSL,Credit card (automatic),Yes,Yes,Yes,No,No,2
1.4100994218432374,-0.14496494893341827,Two year,DSL,Bank transfer (automatic),Yes,Yes,Yes,No,Yes,0
-0.6666391278783103,0.2621753161072821,Month-to-month,Fiber optic,Electronic check,No,No,No,No,No,2
-0.38159658183809786,-0.29785027294870164,One year,DSL,Bank transfer (automatic),No,No,No,No,Yes,2
-0.748079855318371,-1.1187779910307663,Month-to-month,DSL,Mailed check,Yes,No,No,No,No,2
-1.2774445836787656,-1.4544609850643233,Month-to-month,No,Electronic check,Yes,No internet service,No internet service,No internet service,No internet service,1
-1.2774445836787656,-0.6534748309842519,Month-to-month,DSL,Mailed check,No,No,No,No,No,2
-1.1552834925186746,-0.4590445819648154,Month-to-month,DSL,Credit card (automatic),Yes,No,No,Yes,No,2
-0.6666391278783103,0.14418772909548702,Month-to-month,DSL,Electronic check,Yes,No,Yes,No,No,2
0.5549717837226001,-0.6916961619880726,Month-to-month,DSL,Electronic check,Yes,No,No,Yes,No,2
1.4508197855632678,0.722493085153298,Two year,DSL,Bank transfer (automatic),Yes,Yes,Yes,Yes,No,0
0.22920887396235737,0.1724382780983114,Month-to-month,DSL,Electronic check,No,Yes,Yes,No,Yes,0
-0.0965540357978854,-0.4773243489666429,Month-to-month,DSL,Bank transfer (automatic),Yes,No,No,No,No,2
-1.1145631287986442,0.47156173812821356,Month-to-month,Fiber optic,Electronic check,No,No,No,No,No,2
-0.62591876415828,0.8703930181680831,Month-to-month,Fiber optic,Credit card (automatic),Yes,No,No,No,Yes,2
-1.1552834925186746,-1.491020519067978,Two year,No,Mailed check,No,No internet service,No internet service,No internet service,No internet service,1
-0.8295205827584317,-1.4827115340671475,One year,No,Electronic check,No,No internet service,No internet service,No internet service,No internet service,1
1.6137012404433893,0.85876043916692,Two year,DSL,Credit card (automatic),Yes,Yes,Yes,Yes,Yes,0
-1.1960038562387048,0.9052907551715716,Month-to-month,Fiber optic,Electronic check,Yes,No,No,Yes,No,2
0.9621754209229036,0.9867188081797118,Month-to-month,Fiber optic,Electronic check,Yes,Yes,No,No,No,2
0.35136996512244845,-1.3265026160515319,One year,No,Mailed check,Yes,No internet service,No internet service,No internet service,No internet service,1
0.3106496014024181,-0.9559218850144864,One year,DSL,Credit card (automatic),No,Yes,No,No,No,0
-1.0331224013585834,0.45660556512671835,Month-to-month,DSL,Electronic check,Yes,Yes,Yes,Yes,No,0
1.4915401492832983,-1.4893587220678117,Two year,No,Credit card (automatic),No,No internet service,No internet service,No internet service,No internet service,1
-1.0331224013585834,-1.4660935640654862,One year,No,Mailed check,No,No internet service,No internet service,No internet service,No internet service,1
-1.1145631287986442,-1.1387195550327598,Month-to-month,DSL,Electronic check,Yes,No,No,No,No,2
1.6137012404433893,1.3739175092184182,Two year,Fiber optic,Credit card (automatic),No,Yes,Yes,Yes,Yes,0
0.47353105628253944,-1.4710789550659844,One year,No,Bank transfer (automatic),Yes,No internet service,No internet service,No internet service,No internet service,1
1.3286586944031769,1.0216165451832002,One year,Fiber optic,Electronic check,Yes,No,No,Yes,Yes,0
-1.1960038562387048,-0.005374000919464063,Month-to-month,DSL,Electronic check,No,Yes,No,Yes,No,0
-0.3408762181180675,-0.45405919096431707,Month-to-month,DSL,Credit card (automatic),Yes,Yes,No,No,No,2
0.47353105628253944,0.6659919871476498,Month-to-month,Fiber optic,Bank transfer (automatic),Yes,No,No,No,Yes,2
1.6137012404433893,0.8089065291619363,Two year,DSL,Credit card (automatic),No,Yes,Yes,Yes,Yes,0
-0.3408762181180675,-0.32610082195152557,Month-to-month,DSL,Electronic check,No,Yes,Yes,No,No,2
-1.2774445836787656,-0.4607063789649817,Month-to-month,DSL,Mailed check,No,No,No,No,Yes,2
-0.4223169455581282,-1.4727407520661506,Month-to-month,No,Bank transfer (automatic),Yes,No internet service,No internet service,No internet service,No internet service,1
1.5322605130033284,0.7042133181514708,Two year,DSL,Credit card (automatic),Yes,Yes,No,Yes,Yes,0
-0.30015585439803716,-0.1466267459335843,Month-to-month,DSL,Electronic check,No,No,No,Yes,No,2
0.18848851024232702,-1.4943441130683104,Two year,No,Bank transfer (automatic),No,No internet service,No internet service,No internet service,No internet service,1
-0.4223169455581282,0.684271754149477,Month-to-month,Fiber optic,Bank transfer (automatic),No,No,No,Yes,No,2
1.0843365120829946,0.2438955491054544,Two year,DSL,Bank transfer (automatic),Yes,Yes,No,Yes,Yes,0
0.6771328748826912,1.1645310871974868,Month-to-month,Fiber optic,Electronic check,Yes,No,No,Yes,Yes,2
0.5956921474426305,1.4154624342225712,Month-to-month,Fiber optic,Bank transfer (automatic),Yes,Yes,No,Yes,Yes,2
-0.055833672077855064,-1.502653098069141,Month-to-month,No,Mailed check,Yes,No internet service,No internet service,No internet service,No internet service,1
-1.2774445836787656,0.5413572121351905,Month-to-month,Fiber optic,Electronic check,Yes,No,No,No,No,2
-1.1960038562387048,-1.4710789550659844,Month-to-month,No,Electronic check,Yes,No internet service,No internet service,No internet service,No internet service,1
0.8400143297628127,1.5633623672373562,One year,Fiber optic,Bank transfer (automatic),Yes,Yes,No,Yes,Yes,0
-1.2774445836787656,-1.481049737066981,Month-to-month,No,Mailed check,No,No internet service,No internet service,No internet service,No internet service,1
-0.5037576729981889,-1.4976677070686424,One year,No,Mailed check,Yes,No internet service,No internet service,No internet service,No internet service,1
-1.1960038562387048,0.47654712912871167,Month-to-month,Fiber optic,Electronic check,Yes,No,Yes,No,No,2
0.758573602322752,-1.4926823160681442,One year,No,Bank transfer (automatic),Yes,No internet service,No internet service,No internet service,No internet service,1
0.758573602322752,-0.14164135493308597,One year,DSL,Bank transfer (automatic),Yes,Yes,Yes,No,No,0
-0.7888002190384014,-1.502653098069141,Two year,No,Mailed check,No,No internet service,No internet service,No internet service,No internet service,1
-1.2774445836787656,-1.4577845790646555,Month-to-month,No,Mailed check,No,No internet service,No internet service,No internet service,No internet service,1
-1.2774445836787656,-1.4527991880641573,Month-to-month,No,Mailed check,Yes,No internet service,No internet service,No internet service,No internet service,1
1.247217966963116,0.22395398510346112,One year,DSL,Electronic check,No,Yes,Yes,No,Yes,0
-1.1960038562387048,-0.33607160395252245,Month-to-month,DSL,Mailed check,No,No,No,No,No,2
0.5549717837226001,-1.5142856770703037,Two year,No,Credit card (automatic),No,No internet service,No internet service,No internet service,No internet service,1
-1.2774445836787656,-0.4972659129686364,Month-to-month,DSL,Credit card (automatic),Yes,No,No,No,No,2
-0.9924020376385531,-1.304899255049372,Month-to-month,DSL,Mailed check,No,No,No,No,No,2
1.5729808767233588,-1.4710789550659844,Two year,No,Bank transfer (automatic),No,No internet service,No internet service,No internet service,No internet service,1
0.9214550572028734,0.8521132511662559,Month-to-month,Fiber optic,Credit card (automatic),Yes,No,No,Yes,Yes,2
1.5322605130033284,0.8471278601657574,One year,Fiber optic,Bank transfer (automatic),Yes,Yes,No,No,Yes,0
-1.2367242199587352,0.531386430134194,Month-to-month,Fiber optic,Electronic check,No,No,No,No,No,2
1.4100994218432374,1.3240635992134344,Two year,Fiber optic,Bank transfer (automatic),No,Yes,Yes,Yes,No,0
1.3286586944031769,0.9003053641710731,Month-to-month,Fiber optic,Bank transfer (automatic),Yes,No,No,Yes,No,2
-0.748079855318371,-0.48397153696730727,Month-to-month,DSL,Credit card (automatic),No,No,No,No,Yes,2
-0.5037576729981889,1.0216165451832002,Month-to-month,Fiber optic,Bank transfer (automatic),Yes,Yes,No,No,Yes,2
-1.2774445836787656,0.35191235411625243,Month-to-month,Fiber optic,Electronic check,Yes,No,No,No,No,2
-1.2774445836787656,0.35523594811658493,Month-to-month,Fiber optic,Electronic check,Yes,No,No,No,No,2
0.6771328748826912,1.0182929511828682,Month-to-month,Fiber optic,Bank transfer (automatic),Yes,No,No,Yes,No,2
1.6137012404433893,1.2143849972024705,Two year,Fiber optic,Bank transfer (automatic),Yes,No,Yes,Yes,Yes,0
0.5549717837226001,-0.3875873109576722,Month-to-month,DSL,Electronic check,No,No,Yes,No,No,2
-0.3408762181180675,0.6676537841478158,Month-to-month,Fiber optic,Bank transfer (automatic),Yes,No,No,No,Yes,2
-1.1145631287986442,-1.0140847800203006,Month-to-month,DSL,Electronic check,No,Yes,No,No,No,2
0.025607055362205634,0.7922885591602751,Month-to-month,Fiber optic,Credit card (automatic),No,Yes,No,No,Yes,0
0.3920903288424788,-0.15327393393424887,One year,DSL,Bank transfer (automatic),Yes,No,Yes,No,No,0
-0.38159658183809786,1.1695164781979852,One year,Fiber optic,Credit card (automatic),Yes,No,Yes,Yes,Yes,0
-0.9924020376385531,0.19736523310080326,Month-to-month,Fiber optic,Bank transfer (automatic),No,No,No,No,No,2
1.369379058123207,-0.3310862129520241,One year,DSL,Mailed check,Yes,No,Yes,No,No,0
-0.3408762181180675,-0.5055748979694671,Month-to-month,DSL,Bank transfer (automatic),Yes,No,Yes,No,No,2
-0.3408762181180675,-0.3310862129520241,Month-to-month,DSL,Credit card (automatic),No,No,No,No,No,2
1.4915401492832983,0.4599291591270504,One year,DSL,Credit card (automatic),Yes,Yes,Yes,No,Yes,0
0.8400143297628127,1.1811490571991479,One year,Fiber optic,Mailed check,Yes,No,No,Yes,Yes,0
1.125056875803025,-0.3709693409560109,Two year,DSL,Electronic check,No,No,Yes,Yes,Yes,0
-1.0331224013585834,0.5430190091353566,Month-to-month,Fiber optic,Electronic check,Yes,No,No,Yes,No,2
-0.5037576729981889,-1.5093002860698053,One year,No,Credit card (automatic),Yes,No internet service,No internet service,No internet service,No internet service,1
-0.38159658183809786,0.6925807391503077,Month-to-month,Fiber optic,Electronic check,No,No,No,No,No,2
1.6137012404433893,0.53304822713436,Two year,DSL,Electronic check,Yes,Yes,Yes,Yes,Yes,0
-0.8702409464784621,0.3386179781149237,Month-to-month,Fiber optic,Electronic check,Yes,No,No,No,No,2
-0.46303730927815856,-1.5009913010689746,Two year,No,Mailed check,No,No internet service,No internet service,No internet service,No internet service,1
-1.2774445836787656,0.9568064621767214,Month-to-month,Fiber optic,Electronic check,Yes,No,No,Yes,No,2
-0.055833672077855064,0.8620840331672525,Month-to-month,Fiber optic,Electronic check,Yes,No,No,Yes,No,2
1.002895784642934,0.1657910900976468,Two year,DSL,Mailed check,No,Yes,No,Yes,Yes,0
0.5142514200025698,-1.4876969250676457,Two year,No,Bank transfer (automatic),Yes,No internet service,No internet service,No internet service,No internet service,1
-0.9109613101984924,1.0133075601823696,Month-to-month,Fiber optic,Electronic check,Yes,No,No,No,Yes,2
1.0436161483629645,1.2409737492051283,Month-to-month,Fiber optic,Credit card (automatic),Yes,Yes,No,Yes,Yes,2
-0.748079855318371,-1.4893587220678117,Month-to-month,No,Mailed check,No,No internet service,No internet service,No internet service,No internet service,1
-0.21871512695797646,0.534710024134526,One year,DSL,Mailed check,No,Yes,Yes,Yes,No,0
-0.748079855318371,0.8687312211679171,Month-to-month,Fiber optic,Bank transfer (automatic),Yes,No,No,No,No,2
-0.8295205827584317,-1.181926277037079,Month-to-month,DSL,Mailed check,No,No,No,No,No,2
1.4915401492832983,0.9484974771758907,Two year,Fiber optic,Bank transfer (automatic),Yes,Yes,No,No,No,0
-0.30015585439803716,0.8105683261621028,Month-to-month,Fiber optic,Bank transfer (automatic),Yes,No,No,Yes,Yes,2
1.0436161483629645,1.465316344227555,One year,Fiber optic,Electronic check,Yes,No,Yes,Yes,Yes,0
0.10704778280226633,-0.6119299059800988,Two year,DSL,Credit card (automatic),Yes,Yes,Yes,Yes,No,0
-0.6666391278783103,0.6643301901474837,Month-to-month,Fiber optic,Electronic check,Yes,No,No,Yes,No,2
0.5142514200025698,0.464914550127549,One year,DSL,Credit card (automatic),No,No,No,Yes,Yes,0
-0.62591876415828,0.6244470621434968,Month-to-month,Fiber optic,Electronic check,Yes,No,No,Yes,No,2
-1.2774445836787656,-0.6335332669822583,Month-to-month,DSL,Electronic check,Yes,No,No,No,No,2
-0.4223169455581282,-1.5009913010689746,One year,No,Mailed check,No,No internet service,No internet service,No internet service,No internet service,1
-1.2774445836787656,0.1724382780983114,Month-to-month,Fiber optic,Electronic check,Yes,No,No,No,No,2
1.4100994218432374,0.10264280409133394,Two year,DSL,Mailed check,No,Yes,Yes,No,Yes,0
1.4100994218432374,1.3589613362169235,Two year,Fiber optic,Bank transfer (automatic),Yes,Yes,No,Yes,Yes,0
-1.2367242199587352,-0.6700928009859131,Month-to-month,DSL,Electronic check,No,No,No,Yes,No,2
-0.38159658183809786,0.3386179781149237,Month-to-month,Fiber optic,Electronic check,Yes,No,No,No,No,2
-0.9516816739185228,0.356897745116751,Month-to-month,Fiber optic,Credit card (automatic),No,No,No,No,Yes,0
-1.1145631287986442,-1.4827115340671475,Month-to-month,No,Mailed check,No,No internet service,No internet service,No internet service,No internet service,1
0.880734693482843,-0.6501512369839195,Two year,DSL,Credit card (automatic),No,Yes,Yes,Yes,No,0
1.002895784642934,1.0133075601823696,Two year,Fiber optic,Electronic check,Yes,No,No,Yes,Yes,0
-0.3408762181180675,0.8338334841644282,Month-to-month,Fiber optic,Mailed check,Yes,No,No,Yes,Yes,2
0.6771328748826912,1.1861344481996465,One year,Fiber optic,Mailed check,No,No,No,Yes,No,0
-1.1145631287986442,-0.5853411539774409,Month-to-month,DSL,Electronic check,No,No,No,No,No,2
-1.2367242199587352,0.5131066631323666,Month-to-month,Fiber optic,Electronic check,Yes,No,No,No,No,2
-1.1552834925186746,0.7424346491552913,Month-to-month,Fiber optic,Mailed check,Yes,Yes,No,No,Yes,2
1.5322605130033284,0.4815325201292102,Two year,DSL,Bank transfer (automatic),Yes,Yes,Yes,Yes,Yes,0
-1.1145631287986442,0.37019212111808014,Month-to-month,Fiber optic,Bank transfer (automatic),Yes,No,No,No,No,2
0.8400143297628127,0.6959043331506402,Month-to-month,DSL,Electronic check,No,Yes,Yes,Yes,Yes,0
0.5956921474426305,1.1296333501939984,Month-to-month,Fiber optic,Electronic check,Yes,No,Yes,Yes,Yes,0
-0.055833672077855064,-1.4843733310673135,One year,No,Credit card (automatic),No,No internet service,No internet service,No internet service,No internet service,1
-0.7888002190384014,-0.09843463292876686,Month-to-month,DSL,Bank transfer (automatic),No,Yes,No,No,Yes,2
-0.1779947632379461,-0.49394231896830415,Month-to-month,DSL,Mailed check,No,No,No,No,No,2
-0.9109613101984924,0.720831288153132,Month-to-month,Fiber optic,Electronic check,No,No,No,No,No,2
0.22920887396235737,-1.4744025490663168,Two year,No,Bank transfer (automatic),No,No internet service,No internet service,No internet service,No internet service,1
-1.2774445836787656,-0.6468276429835875,Month-to-month,DSL,Mailed check,Yes,No,No,No,No,2
1.4100994218432374,1.3074456292117733,One year,Fiber optic,Electronic check,No,No,No,Yes,Yes,0
0.7992939660427822,0.35357415111641893,One year,DSL,Mailed check,Yes,No,Yes,Yes,No,0
1.2064976032430856,1.4420511862252297,Two year,Fiber optic,Mailed check,No,Yes,Yes,Yes,Yes,0
-0.6666391278783103,0.7141841001524675,Month-to-month,Fiber optic,Electronic check,Yes,No,No,No,No,2
-1.1145631287986442,0.5396954151350245,Month-to-month,Fiber optic,Electronic check,Yes,No,No,No,No,2
-0.8295205827584317,1.0282637331838649,One year,Fiber optic,Electronic check,No,No,No,Yes,Yes,0
1.6137012404433893,1.7312038642541347,Two year,Fiber optic,Bank transfer (automatic),Yes,Yes,Yes,Yes,Yes,0
1.5729808767233588,1.3622849302172555,One year,Fiber optic,Bank transfer (automatic),No,Yes,No,Yes,No,0
-0.3408762181180675,-1.4827115340671475,One year,No,Mailed check,No,No internet service,No internet service,No internet service,No internet service,1
-0.7073594915983407,-1.5009913010689746,Two year,No,Mailed check,No,No internet service,No internet service,No internet service,No internet service,1
1.4100994218432374,0.85876043916692,One year,Fiber optic,Credit card (automatic),Yes,No,Yes,No,No,0
-1.2367242199587352,-0.12668518193159078,Month-to-month,DSL,Bank transfer (automatic),No,No,Yes,No,No,2
-1.1145631287986442,-1.3198554280508674,Month-to-month,DSL,Mailed check,No,No,No,No,No,2
-0.7073594915983407,0.7773323861587803,Month-to-month,Fiber optic,Electronic check,No,No,No,Yes,No,2
-1.2774445836787656,-1.481049737066981,Month-to-month,No,Mailed check,Yes,No internet service,No internet service,No internet service,No internet service,1
0.35136996512244845,-0.14828854293375057,One year,DSL,Bank transfer (automatic),Yes,No,Yes,No,Yes,0
0.43281069256250915,-0.02697736192162338,Month-to-month,DSL,Electronic check,Yes,No,Yes,No,No,2
-1.2774445836787656,0.3170146171127639,Month-to-month,Fiber optic,Electronic check,No,No,No,No,No,2
-1.2774445836787656,0.19404163910047073,Month-to-month,Fiber optic,Mailed check,Yes,No,No,No,No,2
-0.2594354906780068,0.8654076271675846,Month-to-month,Fiber optic,Electronic check,Yes,No,No,Yes,No,2
-0.4223169455581282,0.48485611412954227,Month-to-month,Fiber optic,Electronic check,Yes,No,No,No,No,2
1.5729808767233588,0.8570986421667539,Two year,DSL,Bank transfer (automatic),No,Yes,Yes,Yes,Yes,0
-1.0331224013585834,-1.505976692069473,Two year,No,Mailed check,No,No internet service,No internet service,No internet service,No internet service,1
-0.1779947632379461,-0.010359391919962149,Month-to-month,DSL,Bank transfer (automatic),No,Yes,No,No,Yes,2
-0.6666391278783103,0.16246749609731476,Month-to-month,Fiber optic,Electronic check,No,No,No,No,No,2
-1.0331224013585834,-1.504314895069307,One year,No,Mailed check,No,No internet service,No internet service,No internet service,No internet service,1
1.4915401492832983,1.5201556452330371,Two year,Fiber optic,Bank transfer (automatic),Yes,Yes,No,Yes,Yes,0
-1.2774445836787656,-1.33148800705203,Month-to-month,DSL,Mailed check,No,No,No,No,No,2
-1.1960038562387048,0.4200460311230638,Month-to-month,DSL,Electronic check,Yes,No,Yes,Yes,Yes,0
-0.46303730927815856,1.0648232671875193,Month-to-month,Fiber optic,Bank transfer (automatic),Yes,No,No,Yes,Yes,2
1.4915401492832983,0.6859335511496436,Month-to-month,Fiber optic,Bank transfer (automatic),Yes,No,No,No,Yes,2
1.5729808767233588,-0.5703849809759457,Two year,DSL,Bank transfer (automatic),Yes,Yes,Yes,No,Yes,0
1.4915401492832983,-1.5076384890696393,Two year,No,Mailed check,No,No internet service,No internet service,No internet service,No internet service,1
0.6364125111626608,1.2991366442109427,Month-to-month,Fiber optic,Electronic check,Yes,Yes,No,Yes,Yes,2
0.5956921474426305,0.6177998741428321,Month-to-month,Fiber optic,Bank transfer (automatic),Yes,No,No,No,Yes,2
-1.2367242199587352,-0.5105602889699654,Month-to-month,DSL,Electronic check,Yes,No,No,No,No,2
0.5142514200025698,1.4520219682262263,Month-to-month,Fiber optic,Credit card (automatic),Yes,Yes,Yes,Yes,Yes,0
0.758573602322752,0.5396954151350245,Month-to-month,Fiber optic,Bank transfer (automatic),No,No,No,No,No,2
-0.4223169455581282,0.47987072312904416,Month-to-month,DSL,Electronic check,Yes,Yes,Yes,Yes,No,0
1.6137012404433893,0.7274784761537967,Two year,DSL,Bank transfer (automatic),No,Yes,Yes,Yes,Yes,0
0.18848851024232702,0.9368648981747281,Month-to-month,Fiber optic,Electronic check,Yes,No,No,Yes,Yes,2
1.5729808767233588,0.8504514541660894,Two year,DSL,Electronic check,No,Yes,Yes,Yes,Yes,0
-1.0331224013585834,-0.533825446972291,Month-to-month,DSL,Electronic check,No,No,No,No,Yes,2
1.369379058123207,-1.3165318340505352,Two year,No,Credit card (automatic),Yes,No internet service,No internet service,No internet service,No internet service,1
0.758573602322752,0.3868100911197414,One year,DSL,Bank transfer (automatic),Yes,Yes,Yes,Yes,No,0
-0.0965540357978854,-1.502653098069141,One year,No,Bank transfer (automatic),No,No internet service,No internet service,No internet service,No internet service,1
0.06632741908223598,0.684271754149477,Month-to-month,Fiber optic,Electronic check,No,No,No,Yes,No,2
1.2879383306831464,-1.328164413051698,Two year,No,Mailed check,Yes,No internet service,No internet service,No internet service,No internet service,1
1.3286586944031769,1.2758714862086173,One year,Fiber optic,Bank transfer (automatic),Yes,No,No,Yes,Yes,0
0.5956921474426305,1.1961052302006432,Month-to-month,Fiber optic,Mailed check,No,Yes,Yes,Yes,No,0
-1.2774445836787656,1.0249401391835322,Month-to-month,Fiber optic,Electronic check,Yes,No,Yes,Yes,No,2
0.6771328748826912,-0.16656830993557784,Month-to-month,DSL,Credit card (automatic),Yes,No,Yes,No,No,2
1.4100994218432374,0.9750862291785486,Two year,Fiber optic,Credit card (automatic),No,Yes,No,Yes,No,0
0.26992923768238775,-1.5093002860698053,One year,No,Bank transfer (automatic),No,No internet service,No internet service,No internet service,No internet service,1
-0.748079855318371,-1.491020519067978,Month-to-month,No,Mailed check,No,No internet service,No internet service,No internet service,No internet service,1
0.43281069256250915,1.4420511862252297,Month-to-month,Fiber optic,Credit card (automatic),Yes,Yes,Yes,Yes,No,2
0.9621754209229036,1.2060760122016398,Month-to-month,Fiber optic,Electronic check,Yes,No,No,Yes,Yes,2
-0.748079855318371,-0.18817167093773737,One year,DSL,Credit card (automatic),No,Yes,No,No,No,0
-1.2774445836787656,0.21896859410296257,Month-to-month,Fiber optic,Electronic check,No,No,No,No,No,2
-0.6666391278783103,-0.29618847594853537,One year,DSL,Mailed check,Yes,No,Yes,No,No,0
1.5322605130033284,1.3722557122182522,Month-to-month,Fiber optic,Electronic check,Yes,No,Yes,Yes,No,2
1.6137012404433893,0.642726829145324,Two year,DSL,Credit card (automatic),Yes,No,Yes,Yes,Yes,0
-0.38159658183809786,0.3502505571160864,Month-to-month,Fiber optic,Credit card (automatic),Yes,No,No,No,Yes,2
-0.46303730927815856,-1.33148800705203,Month-to-month,No,Mailed check,No,No internet service,No internet service,No internet service,No internet service,1
-1.2774445836787656,-1.4827115340671475,Month-to-month,No,Mailed check,Yes,No internet service,No internet service,No internet service,No internet service,1
-1.2774445836787656,0.1657910900976468,Month-to-month,Fiber optic,Bank transfer (automatic),No,No,No,No,No,2
-0.015113308357824713,0.9451738831755587,Month-to-month,Fiber optic,Electronic check,Yes,No,No,Yes,No,2
-0.62591876415828,0.534710024134526,Month-to-month,Fiber optic,Electronic check,No,No,No,Yes,No,2
-1.1552834925186746,-1.034026344022294,Month-to-month,DSL,Electronic check,Yes,No,Yes,No,No,2
0.14776814652229667,-0.29785027294870164,One year,DSL,Electronic check,No,No,No,No,Yes,2
0.7178532386027215,-0.8329489070021932,Two year,DSL,Credit card (automatic),No,Yes,No,No,Yes,0
0.6364125111626608,-1.1719554950360824,Month-to-month,DSL,Credit card (automatic),Yes,Yes,No,No,No,2
0.7178532386027215,-1.4827115340671475,Two year,No,Credit card (automatic),No,No internet service,No internet service,No internet service,No internet service,1
1.6137012404433893,0.4915033021302069,Two year,DSL,Credit card (automatic),No,Yes,Yes,No,Yes,0
-0.9109613101984924,-1.328164413051698,Month-to-month,No,Credit card (automatic),No,No internet service,No internet service,No internet service,No internet service,1
-0.5851984004382496,-1.4993295040688086,Month-to-month,No,Mailed check,No,No internet service,No internet service,No internet service,No internet service,1
-1.2774445836787656,0.5047976781315361,Month-to-month,Fiber optic,Electronic check,Yes,No,No,Yes,No,2
-1.2774445836787656,-1.5109620830699715,Month-to-month,No,Electronic check,No,No internet service,No internet service,No internet service,No internet service,1
-0.9516816739185228,0.9734244321783826,Month-to-month,Fiber optic,Electronic check,Yes,No,No,Yes,Yes,2
-1.2367242199587352,0.8637458301674186,Month-to-month,Fiber optic,Mailed check,No,No,Yes,No,No,2
0.3106496014024181,0.46823814412788106,Month-to-month,Fiber optic,Credit card (automatic),Yes,Yes,No,No,No,2
1.4915401492832983,1.15456030519649,One year,Fiber optic,Bank transfer (automatic),No,No,No,Yes,Yes,0
0.18848851024232702,1.1445895231954935,One year,Fiber optic,Electronic check,Yes,Yes,Yes,No,Yes,0
-0.5851984004382496,0.5247392421335293,Month-to-month,Fiber optic,Credit card (automatic),Yes,No,No,No,Yes,2
-0.8702409464784621,0.18074726309914202,Month-to-month,Fiber optic,Electronic check,Yes,No,No,No,No,2
-0.9924020376385531,0.6792863631489789,Month-to-month,Fiber optic,Credit card (automatic),Yes,No,No,No,No,2
-1.1960038562387048,0.3485887601159204,Month-to-month,Fiber optic,Electronic check,No,No,No,No,No,2
0.9214550572028734,-0.17653909193657447,One year,DSL,Credit card (automatic),No,No,Yes,No,No,0
0.025607055362205634,0.9501592741760567,Month-to-month,Fiber optic,Electronic check,Yes,No,No,No,Yes,2
0.5549717837226001,-0.6584602219847502,Month-to-month,DSL,Bank transfer (automatic),No,No,No,No,No,2
0.06632741908223598,-1.2849576910473786,Two year,No,Bank transfer (automatic),No,No internet service,No internet service,No internet service,No internet service,1
-1.1960038562387048,-1.481049737066981,Month-to-month,No,Electronic check,No,No internet service,No internet service,No internet service,No internet service,1
-0.0965540357978854,-1.4461520000634926,Two year,No,Mailed check,No,No internet service,No internet service,No internet service,No internet service,1
0.025607055362205634,-0.17820088893674074,One year,DSL,Electronic check,No,Yes,Yes,No,No,0
0.5142514200025698,1.0049985751815391,One year,Fiber optic,Credit card (automatic),Yes,No,No,No,Yes,0
0.3106496014024181,-0.09511103892843457,Month-to-month,DSL,Mailed check,Yes,Yes,Yes,No,No,2
1.5729808767233588,1.7910285562601154,Two year,Fiber optic,Electronic check,Yes,Yes,Yes,Yes,Yes,0
-1.2774445836787656,-0.34604238595351905,Month-to-month,DSL,Electronic check,No,No,No,No,Yes,2
1.6137012404433893,-0.010359391919962149,Two year,DSL,Bank transfer (automatic),No,Yes,Yes,Yes,Yes,0
-0.4223169455581282,0.5114448661322006,Month-to-month,Fiber optic,Electronic check,Yes,No,No,No,No,2
0.5549717837226001,-1.481049737066981,One year,No,Bank transfer (automatic),Yes,No internet service,No internet service,No internet service,No internet service,1
0.9214550572028734,-1.4544609850643233,Two year,No,Mailed check,No,No internet service,No internet service,No internet service,No internet service,1
-1.2774445836787656,-1.4727407520661506,Month-to-month,No,Mailed check,No,No internet service,No internet service,No internet service,No internet service,1
-0.8295205827584317,0.36853032411791364,One year,DSL,Mailed check,Yes,Yes,No,Yes,No,0
-0.055833672077855064,0.5214156481331973,Month-to-month,Fiber optic,Electronic check,Yes,No,No,No,No,2
-1.1145631287986442,-1.3231790220511994,Month-to-month,DSL,Electronic check,Yes,No,No,No,No,2
1.4100994218432374,0.356897745116751,Two year,DSL,Electronic check,Yes,No,Yes,Yes,No,0
-1.2774445836787656,-0.6750781919864114,Month-to-month,DSL,Mailed check,No,No,No,No,No,2
0.3106496014024181,-0.7448736659933887,One year,DSL,Electronic check,Yes,No,Yes,No,Yes,0
0.35136996512244845,0.32532360211359457,Month-to-month,DSL,Credit card (automatic),Yes,No,Yes,Yes,Yes,0
-1.2774445836787656,0.3502505571160864,Month-to-month,Fiber optic,Electronic check,Yes,No,No,No,No,2
0.758573602322752,0.9983513871808745,One year,Fiber optic,Electronic check,Yes,No,Yes,Yes,No,0
0.3920903288424788,-0.5521052139741185,Two year,DSL,Credit card (automatic),No,Yes,Yes,Yes,Yes,0
-0.38159658183809786,-1.4993295040688086,One year,No,Mailed check,No,No internet service,No internet service,No internet service,No internet service,1
-1.2774445836787656,0.19237984210030468,Month-to-month,Fiber optic,Electronic check,Yes,No,No,No,No,2
-1.2774445836787656,-1.4827115340671475,Month-to-month,No,Mailed check,No,No internet service,No internet service,No internet service,No internet service,1
0.9621754209229036,1.3905354792200795,Month-to-month,Fiber optic,Credit card (automatic),Yes,No,Yes,Yes,No,2
-0.7073594915983407,0.8720548151682491,Month-to-month,Fiber optic,Electronic check,Yes,No,No,Yes,No,2
-0.8295205827584317,-1.3082228490497045,Two year,No,Bank transfer (automatic),Yes,No internet service,No internet service,No internet service,No internet service,1
0.880734693482843,0.1724382780983114,Two year,DSL,Bank transfer (automatic),No,Yes,Yes,No,Yes,0
-1.0331224013585834,0.06940686408801149,Month-to-month,DSL,Electronic check,Yes,No,No,Yes,No,2
0.025607055362205634,0.7108605061521354,Month-to-month,Fiber optic,Credit card (automatic),No,No,No,No,No,2
-0.6666391278783103,-1.4827115340671475,Month-to-month,No,Electronic check,No,No internet service,No internet service,No internet service,No internet service,1
-0.46303730927815856,0.0029349840813665527,One year,DSL,Mailed check,No,No,Yes,No,Yes,0
-0.0965540357978854,0.33529438411459117,Two year,DSL,Electronic check,No,No,No,Yes,Yes,2
-1.1960038562387048,-0.4740007549663106,Month-to-month,DSL,Mailed check,Yes,Yes,No,No,No,2
-0.8702409464784621,0.2704843011081128,Month-to-month,Fiber optic,Electronic check,No,No,No,No,Yes,2
1.2064976032430856,1.6713791722481544,One year,Fiber optic,Credit card (automatic),Yes,Yes,Yes,Yes,Yes,0
-0.5851984004382496,-1.5209328650709681,Month-to-month,No,Electronic check,No,No internet service,No internet service,No internet service,No internet service,1
-1.0738427650786138,-1.502653098069141,Month-to-month,No,Mailed check,No,No internet service,No internet service,No internet service,No internet service,1
0.5549717837226001,1.2077378092018058,One year,Fiber optic,Electronic check,Yes,No,No,Yes,Yes,0
-0.46303730927815856,0.642726829145324,Month-to-month,Fiber optic,Electronic check,Yes,No,No,No,No,2
1.4508197855632678,-1.3497677740538576,Two year,No,Bank transfer (automatic),Yes,No internet service,No internet service,No internet service,No internet service,1
-1.2774445836787656,-0.48729513096763954,Month-to-month,DSL,Electronic check,Yes,No,No,No,No,2
-0.30015585439803716,0.32698539911376057,Month-to-month,Fiber optic,Electronic check,Yes,No,No,No,Yes,2
-0.3408762181180675,-1.4960059100684764,Two year,No,Mailed check,No,No internet service,No internet service,No internet service,No internet service,1
-0.0965540357978854,0.6726391751483144,Month-to-month,Fiber optic,Electronic check,Yes,No,No,No,No,2
-1.2367242199587352,0.5247392421335293,Month-to-month,Fiber optic,Electronic check,No,No,No,No,No,2
0.758573602322752,1.397182667220744,One year,Fiber optic,Bank transfer (automatic),Yes,No,No,Yes,Yes,0
1.002895784642934,0.6560212051466532,Two year,DSL,Electronic check,Yes,Yes,Yes,Yes,Yes,0
-0.7073594915983407,-1.3198554280508674,Two year,No,Bank transfer (automatic),No,No internet service,No internet service,No internet service,No internet service,1
1.6137012404433893,0.6294324531439953,Two year,DSL,Bank transfer (automatic),Yes,Yes,Yes,Yes,Yes,0
-1.2367242199587352,0.36686852711774764,Month-to-month,Fiber optic,Electronic check,Yes,No,No,No,Yes,2
-0.1779947632379461,1.0581760791868549,Month-to-month,Fiber optic,Credit card (automatic),No,No,No,Yes,Yes,2
-0.13727439951791576,1.1213243651931677,Month-to-month,Fiber optic,Electronic check,Yes,No,No,Yes,Yes,2
1.5322605130033284,1.2077378092018058,Two year,Fiber optic,Credit card (automatic),Yes,Yes,Yes,Yes,Yes,0
-0.7888002190384014,-1.481049737066981,One year,No,Mailed check,No,No internet service,No internet service,No internet service,No internet service,1
1.0843365120829946,0.9734244321783826,One year,Fiber optic,Electronic check,Yes,Yes,Yes,No,Yes,0
-0.7888002190384014,1.0133075601823696,Month-to-month,Fiber optic,Electronic check,Yes,No,No,Yes,No,2
-1.0331224013585834,0.32033821111309646,Month-to-month,Fiber optic,Mailed check,Yes,No,No,No,No,2
1.2064976032430856,0.5396954151350245,Two year,DSL,Mailed check,No,Yes,Yes,Yes,Yes,0
-0.46303730927815856,-0.1499503399339166,One year,DSL,Electronic check,Yes,Yes,Yes,No,Yes,0
-1.2367242199587352,-0.13000877593192306,Month-to-month,DSL,Electronic check,No,No,No,No,Yes,2
-1.2774445836787656,-0.6916961619880726,Month-to-month,DSL,Credit card (automatic),No,No,No,No,No,2
-1.1552834925186746,0.7075369121518029,Month-to-month,Fiber optic,Electronic check,No,No,No,No,Yes,2
-0.5444780367182193,-1.479387940066815,One year,No,Credit card (automatic),No,No internet service,No internet service,No internet service,No internet service,1
-0.0965540357978854,0.677624566148813,Month-to-month,Fiber optic,Electronic check,No,Yes,No,Yes,No,2
1.4100994218432374,-1.5076384890696393,Two year,No,Credit card (automatic),Yes,No internet service,No internet service,No internet service,No internet service,1
1.6137012404433893,1.259253516206956,Two year,Fiber optic,Credit card (automatic),Yes,No,Yes,No,Yes,0
0.8400143297628127,-1.491020519067978,Two year,No,Credit card (automatic),No,No internet service,No internet service,No internet service,No internet service,1
-1.1145631287986442,-1.502653098069141,One year,No,Electronic check,No,No internet service,No internet service,No internet service,No internet service,1
1.5729808767233588,1.0216165451832002,Two year,Fiber optic,Credit card (automatic),Yes,Yes,No,No,Yes,0
0.7178532386027215,0.6443886261454905,One year,DSL,Credit card (automatic),Yes,Yes,No,Yes,Yes,0
0.9621754209229036,1.2775332832087833,Two year,Fiber optic,Electronic check,Yes,Yes,No,Yes,Yes,0
-1.2367242199587352,-0.48397153696730727,Month-to-month,DSL,Credit card (automatic),Yes,Yes,No,No,No,2
-1.2367242199587352,0.7906267621601091,Month-to-month,Fiber optic,Electronic check,Yes,No,No,No,Yes,2
-0.3408762181180675,-0.3327480099521901,Month-to-month,DSL,Electronic check,No,No,Yes,No,No,2
0.5549717837226001,-1.4893587220678117,Two year,No,Credit card (automatic),No,No internet service,No internet service,No internet service,No internet service,1
1.5729808767233588,1.7112623002521414,Two year,Fiber optic,Electronic check,Yes,Yes,Yes,Yes,Yes,0
-0.13727439951791576,-1.115454397030434,Month-to-month,DSL,Electronic check,Yes,Yes,No,No,No,2
1.4915401492832983,-1.3397969920528607,Two year,No,Bank transfer (automatic),No,No internet service,No internet service,No internet service,No internet service,1
1.5729808767233588,0.6460504231456565,Two year,DSL,Credit card (automatic),No,Yes,No,Yes,Yes,0
-1.2774445836787656,0.8820255971692458,Month-to-month,Fiber optic,Electronic check,Yes,No,No,Yes,No,2
0.9621754209229036,0.6942425361504742,Two year,DSL,Bank transfer (automatic),Yes,Yes,Yes,Yes,Yes,0
0.9621754209229036,-1.4478137970636586,One year,No,Mailed check,Yes,No internet service,No internet service,No internet service,No internet service,1
-1.2774445836787656,0.4898415051300408,Month-to-month,Fiber optic,Electronic check,Yes,No,No,Yes,No,2
-0.1779947632379461,-1.303237458049206,One year,No,Mailed check,No,No internet service,No internet service,No internet service,No internet service,1
-0.5444780367182193,-1.481049737066981,Month-to-month,No,Mailed check,No,No internet service,No internet service,No internet service,No internet service,1
1.369379058123207,-0.030300955921955676,Month-to-month,DSL,Electronic check,No,Yes,No,No,No,2
-0.62591876415828,-0.09344924192826831,One year,DSL,Mailed check,Yes,Yes,No,No,Yes,0
0.7992939660427822,-1.2965902700485417,Two year,No,Mailed check,No,No internet service,No internet service,No internet service,No internet service,1
-0.5444780367182193,-0.21808401694072754,One year,DSL,Electronic check,No,No,No,Yes,No,2
0.14776814652229667,0.7008897241511383,One year,DSL,Bank transfer (automatic),No,Yes,Yes,Yes,Yes,0
-1.0331224013585834,0.1774236690988095,Month-to-month,Fiber optic,Mailed check,Yes,No,No,No,No,2
1.6137012404433893,1.3340343812144315,One year,Fiber optic,Credit card (automatic),Yes,Yes,Yes,No,Yes,0
1.4100994218432374,1.5467443972356951,One year,Fiber optic,Electronic check,Yes,No,Yes,Yes,Yes,0
0.06632741908223598,1.1661928841976528,One year,Fiber optic,Electronic check,Yes,No,No,Yes,Yes,0
1.002895784642934,1.0133075601823696,Month-to-month,Fiber optic,Bank transfer (automatic),Yes,No,No,No,Yes,2
-1.0331224013585834,0.7141841001524675,Month-to-month,Fiber optic,Electronic check,Yes,No,No,Yes,Yes,2
-1.2774445836787656,1.1977670272008092,Month-to-month,Fiber optic,Electronic check,Yes,No,No,Yes,Yes,2
-0.9924020376385531,-1.502653098069141,Month-to-month,No,Bank transfer (automatic),Yes,No internet service,No internet service,No internet service,No internet service,1
1.4915401492832983,1.304122035211441,Two year,Fiber optic,Electronic check,No,Yes,No,Yes,Yes,0
0.7178532386027215,1.3174164112127704,One year,Fiber optic,Mailed check,Yes,No,Yes,Yes,Yes,0
-0.9109613101984924,-1.504314895069307,One year,No,Mailed check,No,No internet service,No internet service,No internet service,No internet service,1
-0.8295205827584317,-1.3132082400502028,Two year,No,Credit card (automatic),No,No internet service,No internet service,No internet service,No internet service,1
-0.748079855318371,0.7158458971526335,Month-to-month,Fiber optic,Electronic check,Yes,No,No,No,No,2
1.5322605130033284,-0.49560411596847015,Two year,DSL,Bank transfer (automatic),Yes,Yes,Yes,No,Yes,0
1.2879383306831464,1.4686399382278874,Month-to-month,Fiber optic,Bank transfer (automatic),Yes,Yes,Yes,Yes,Yes,0
1.369379058123207,0.8354952811645946,Two year,DSL,Credit card (automatic),No,Yes,Yes,Yes,Yes,0
1.5729808767233588,0.572931355138347,Two year,DSL,Credit card (automatic),Yes,Yes,Yes,Yes,Yes,0
-0.5037576729981889,0.8371570781647607,Month-to-month,Fiber optic,Electronic check,No,No,No,Yes,No,2
1.6137012404433893,0.48485611412954227,Two year,DSL,Bank transfer (automatic),Yes,Yes,Yes,Yes,No,0
1.5729808767233588,-0.023653767921291324,Two year,DSL,Credit card (automatic),No,Yes,Yes,No,Yes,0
0.22920887396235737,1.2093996062019723,Month-to-month,Fiber optic,Credit card (automatic),Yes,No,No,Yes,Yes,2
-0.1779947632379461,0.8371570781647607,Month-to-month,Fiber optic,Electronic check,Yes,No,No,No,No,2
-0.62591876415828,0.3884718881199074,Month-to-month,Fiber optic,Electronic check,Yes,No,No,No,No,2
0.025607055362205634,-0.8528904710041867,One year,DSL,Electronic check,Yes,No,No,Yes,No,0
-0.38159658183809786,-1.0024522010191377,Two year,DSL,Mailed check,No,Yes,Yes,No,No,0
1.0436161483629645,-1.502653098069141,One year,No,Electronic check,Yes,No internet service,No internet service,No internet service,No internet service,1
1.5322605130033284,1.3190782082129364,Two year,Fiber optic,Bank transfer (automatic),Yes,Yes,No,Yes,No,0
-1.1552834925186746,0.19071804510013865,Month-to-month,Fiber optic,Electronic check,No,No,No,No,No,2
0.5142514200025698,-1.4760643460664828,Two year,No,Mailed check,No,No internet service,No internet service,No internet service,No internet service,1
-0.9109613101984924,0.17410007509847744,Month-to-month,Fiber optic,Electronic check,Yes,No,No,No,No,2
0.14776814652229667,-1.505976692069473,Two year,No,Credit card (automatic),No,No internet service,No internet service,No internet service,No internet service,1
0.880734693482843,0.17077648109814536,Month-to-month,DSL,Mailed check,Yes,Yes,Yes,Yes,No,0
-0.38159658183809786,-0.16823010693574386,Two year,DSL,Mailed check,No,Yes,No,No,No,0
0.35136996512244845,0.4516201741262198,One year,DSL,Credit card (automatic),Yes,No,Yes,Yes,Yes,0
-1.1145631287986442,0.2222921881032951,Month-to-month,Fiber optic,Mailed check,Yes,No,No,No,No,2
-0.21871512695797646,-0.62854787598176,One year,DSL,Credit card (automatic),Yes,No,No,No,Yes,0
-1.2774445836787656,1.0332491241843629,Month-to-month,Fiber optic,Electronic check,Yes,Yes,No,Yes,No,2
1.4100994218432374,-0.9658926670154829,Two year,DSL,Credit card (automatic),No,Yes,Yes,No,No,0
1.6137012404433893,0.8238627021634315,Two year,DSL,Credit card (automatic),Yes,Yes,Yes,Yes,Yes,0
0.9621754209229036,-1.3231790220511994,Two year,No,Credit card (automatic),Yes,No internet service,No internet service,No internet service,No internet service,1
0.47353105628253944,-1.3265026160515319,One year,No,Electronic check,No,No internet service,No internet service,No internet service,No internet service,1
1.369379058123207,1.1977670272008092,Month-to-month,Fiber optic,Electronic check,Yes,No,No,Yes,No,2
0.06632741908223598,-0.012021188920128179,One year,DSL,Mailed check,Yes,Yes,Yes,No,No,0
1.4915401492832983,1.3489905542159264,Two year,Fiber optic,Bank transfer (automatic),No,Yes,No,Yes,Yes,0
-1.2774445836787656,1.2526063282062914,Month-to-month,Fiber optic,Electronic check,Yes,No,Yes,Yes,Yes,0
0.3106496014024181,-1.4993295040688086,Two year,No,Credit card (automatic),No,No internet service,No internet service,No internet service,No internet service,1
-0.0965540357978854,-0.3427187919531868,Month-to-month,DSL,Bank transfer (automatic),Yes,No,Yes,No,No,2
-0.8702409464784621,0.19071804510013865,Month-to-month,DSL,Mailed check,No,Yes,No,Yes,No,0
-0.7073594915983407,-1.4843733310673135,One year,No,Credit card (automatic),No,No internet service,No internet service,No internet service,No internet service,1
-0.8702409464784621,0.15249671409631763,Month-to-month,DSL,Electronic check,Yes,No,No,Yes,Yes,2
1.2879383306831464,-1.4943441130683104,One year,No,Bank transfer (automatic),No,No internet service,No internet service,No internet service,No internet service,1
1.6137012404433893,0.32033821111309646,Two year,DSL,Bank transfer (automatic),No,Yes,Yes,Yes,Yes,0
1.6137012404433893,0.9401884921750601,Two year,Fiber optic,Bank transfer (automatic),Yes,Yes,Yes,No,Yes,0
-1.2774445836787656,-0.4507355969639848,Month-to-month,DSL,Mailed check,No,No,Yes,No,No,2
-0.7073594915983407,0.0278619390838584,One year,DSL,Credit card (automatic),No,Yes,Yes,No,Yes,0
1.125056875803025,0.5247392421335293,One year,DSL,Credit card (automatic),No,Yes,No,Yes,Yes,0
0.9621754209229036,-0.4008816869590011,One year,DSL,Mailed check,No,No,Yes,No,Yes,0
-0.9924020376385531,-1.4594463760648215,Two year,No,Mailed check,No,No internet service,No internet service,No internet service,No internet service,1
-1.1960038562387048,0.5097830691320341,Month-to-month,Fiber optic,Credit card (automatic),No,Yes,No,No,Yes,0
0.6771328748826912,-0.4191614539608286,Month-to-month,DSL,Credit card (automatic),Yes,No,No,No,No,2
-1.2367242199587352,0.5131066631323666,Month-to-month,Fiber optic,Electronic check,Yes,No,No,Yes,No,2
-1.0738427650786138,1.109691786192005,Month-to-month,Fiber optic,Bank transfer (automatic),Yes,Yes,Yes,No,Yes,0
1.5322605130033284,1.6680555782478224,Two year,Fiber optic,Bank transfer (automatic),Yes,Yes,Yes,Yes,Yes,0
-0.8295205827584317,1.6015836982411773,Month-to-month,Fiber optic,Mailed check,Yes,Yes,No,Yes,Yes,2
0.7992939660427822,1.3190782082129364,One year,Fiber optic,Bank transfer (automatic),Yes,Yes,Yes,Yes,Yes,0
1.6137012404433893,1.624848856243503,Two year,Fiber optic,Credit card (automatic),Yes,Yes,Yes,Yes,Yes,0
0.3106496014024181,-1.4677553610656522,Two year,No,Bank transfer (automatic),Yes,No internet service,No internet service,No internet service,No internet service,1
-1.2774445836787656,0.20401242110146783,Month-to-month,Fiber optic,Mailed check,No,No,No,No,No,2
-1.1960038562387048,0.7341256641544608,Month-to-month,Fiber optic,Electronic check,Yes,No,No,Yes,Yes,2
0.3106496014024181,0.8903345821700764,Month-to-month,Fiber optic,Electronic check,Yes,No,No,Yes,No,2
-1.2774445836787656,-0.49560411596847015,Month-to-month,DSL,Electronic check,Yes,No,No,No,Yes,2
-0.0965540357978854,-1.4943441130683104,One year,No,Credit card (automatic),No,No internet service,No internet service,No internet service,No internet service,1
-0.38159658183809786,1.1661928841976528,Month-to-month,Fiber optic,Electronic check,Yes,Yes,Yes,Yes,No,2
-1.2774445836787656,0.3236618051134285,Month-to-month,Fiber optic,Electronic check,Yes,No,No,No,No,2
0.47353105628253944,1.3091074262119398,Month-to-month,Fiber optic,Electronic check,No,Yes,No,Yes,Yes,2
1.3286586944031769,1.475287126228552,Month-to-month,Fiber optic,Electronic check,Yes,Yes,No,Yes,Yes,2
-1.0331224013585834,-0.5504434169739522,Month-to-month,DSL,Electronic check,Yes,No,Yes,No,No,2
1.6137012404433893,-1.3181936310507012,Two year,No,Credit card (automatic),Yes,No internet service,No internet service,No internet service,No internet service,1
-0.9924020376385531,1.1761636661986499,Month-to-month,Fiber optic,Credit card (automatic),Yes,Yes,No,Yes,No,2
-0.6666391278783103,0.014567563082529699,Month-to-month,DSL,Credit card (automatic),Yes,No,No,No,Yes,2
1.369379058123207,1.15456030519649,Month-to-month,Fiber optic,Credit card (automatic),Yes,No,No,Yes,Yes,2
-1.2774445836787656,0.22561578210362715,Month-to-month,Fiber optic,Mailed check,Yes,No,No,No,No,2
-1.1960038562387048,-0.29452667894836937,Month-to-month,DSL,Mailed check,No,No,Yes,No,Yes,2
0.8400143297628127,0.9684390411778845,Month-to-month,Fiber optic,Electronic check,No,No,Yes,No,Yes,0
-0.9924020376385531,-0.012021188920128179,Month-to-month,DSL,Credit card (automatic),Yes,Yes,No,No,Yes,2
1.4915401492832983,1.4503601712260603,Two year,Fiber optic,Bank transfer (automatic),Yes,Yes,No,Yes,Yes,0
-1.1145631287986442,0.682609957149311,Month-to-month,Fiber optic,Mailed check,Yes,No,No,Yes,No,2
1.6137012404433893,1.4187860282229037,Two year,Fiber optic,Mailed check,No,Yes,Yes,Yes,Yes,0
-0.7888002190384014,-0.532163649972125,Month-to-month,DSL,Bank transfer (automatic),Yes,No,No,Yes,Yes,2
-1.1552834925186746,0.6942425361504742,Month-to-month,Fiber optic,Electronic check,Yes,No,No,Yes,No,2
0.880734693482843,0.8820255971692458,Two year,DSL,Credit card (automatic),No,Yes,Yes,Yes,Yes,0
1.6137012404433893,0.7042133181514708,Two year,DSL,Bank transfer (automatic),No,Yes,No,Yes,Yes,0
-0.8295205827584317,1.393859073220412,Month-to-month,Fiber optic,Electronic check,Yes,No,No,Yes,Yes,2
-1.2774445836787656,-1.3165318340505352,Month-to-month,DSL,Electronic check,Yes,No,No,No,No,2
-1.2774445836787656,-0.6501512369839195,Month-to-month,DSL,Electronic check,No,No,No,No,No,2
0.880734693482843,1.5151702542325387,One year,Fiber optic,Electronic check,No,Yes,No,Yes,Yes,0
1.4915401492832983,0.47987072312904416,Two year,Fiber optic,Credit card (automatic),Yes,No,No,No,Yes,0
0.6364125111626608,-0.3078210549496983,Two year,DSL,Credit card (automatic),No,No,Yes,No,No,0
0.6364125111626608,1.2791950802089493,One year,Fiber optic,Credit card (automatic),Yes,No,Yes,Yes,No,0
-0.9924020376385531,0.8471278601657574,Month-to-month,Fiber optic,Electronic check,Yes,Yes,No,No,No,2
1.5729808767233588,0.8803638001690798,Two year,DSL,Mailed check,Yes,Yes,Yes,Yes,Yes,0
-1.2367242199587352,-0.5637377929752814,Month-to-month,DSL,Electronic check,Yes,No,Yes,No,No,2
1.4100994218432374,1.2010906212011416,One year,Fiber optic,Credit card (automatic),Yes,No,Yes,Yes,No,0
0.06632741908223598,1.0947356131905097,Month-to-month,Fiber optic,Bank transfer (automatic),Yes,No,No,Yes,No,2
-1.1960038562387048,0.16911468409797886,Month-to-month,Fiber optic,Electronic check,Yes,No,No,No,No,2
-0.9516816739185228,0.0278619390838584,One year,DSL,Mailed check,Yes,Yes,No,Yes,No,0
1.5729808767233588,1.325725396213601,One year,Fiber optic,Bank transfer (automatic),Yes,No,Yes,Yes,Yes,0
1.002895784642934,0.8537750481664219,Two year,Fiber optic,Credit card (automatic),Yes,Yes,No,Yes,No,0
1.6137012404433893,-0.035286346922454,Two year,DSL,Bank transfer (automatic),Yes,Yes,Yes,Yes,Yes,0
0.6364125111626608,1.3207400052131024,Month-to-month,Fiber optic,Electronic check,Yes,Yes,Yes,Yes,Yes,0
-0.5851984004382496,-1.4843733310673135,One year,No,Mailed check,No,No internet service,No internet service,No internet service,No internet service,1
0.43281069256250915,1.3140928172124378,One year,Fiber optic,Credit card (automatic),Yes,Yes,No,Yes,Yes,0
1.6137012404433893,0.9468356801757247,Two year,DSL,Bank transfer (automatic),Yes,Yes,Yes,Yes,Yes,0
0.10704778280226633,0.28876406810994004,One year,DSL,Bank transfer (automatic),Yes,Yes,No,Yes,No,0
-1.1552834925186746,-1.46443176706532,Month-to-month,No,Mailed check,No,No internet service,No internet service,No internet service,No internet service,1
0.6771328748826912,-1.3132082400502028,Two year,No,Mailed check,No,No internet service,No internet service,No internet service,No internet service,1
1.5729808767233588,1.1877962451998125,Two year,Fiber optic,Bank transfer (automatic),No,No,Yes,Yes,Yes,0
-0.8702409464784621,0.85876043916692,Month-to-month,Fiber optic,Electronic check,No,No,No,Yes,No,2
1.247217966963116,0.8188773111629334,Two year,DSL,Credit card (automatic),Yes,Yes,Yes,Yes,Yes,0
1.3286586944031769,1.0199547481830342,Month-to-month,Fiber optic,Bank transfer (automatic),Yes,No,No,Yes,Yes,2
0.6771328748826912,-1.4727407520661506,Two year,No,Credit card (automatic),No,No internet service,No internet service,No internet service,No internet service,1
-0.13727439951791576,1.1246479591934997,Month-to-month,Fiber optic,Credit card (automatic),Yes,No,No,Yes,Yes,2
-0.7073594915983407,0.6078290921418354,Month-to-month,Fiber optic,Electronic check,Yes,Yes,No,No,Yes,2
-1.1552834925186746,-1.4893587220678117,Month-to-month,No,Electronic check,Yes,No internet service,No internet service,No internet service,No internet service,1
1.6137012404433893,1.475287126228552,One year,Fiber optic,Credit card (automatic),No,Yes,No,Yes,Yes,0
-0.2594354906780068,0.6959043331506402,Month-to-month,Fiber optic,Credit card (automatic),Yes,No,No,Yes,Yes,2
0.10704778280226633,1.2393119522049623,Month-to-month,Fiber optic,Bank transfer (automatic),No,No,No,Yes,Yes,2
1.002895784642934,0.9950277931805424,One year,Fiber optic,Electronic check,No,Yes,No,No,No,2
-0.1779947632379461,-0.012021188920128179,Month-to-month,DSL,Electronic check,No,No,No,No,No,2
-0.30015585439803716,-1.261692533045053,One year,No,Mailed check,Yes,No internet service,No internet service,No internet service,No internet service,1
0.5956921474426305,0.042818112085353605,One year,DSL,Credit card (automatic),Yes,No,Yes,Yes,Yes,0
1.002895784642934,0.014567563082529699,Month-to-month,DSL,Bank transfer (automatic),No,Yes,Yes,No,No,2
-0.6666391278783103,0.6743009721484804,Month-to-month,Fiber optic,Credit card (automatic),Yes,No,No,Yes,No,2
-1.1145631287986442,-0.29785027294870164,Month-to-month,DSL,Mailed check,Yes,No,Yes,No,Yes,2
-0.62591876415828,0.1873944510998066,Month-to-month,Fiber optic,Bank transfer (automatic),Yes,No,No,No,No,2
0.9621754209229036,1.329048990213933,One year,Fiber optic,Bank transfer (automatic),Yes,No,No,Yes,Yes,0
1.6137012404433893,-1.4893587220678117,Two year,No,Bank transfer (automatic),No,No internet service,No internet service,No internet service,No internet service,1
-0.46303730927815856,0.9800716201790471,Month-to-month,Fiber optic,Electronic check,Yes,No,No,Yes,No,2
0.6364125111626608,-0.6567984249845842,One year,DSL,Credit card (automatic),No,No,Yes,No,Yes,0
1.4508197855632678,1.6663937812476561,Two year,Fiber optic,Bank transfer (automatic),No,Yes,Yes,Yes,Yes,0
-0.0965540357978854,1.3838882912194153,Month-to-month,Fiber optic,Bank transfer (automatic),No,Yes,Yes,Yes,No,2
-1.1960038562387048,-0.6202388909809294,Month-to-month,DSL,Mailed check,Yes,No,No,No,No,2
-0.748079855318371,-0.8329489070021932,Two year,DSL,Mailed check,No,Yes,Yes,No,Yes,0
-1.1552834925186746,-1.4860351280674797,Month-to-month,No,Bank transfer (automatic),Yes,No internet service,No internet service,No internet service,No internet service,1
1.5729808767233588,1.0299255301840309,Two year,Fiber optic,Credit card (automatic),Yes,No,No,No,Yes,0
-0.9924020376385531,-1.341458789053027,One year,No,Mailed check,No,No internet service,No internet service,No internet service,No internet service,1
1.1657772395230555,-1.03568814102246,Month-to-month,DSL,Bank transfer (automatic),No,No,Yes,No,Yes,2
1.6137012404433893,0.8537750481664219,Two year,Fiber optic,Bank transfer (automatic),No,Yes,No,No,Yes,0
-1.1145631287986442,0.6394032351449919,Month-to-month,Fiber optic,Electronic check,Yes,No,No,Yes,No,2
0.6771328748826912,0.0876866310898392,Two year,DSL,Bank transfer (automatic),No,Yes,Yes,No,Yes,0
-0.9924020376385531,-1.4976677070686424,Month-to-month,No,Bank transfer (automatic),Yes,No internet service,No internet service,No internet service,No internet service,1
-1.1960038562387048,0.5180920541328647,Month-to-month,Fiber optic,Electronic check,Yes,No,No,No,No,2
-0.9516816739185228,-1.5009913010689746,Two year,No,Mailed check,No,No internet service,No internet service,No internet service,No internet service,1
1.4100994218432374,-0.3510277769540174,Two year,DSL,Bank transfer (automatic),Yes,No,Yes,No,No,0
0.5549717837226001,-0.6501512369839195,Month-to-month,DSL,Credit card (automatic),Yes,No,No,No,No,2
1.4100994218432374,0.3436033691154218,One year,DSL,Mailed check,No,No,Yes,No,Yes,0
0.9214550572028734,-1.4976677070686424,One year,No,Electronic check,No,No internet service,No internet service,No internet service,No internet service,1
0.025607055362205634,0.2654989101076142,Month-to-month,DSL,Bank transfer (automatic),Yes,No,Yes,Yes,Yes,0
1.2064976032430856,-1.4860351280674797,Two year,No,Credit card (automatic),No,No internet service,No internet service,No internet service,No internet service,1
-1.2774445836787656,-0.6252242819814278,Month-to-month,DSL,Mailed check,No,No,No,No,No,2
0.6771328748826912,-0.8495668770038544,Month-to-month,DSL,Electronic check,Yes,No,Yes,No,No,2
-1.2774445836787656,-0.6651074099854147,Month-to-month,DSL,Electronic check,Yes,No,No,No,No,2
-0.748079855318371,0.5945347161405068,Month-to-month,Fiber optic,Electronic check,Yes,No,No,No,Yes,2
-0.5851984004382496,0.9684390411778845,Month-to-month,Fiber optic,Bank transfer (automatic),No,Yes,No,Yes,Yes,0
-1.2774445836787656,0.179085466098976,Month-to-month,Fiber optic,Electronic check,Yes,No,No,No,No,2
-1.2774445836787656,0.6909189421501416,Month-to-month,Fiber optic,Credit card (automatic),Yes,No,No,Yes,Yes,2
1.6137012404433893,1.7411746462551319,Two year,Fiber optic,Credit card (automatic),Yes,Yes,Yes,Yes,Yes,0
1.2879383306831464,1.1462513201956595,Two year,Fiber optic,Credit card (automatic),No,Yes,Yes,No,Yes,0
1.4915401492832983,1.5882893222398482,Two year,Fiber optic,Bank transfer (automatic),Yes,Yes,Yes,Yes,Yes,0
-1.2774445836787656,-1.2982520670487077,Month-to-month,No,Electronic check,Yes,No internet service,No internet service,No internet service,No internet service,1
1.5729808767233588,0.8487896571659234,Two year,DSL,Credit card (automatic),No,Yes,Yes,Yes,Yes,0
1.369379058123207,-0.5105602889699654,One year,DSL,Credit card (automatic),Yes,Yes,No,No,No,0
-1.2367242199587352,-1.5076384890696393,Month-to-month,No,Mailed check,No,No internet service,No internet service,No internet service,No internet service,1
1.5729808767233588,1.4935668932303794,Two year,Fiber optic,Bank transfer (automatic),Yes,Yes,Yes,Yes,Yes,0
-0.8702409464784621,-0.11671439993059413,One year,DSL,Electronic check,Yes,No,No,Yes,No,0
0.5956921474426305,-0.31446824295036285,Month-to-month,DSL,Electronic check,Yes,No,Yes,No,No,2
0.10704778280226633,0.18407085709947407,Month-to-month,Fiber optic,Electronic check,Yes,No,No,No,No,2
-0.015113308357824713,1.3822264942192488,Month-to-month,Fiber optic,Bank transfer (automatic),No,No,No,Yes,Yes,2
1.125056875803025,1.2958130502106107,Month-to-month,Fiber optic,Bank transfer (automatic),Yes,Yes,No,Yes,No,2
-0.8702409464784621,-1.504314895069307,One year,No,Mailed check,No,No internet service,No internet service,No internet service,No internet service,1
-0.13727439951791576,-0.8395960950028577,One year,DSL,Credit card (automatic),No,Yes,Yes,No,No,0
-0.46303730927815856,-1.286619488047545,Month-to-month,DSL,Electronic check,Yes,No,No,No,No,2
0.6364125111626608,0.8737166121684152,Month-to-month,Fiber optic,Credit card (automatic),Yes,No,No,No,Yes,2
-1.1960038562387048,-1.166970104035584,Month-to-month,DSL,Mailed check,No,No,No,No,No,2
0.43281069256250915,-0.48397153696730727,Month-to-month,DSL,Mailed check,No,No,No,No,No,2
-1.1145631287986442,1.3473287572157604,Month-to-month,Fiber optic,Electronic check,No,No,No,Yes,Yes,2
-1.2774445836787656,-0.3094828519498643,Month-to-month,DSL,Electronic check,Yes,No,No,No,No,2
1.5729808767233588,0.6875953481498096,One year,DSL,Electronic check,No,Yes,Yes,Yes,Yes,0
-0.9924020376385531,-1.4943441130683104,One year,No,Electronic check,No,No internet service,No internet service,No internet service,No internet service,1
-0.9924020376385531,-0.18318627993723904,Month-to-month,DSL,Electronic check,Yes,No,No,Yes,No,2
-0.5037576729981889,0.8620840331672525,Month-to-month,Fiber optic,Credit card (automatic),Yes,No,No,Yes,Yes,2
0.025607055362205634,1.2941512532104444,One year,Fiber optic,Mailed check,Yes,No,Yes,Yes,Yes,0
1.5729808767233588,0.4748853321285456,One year,Fiber optic,Credit card (automatic),Yes,No,No,No,No,0
-0.055833672077855064,0.8620840331672525,One year,Fiber optic,Electronic check,Yes,No,No,Yes,Yes,0
0.22920887396235737,1.0049985751815391,One year,Fiber optic,Credit card (automatic),No,No,Yes,No,No,0
-1.2774445836787656,0.7839795741594444,Month-to-month,Fiber optic,Electronic check,Yes,No,No,Yes,No,2
-1.2367242199587352,-1.1470285400335904,Month-to-month,DSL,Mailed check,Yes,No,No,No,No,2
-0.8295205827584317,-0.49560411596847015,Month-to-month,DSL,Bank transfer (automatic),Yes,No,No,Yes,Yes,2
-0.9516816739185228,0.9385266951748941,Month-to-month,Fiber optic,Bank transfer (automatic),No,Yes,Yes,No,Yes,0
-0.8702409464784621,-0.3393951979528547,Month-to-month,DSL,Electronic check,Yes,Yes,No,No,No,2
-1.0738427650786138,-1.4976677070686424,Month-to-month,No,Mailed check,No,No internet service,No internet service,No internet service,No internet service,1
1.5729808767233588,0.6659919871476498,One year,DSL,Bank transfer (automatic),Yes,Yes,Yes,Yes,Yes,0
0.3920903288424788,0.9867188081797118,One year,Fiber optic,Credit card (automatic),Yes,No,Yes,Yes,No,0
-0.9924020376385531,0.9784098231788811,Month-to-month,Fiber optic,Electronic check,Yes,No,No,Yes,Yes,2
-1.1145631287986442,1.0465435001856922,Month-to-month,Fiber optic,Electronic check,Yes,No,No,Yes,No,2
-1.2367242199587352,0.19736523310080326,Month-to-month,Fiber optic,Electronic check,Yes,No,No,No,No,2
0.5142514200025698,-1.4594463760648215,Two year,No,Mailed check,No,No internet service,No internet service,No internet service,No internet service,1
-0.1779947632379461,-0.1582593249347472,One year,DSL,Credit card (automatic),Yes,Yes,No,Yes,Yes,0
0.43281069256250915,0.5214156481331973,Month-to-month,Fiber optic,Electronic check,No,No,No,No,No,2
1.125056875803025,0.6709773781481484,Two year,DSL,Electronic check,Yes,Yes,Yes,Yes,Yes,0
0.3920903288424788,-1.0373499380226265,One year,DSL,Mailed check,No,Yes,No,No,No,0
-1.0331224013585834,-0.5022513039691348,Two year,DSL,Credit card (automatic),No,Yes,Yes,No,Yes,0
-0.30015585439803716,-1.481049737066981,One year,No,Bank transfer (automatic),Yes,No internet service,No internet service,No internet service,No internet service,1
0.3106496014024181,0.9900424021800438,Month-to-month,Fiber optic,Credit card (automatic),Yes,No,No,Yes,No,2
-0.21871512695797646,1.1877962451998125,One year,Fiber optic,Bank transfer (automatic),Yes,No,No,Yes,Yes,0
-0.9109613101984924,-0.9642308700153169,Month-to-month,DSL,Electronic check,No,Yes,No,No,No,2
-0.21871512695797646,0.720831288153132,Month-to-month,Fiber optic,Bank transfer (automatic),Yes,No,No,No,Yes,2
-0.8702409464784621,-0.3643221529553466,One year,DSL,Bank transfer (automatic),No,Yes,No,No,Yes,0
-1.1552834925186746,-0.8711702380060141,Month-to-month,DSL,Credit card (automatic),No,No,Yes,Yes,No,2
1.4508197855632678,-0.8263017190015288,Month-to-month,DSL,Bank transfer (automatic),Yes,No,No,No,Yes,2
-1.2774445836787656,0.17576187209864347,Month-to-month,Fiber optic,Electronic check,Yes,No,No,No,No,2
-0.5851984004382496,-1.4843733310673135,One year,No,Mailed check,No,No internet service,No internet service,No internet service,No internet service,1
1.002895784642934,1.6015836982411773,Two year,Fiber optic,Bank transfer (automatic),Yes,No,Yes,Yes,Yes,0
-0.2594354906780068,-1.477726143066649,Month-to-month,No,Electronic check,Yes,No internet service,No internet service,No internet service,No internet service,1
-0.62591876415828,-0.9675544640156493,Month-to-month,DSL,Credit card (automatic),Yes,No,No,No,Yes,2
-1.2774445836787656,-0.9592454790148186,Month-to-month,DSL,Electronic check,No,No,No,No,No,2
0.22920887396235737,1.1462513201956595,Month-to-month,Fiber optic,Bank transfer (automatic),Yes,No,No,Yes,Yes,2
1.0843365120829946,0.6045054981415035,One year,Fiber optic,Credit card (automatic),Yes,No,Yes,No,Yes,0
-0.0965540357978854,-0.3028356639492,Two year,DSL,Mailed check,Yes,No,Yes,No,Yes,0
-1.2367242199587352,-1.3397969920528607,Month-to-month,DSL,Mailed check,Yes,No,No,No,No,2
0.7178532386027215,-1.3148700370503688,One year,No,Electronic check,No,No internet service,No internet service,No internet service,No internet service,1
-0.9516816739185228,-0.46402997296531395,One year,DSL,Mailed check,No,Yes,Yes,No,Yes,0
-1.1960038562387048,-1.4993295040688086,Month-to-month,No,Mailed check,No,No internet service,No internet service,No internet service,No internet service,1
-0.748079855318371,-0.16490651293541178,Month-to-month,DSL,Credit card (automatic),Yes,No,No,Yes,Yes,2
-0.055833672077855064,0.2920876621102721,Month-to-month,Fiber optic,Credit card (automatic),Yes,No,Yes,No,No,2
-1.0331224013585834,-0.11172900893009581,Month-to-month,DSL,Electronic check,No,No,Yes,No,Yes,2
-0.9924020376385531,1.2825186742092813,Month-to-month,Fiber optic,Bank transfer (automatic),Yes,Yes,Yes,Yes,No,2
-0.62591876415828,-1.491020519067978,One year,No,Bank transfer (automatic),No,No internet service,No internet service,No internet service,No internet service,1
-0.015113308357824713,-1.505976692069473,Month-to-month,No,Credit card (automatic),Yes,No internet service,No internet service,No internet service,No internet service,1
-1.2367242199587352,0.5563133851366857,Month-to-month,Fiber optic,Mailed check,No,No,No,Yes,No,2
-1.0331224013585834,0.6659919871476498,Month-to-month,Fiber optic,Electronic check,Yes,No,No,Yes,No,2
1.6137012404433893,1.4885815022298807,Two year,Fiber optic,Credit card (automatic),No,No,Yes,Yes,Yes,0
-0.055833672077855064,1.1695164781979852,Month-to-month,Fiber optic,Electronic check,Yes,No,No,Yes,No,2
-0.21871512695797646,0.32033821111309646,Month-to-month,Fiber optic,Mailed check,No,No,Yes,No,No,2
-0.5851984004382496,0.8388188751649267,Month-to-month,Fiber optic,Credit card (automatic),Yes,No,No,Yes,No,2
-1.0331224013585834,0.33695618111475767,Month-to-month,Fiber optic,Electronic check,Yes,No,No,No,Yes,2
-0.748079855318371,1.332372584214265,Month-to-month,Fiber optic,Electronic check,Yes,No,No,Yes,Yes,2
-0.8702409464784621,-0.1698919039359101,Month-to-month,DSL,Bank transfer (automatic),Yes,No,No,Yes,Yes,2
1.6137012404433893,1.5184938482328711,Two year,Fiber optic,Bank transfer (automatic),Yes,Yes,Yes,Yes,Yes,0
-0.1779947632379461,1.3739175092184182,One year,Fiber optic,Electronic check,No,No,Yes,Yes,No,0
-0.7073594915983407,0.31369102311243185,Month-to-month,Fiber optic,Credit card (automatic),Yes,No,No,No,No,2
-1.1552834925186746,0.32200000811326246,Month-to-month,Fiber optic,Electronic check,Yes,No,No,No,No,2
1.5729808767233588,-1.3364733980525287,Two year,No,Electronic check,No,No internet service,No internet service,No internet service,No internet service,1
-1.1145631287986442,0.8172155141627669,Month-to-month,Fiber optic,Electronic check,Yes,Yes,No,No,No,2
0.5956921474426305,-1.3364733980525287,Two year,No,Mailed check,No,No internet service,No internet service,No internet service,No internet service,1
1.002895784642934,0.8604222361670865,One year,Fiber optic,Electronic check,Yes,No,No,Yes,Yes,0
0.7178532386027215,1.3390197722149297,Two year,Fiber optic,Credit card (automatic),Yes,No,Yes,Yes,Yes,0
-0.9924020376385531,-1.4727407520661506,Month-to-month,No,Credit card (automatic),Yes,No internet service,No internet service,No internet service,No internet service,1
0.6364125111626608,-1.502653098069141,Two year,No,Mailed check,No,No internet service,No internet service,No internet service,No internet service,1
1.5322605130033284,-1.4976677070686424,One year,No,Bank transfer (automatic),No,No internet service,No internet service,No internet service,No internet service,1
-1.2774445836787656,0.18905624809997262,Month-to-month,DSL,Bank transfer (automatic),Yes,Yes,Yes,No,No,2
-0.9924020376385531,0.6942425361504742,Month-to-month,Fiber optic,Bank transfer (automatic),Yes,No,No,No,No,2
-1.2774445836787656,0.4117370461222332,Month-to-month,Fiber optic,Electronic check,Yes,No,No,No,No,2
-1.2774445836787656,-0.9808488400169781,Month-to-month,DSL,Bank transfer (automatic),Yes,No,No,No,No,2
1.125056875803025,-1.4694171580658184,Two year,No,Mailed check,No,No internet service,No internet service,No internet service,No internet service,1
0.6771328748826912,1.1030445981913404,One year,Fiber optic,Electronic check,Yes,Yes,No,Yes,No,0
-1.1552834925186746,-0.5388108379727895,Month-to-month,DSL,Electronic check,Yes,No,No,Yes,No,2
-0.13727439951791576,-1.4876969250676457,One year,No,Mailed check,No,No internet service,No internet service,No internet service,No internet service,1
1.4100994218432374,-1.3132082400502028,Two year,No,Credit card (automatic),Yes,No internet service,No internet service,No internet service,No internet service,1
0.8400143297628127,1.1180007711928355,Month-to-month,Fiber optic,Credit card (automatic),Yes,No,No,Yes,No,2
1.4100994218432374,0.20401242110146783,Two year,DSL,Credit card (automatic),No,Yes,Yes,No,Yes,0
-1.0738427650786138,-1.4926823160681442,Month-to-month,No,Mailed check,No,No internet service,No internet service,No internet service,No internet service,1
0.5956921474426305,1.3822264942192488,Month-to-month,Fiber optic,Electronic check,Yes,No,No,Yes,Yes,2
0.8400143297628127,1.15456030519649,Two year,Fiber optic,Mailed check,No,Yes,Yes,No,Yes,0
1.4915401492832983,0.6626683931473177,Two year,DSL,Mailed check,Yes,Yes,Yes,Yes,Yes,0
-1.1960038562387048,0.7075369121518029,Month-to-month,Fiber optic,Mailed check,Yes,No,Yes,No,No,2
-1.1552834925186746,-0.6717545979860794,Month-to-month,DSL,Mailed check,No,No,No,No,No,2
0.9621754209229036,0.36853032411791364,Two year,DSL,Credit card (automatic),Yes,Yes,Yes,No,No,0
1.0843365120829946,0.966777244177718,Month-to-month,Fiber optic,Bank transfer (automatic),Yes,No,No,Yes,No,2
1.1657772395230555,-1.3215172250510334,Two year,No,Bank transfer (automatic),No,No internet service,No internet service,No internet service,No internet service,1
-1.2367242199587352,-0.6567984249845842,Month-to-month,DSL,Electronic check,Yes,No,No,No,No,2
0.5549717837226001,1.1944434332004772,Month-to-month,Fiber optic,Electronic check,Yes,No,Yes,Yes,Yes,0
-0.8295205827584317,-1.4710789550659844,Month-to-month,No,Mailed check,No,No internet service,No internet service,No internet service,No internet service,1
-0.748079855318371,0.5214156481331973,Month-to-month,Fiber optic,Electronic check,Yes,No,No,No,Yes,2
-0.1779947632379461,0.8537750481664219,One year,Fiber optic,Electronic check,Yes,Yes,No,No,No,2
-0.3408762181180675,-0.143303151933252,Month-to-month,DSL,Bank transfer (automatic),No,Yes,Yes,No,No,2
-0.055833672077855064,-0.3161300399505289,Month-to-month,DSL,Electronic check,Yes,Yes,No,No,Yes,2
1.4508197855632678,0.45494376812655235,One year,DSL,Electronic check,Yes,Yes,Yes,No,Yes,0
0.26992923768238775,1.1894580421999785,Two year,Fiber optic,Mailed check,No,Yes,No,Yes,No,0
0.3920903288424788,-1.4760643460664828,Month-to-month,No,Credit card (automatic),No,No internet service,No internet service,No internet service,No internet service,1
-0.7888002190384014,-0.3427187919531868,Month-to-month,DSL,Electronic check,Yes,Yes,Yes,Yes,No,0
-1.0738427650786138,0.8637458301674186,Month-to-month,Fiber optic,Electronic check,Yes,No,No,No,No,2
0.10704778280226633,0.35191235411625243,Month-to-month,Fiber optic,Credit card (automatic),No,No,No,No,No,2
0.22920887396235737,-1.479387940066815,One year,No,Credit card (automatic),Yes,No internet service,No internet service,No internet service,No internet service,1
-0.5851984004382496,-1.4860351280674797,Two year,No,Credit card (automatic),No,No internet service,No internet service,No internet service,No internet service,1
-1.1552834925186746,-1.5009913010689746,Month-to-month,No,Mailed check,No,No internet service,No internet service,No internet service,No internet service,1
-0.21871512695797646,-0.3643221529553466,Month-to-month,DSL,Electronic check,Yes,Yes,No,No,No,2
0.35136996512244845,0.18074726309914202,One year,DSL,Mailed check,No,No,Yes,Yes,Yes,0
0.7178532386027215,0.356897745116751,One year,DSL,Electronic check,No,Yes,Yes,Yes,No,0
1.6137012404433893,-1.4760643460664828,Two year,No,Electronic check,No,No internet service,No internet service,No internet service,No internet service,1
1.5322605130033284,-1.286619488047545,One year,No,Credit card (automatic),No,No internet service,No internet service,No internet service,No internet service,1
0.47353105628253944,-1.4677553610656522,One year,No,Bank transfer (automatic),No,No internet service,No internet service,No internet service,No internet service,1
-1.2367242199587352,0.36354493311741554,Month-to-month,Fiber optic,Electronic check,Yes,No,Yes,No,No,2
0.06632741908223598,-1.4843733310673135,One year,No,Bank transfer (automatic),Yes,No internet service,No internet service,No internet service,No internet service,1
1.6137012404433893,-1.3447823830533592,Two year,No,Bank transfer (automatic),No,No internet service,No internet service,No internet service,No internet service,1
1.5729808767233588,-1.3381351950526947,Two year,No,Electronic check,Yes,No internet service,No internet service,No internet service,No internet service,1
1.2879383306831464,1.5201556452330371,Two year,Fiber optic,Credit card (automatic),Yes,Yes,No,Yes,Yes,0
1.6137012404433893,-1.3132082400502028,Two year,No,Bank transfer (automatic),Yes,No internet service,No internet service,No internet service,No internet service,1
-1.2774445836787656,0.3153528201125979,Month-to-month,Fiber optic,Mailed check,Yes,No,No,No,No,2
-0.13727439951791576,0.8421424691652587,One year,Fiber optic,Bank transfer (automatic),No,No,Yes,No,Yes,0
-0.38159658183809786,0.13255515009432434,One year,DSL,Bank transfer (automatic),Yes,Yes,Yes,No,Yes,0
0.7992939660427822,-1.5142856770703037,Two year,No,Mailed check,No,No internet service,No internet service,No internet service,No internet service,1
-0.30015585439803716,0.82884809316393,Month-to-month,Fiber optic,Electronic check,Yes,No,No,No,No,2
1.2879383306831464,1.6730409692483204,Two year,Fiber optic,Bank transfer (automatic),Yes,Yes,Yes,Yes,Yes,0
-0.6666391278783103,1.0515288911861906,Month-to-month,Fiber optic,Electronic check,Yes,No,No,Yes,No,2
-1.2774445836787656,0.1574821050968162,Month-to-month,Fiber optic,Bank transfer (automatic),Yes,No,No,No,No,2
-0.3408762181180675,1.1595456961969886,Month-to-month,Fiber optic,Bank transfer (automatic),Yes,No,No,Yes,No,2
-1.2367242199587352,0.8870109881697443,Month-to-month,Fiber optic,Electronic check,Yes,No,No,Yes,Yes,2
0.06632741908223598,0.6643301901474837,Two year,DSL,Mailed check,No,Yes,Yes,Yes,Yes,0
0.14776814652229667,0.6809481601491449,Month-to-month,Fiber optic,Credit card (automatic),Yes,No,No,No,No,2
0.8400143297628127,0.464914550127549,One year,DSL,Mailed check,Yes,Yes,No,Yes,Yes,0
0.5956921474426305,-1.479387940066815,Two year,No,Credit card (automatic),No,No internet service,No internet service,No internet service,No internet service,1
1.6137012404433893,-1.491020519067978,Two year,No,Credit card (automatic),No,No internet service,No internet service,No internet service,No internet service,1
1.6137012404433893,1.0963974101906757,Two year,Fiber optic,Credit card (automatic),Yes,Yes,Yes,No,No,0
-1.2774445836787656,-1.5076384890696393,Month-to-month,No,Mailed check,No,No internet service,No internet service,No internet service,No internet service,1
-0.9516816739185228,0.6161380771426661,Month-to-month,Fiber optic,Electronic check,Yes,No,No,No,No,2
-0.9924020376385531,0.5097830691320341,Month-to-month,Fiber optic,Bank transfer (automatic),Yes,No,No,Yes,No,2
0.5142514200025698,-0.06852228692577646,One year,DSL,Credit card (automatic),No,No,Yes,No,Yes,0
-1.0331224013585834,1.1844726511994805,Month-to-month,Fiber optic,Electronic check,Yes,Yes,No,Yes,Yes,2
1.5729808767233588,-1.3397969920528607,Two year,No,Credit card (automatic),Yes,No internet service,No internet service,No internet service,No internet service,1
0.35136996512244845,1.2077378092018058,One year,Fiber optic,Bank transfer (automatic),Yes,Yes,No,Yes,Yes,0
1.4100994218432374,-0.4607063789649817,Two year,DSL,Credit card (automatic),No,No,Yes,Yes,No,0
1.4915401492832983,1.4104770432220732,One year,Fiber optic,Credit card (automatic),Yes,Yes,Yes,No,Yes,0
1.5322605130033284,0.9119379431722362,Two year,DSL,Bank transfer (automatic),Yes,Yes,Yes,Yes,Yes,0
-0.30015585439803716,-1.3115464430500368,One year,No,Bank transfer (automatic),No,No internet service,No internet service,No internet service,No internet service,1
1.6137012404433893,1.6165398712426726,Two year,Fiber optic,Bank transfer (automatic),No,Yes,Yes,Yes,Yes,0
0.06632741908223598,-0.8046983579993692,Two year,DSL,Electronic check,Yes,Yes,No,Yes,No,0
1.3286586944031769,-1.288281285047711,Two year,No,Credit card (automatic),No,No internet service,No internet service,No internet service,No internet service,1
1.5322605130033284,1.5683477582378549,Two year,Fiber optic,Credit card (automatic),Yes,Yes,Yes,Yes,Yes,0
1.6137012404433893,-0.3643221529553466,Two year,DSL,Credit card (automatic),Yes,No,Yes,Yes,Yes,0
0.10704778280226633,0.2438955491054544,One year,DSL,Mailed check,Yes,Yes,No,Yes,No,0
-0.7888002190384014,1.109691786192005,Month-to-month,Fiber optic,Mailed check,No,No,Yes,Yes,No,2
-0.8295205827584317,0.46823814412788106,One year,DSL,Electronic check,No,No,Yes,Yes,Yes,0
1.2064976032430856,0.19902703010096928,One year,DSL,Bank transfer (automatic),Yes,Yes,Yes,Yes,Yes,0
-0.30015585439803716,0.37850110611891075,Month-to-month,DSL,Credit card (automatic),Yes,Yes,Yes,Yes,No,0
0.7992939660427822,-0.8528904710041867,Two year,DSL,Mailed check,No,Yes,Yes,No,No,0
-0.9924020376385531,0.1724382780983114,Month-to-month,Fiber optic,Credit card (automatic),Yes,No,No,No,No,2
-1.2367242199587352,-1.4860351280674797,Month-to-month,No,Mailed check,No,No internet service,No internet service,No internet service,No internet service,1
0.9621754209229036,-1.4860351280674797,Two year,No,Mailed check,No,No internet service,No internet service,No internet service,No internet service,1
-0.8295205827584317,-1.505976692069473,Month-to-month,No,Bank transfer (automatic),No,No internet service,No internet service,No internet service,No internet service,1
0.5956921474426305,-1.2583689390447208,One year,No,Electronic check,No,No internet service,No internet service,No internet service,No internet service,1
-1.2367242199587352,-1.5142856770703037,Month-to-month,No,Electronic check,No,No internet service,No internet service,No internet service,No internet service,1
-0.5851984004382496,-0.4906187249679718,Month-to-month,DSL,Mailed check,Yes,No,No,No,Yes,2
-0.9924020376385531,-0.1582593249347472,Month-to-month,DSL,Electronic check,Yes,No,Yes,Yes,No,0
0.5142514200025698,0.6576830021468192,Month-to-month,Fiber optic,Mailed check,Yes,No,Yes,No,Yes,2
-1.1960038562387048,-0.641842251983089,Month-to-month,DSL,Mailed check,No,No,No,No,No,2
0.22920887396235737,-1.4860351280674797,One year,No,Mailed check,No,No internet service,No internet service,No internet service,No internet service,1
1.6137012404433893,1.6879971422498155,Two year,Fiber optic,Electronic check,Yes,Yes,Yes,Yes,Yes,0
0.5549717837226001,0.9617918531772199,Month-to-month,Fiber optic,Electronic check,Yes,No,Yes,No,No,2
1.5729808767233588,1.1379423351948288,Two year,Fiber optic,Credit card (automatic),Yes,No,Yes,Yes,Yes,0
1.369379058123207,-0.47233895796614456,Two year,DSL,Bank transfer (automatic),No,Yes,No,Yes,No,0
-0.30015585439803716,1.3689321182179202,Month-to-month,Fiber optic,Mailed check,No,No,No,Yes,Yes,2
-0.5851984004382496,0.572931355138347,One year,DSL,Credit card (automatic),Yes,Yes,No,Yes,Yes,0
-0.7888002190384014,-1.3215172250510334,Two year,No,Bank transfer (automatic),Yes,No internet service,No internet service,No internet service,No internet service,1
1.3286586944031769,0.8903345821700764,Two year,DSL,Bank transfer (automatic),No,Yes,Yes,Yes,Yes,0
1.125056875803025,1.0299255301840309,Month-to-month,Fiber optic,Electronic check,Yes,No,No,Yes,Yes,2
-0.7073594915983407,-1.5093002860698053,Two year,No,Mailed check,No,No internet service,No internet service,No internet service,No internet service,1
1.6137012404433893,-1.3265026160515319,Two year,No,Credit card (automatic),No,No internet service,No internet service,No internet service,No internet service,1
-0.0965540357978854,0.9734244321783826,Month-to-month,Fiber optic,Credit card (automatic),Yes,No,No,Yes,No,2
0.3920903288424788,1.1844726511994805,Two year,Fiber optic,Electronic check,Yes,Yes,No,Yes,Yes,0
1.5729808767233588,-1.3215172250510334,Two year,No,Bank transfer (automatic),No,No internet service,No internet service,No internet service,No internet service,1
-1.2774445836787656,-0.3327480099521901,Month-to-month,DSL,Mailed check,Yes,No,No,No,No,2
0.26992923768238775,1.0266019361836989,Month-to-month,Fiber optic,Bank transfer (automatic),Yes,No,No,Yes,No,2
0.10704778280226633,-1.5126238800701375,Month-to-month,No,Bank transfer (automatic),No,No internet service,No internet service,No internet service,No internet service,1
0.8400143297628127,1.4453747802255617,Month-to-month,Fiber optic,Bank transfer (automatic),Yes,Yes,No,Yes,Yes,2
-1.2774445836787656,0.9917041991802098,Month-to-month,Fiber optic,Electronic check,Yes,No,No,Yes,No,2
-0.055833672077855064,1.1346187411944968,Month-to-month,Fiber optic,Electronic check,Yes,Yes,No,Yes,Yes,2
0.6364125111626608,-1.4827115340671475,Two year,No,Credit card (automatic),No,No internet service,No internet service,No internet service,No internet service,1
-0.0965540357978854,1.2143849972024705,Month-to-month,Fiber optic,Electronic check,Yes,Yes,No,Yes,No,2
-0.9109613101984924,-1.4876969250676457,Month-to-month,No,Credit card (automatic),No,No internet service,No internet service,No internet service,No internet service,1
-0.8295205827584317,1.3473287572157604,Month-to-month,Fiber optic,Electronic check,Yes,No,No,Yes,Yes,2
1.002895784642934,0.16911468409797886,Two year,DSL,Bank transfer (automatic),No,Yes,Yes,Yes,Yes,0
1.0436161483629645,0.016229360082695727,Month-to-month,DSL,Credit card (automatic),Yes,No,Yes,Yes,No,0
0.18848851024232702,-1.4943441130683104,Two year,No,Mailed check,No,No internet service,No internet service,No internet service,No internet service,1
0.47353105628253944,-1.5009913010689746,Month-to-month,No,Mailed check,No,No internet service,No internet service,No internet service,No internet service,1
-0.21871512695797646,-1.4860351280674797,One year,No,Credit card (automatic),No,No internet service,No internet service,No internet service,No internet service,1
-0.9924020376385531,-0.5105602889699654,Month-to-month,DSL,Electronic check,No,Yes,No,No,No,2
-1.1960038562387048,0.37517751211857825,Month-to-month,Fiber optic,Electronic check,Yes,No,No,No,No,2
-0.30015585439803716,0.785641371159611,Month-to-month,Fiber optic,Bank transfer (automatic),No,No,No,No,Yes,0
1.002895784642934,1.1911198392001445,Month-to-month,Fiber optic,Electronic check,Yes,No,No,Yes,No,2
-0.8295205827584317,-1.505976692069473,Month-to-month,No,Mailed check,No,No internet service,No internet service,No internet service,No internet service,1
1.2064976032430856,-1.477726143066649,Two year,No,Bank transfer (automatic),No,No internet service,No internet service,No internet service,No internet service,1
1.3286586944031769,1.4254332162235683,Two year,Fiber optic,Bank transfer (automatic),Yes,Yes,No,Yes,Yes,0
1.5729808767233588,0.5214156481331973,Two year,DSL,Bank transfer (automatic),Yes,Yes,No,Yes,Yes,0
-0.46303730927815856,-0.196480655938568,One year,DSL,Credit card (automatic),Yes,No,No,Yes,No,0
1.5729808767233588,1.4902432992300467,One year,Fiber optic,Electronic check,Yes,No,Yes,Yes,Yes,0
-1.0331224013585834,0.34526516611558833,Month-to-month,Fiber optic,Electronic check,Yes,No,No,No,Yes,2
1.6137012404433893,0.27380789510844483,Two year,DSL,Credit card (automatic),Yes,Yes,Yes,No,Yes,0
-1.2774445836787656,0.1774236690988095,Month-to-month,Fiber optic,Electronic check,No,No,No,No,No,2
1.6137012404433893,1.1263097561936661,Two year,Fiber optic,Bank transfer (automatic),Yes,Yes,No,No,Yes,0
1.2879383306831464,1.5517297882361936,One year,Fiber optic,Electronic check,Yes,Yes,No,Yes,Yes,0
1.6137012404433893,1.6663937812476561,Two year,Fiber optic,Electronic check,Yes,Yes,Yes,Yes,Yes,0
-0.13727439951791576,1.1894580421999785,Month-to-month,Fiber optic,Bank transfer (automatic),No,No,No,Yes,Yes,2
-0.7888002190384014,-1.4744025490663168,Two year,No,Mailed check,Yes,No internet service,No internet service,No internet service,No internet service,1
-0.055833672077855064,1.3157546142126038,Month-to-month,Fiber optic,Electronic check,No,No,Yes,Yes,No,2
-1.2774445836787656,0.1657910900976468,Month-to-month,Fiber optic,Electronic check,Yes,No,No,No,No,2
-1.0331224013585834,-1.0057757950194701,Month-to-month,DSL,Electronic check,Yes,Yes,Yes,No,No,2
1.1657772395230555,1.3556377422165908,Month-to-month,Fiber optic,Electronic check,Yes,No,No,Yes,Yes,2
0.26992923768238775,-1.152013931034089,Month-to-month,DSL,Credit card (automatic),No,No,No,No,Yes,2
-0.9109613101984924,0.18407085709947407,Month-to-month,Fiber optic,Electronic check,Yes,No,No,No,No,2
-0.748079855318371,0.5214156481331973,Month-to-month,DSL,Credit card (automatic),No,Yes,No,Yes,No,0
-1.2774445836787656,0.5131066631323666,Month-to-month,Fiber optic,Mailed check,Yes,No,No,No,No,2
1.4100994218432374,0.9833952141793793,One year,Fiber optic,Credit card (automatic),Yes,Yes,Yes,No,No,0
1.6137012404433893,0.8836873941694119,Two year,DSL,Bank transfer (automatic),Yes,Yes,Yes,Yes,Yes,0
-1.0738427650786138,-0.6700928009859131,Month-to-month,DSL,Bank transfer (automatic),Yes,No,No,No,No,2
-1.2774445836787656,-1.5009913010689746,Month-to-month,No,Mailed check,Yes,No internet service,No internet service,No internet service,No internet service,1
-0.30015585439803716,-1.491020519067978,One year,No,Electronic check,No,No internet service,No internet service,No internet service,No internet service,1
0.025607055362205634,1.5184938482328711,Month-to-month,Fiber optic,Electronic check,Yes,Yes,No,Yes,Yes,2
-0.5851984004382496,0.11926077409299518,Month-to-month,DSL,Electronic check,Yes,Yes,Yes,Yes,Yes,0
1.5729808767233588,0.47654712912871167,Two year,DSL,Credit card (automatic),Yes,Yes,No,Yes,Yes,0
-0.1779947632379461,-0.4573827849646494,One year,DSL,Electronic check,Yes,No,No,No,No,0
-1.2367242199587352,0.5247392421335293,Month-to-month,Fiber optic,Credit card (automatic),No,No,Yes,No,No,2
-0.62591876415828,0.06442147308751339,Month-to-month,DSL,Mailed check,Yes,Yes,No,No,Yes,2
0.9621754209229036,0.719169491152966,Month-to-month,Fiber optic,Electronic check,Yes,No,Yes,No,No,2
1.125056875803025,-0.4889569279678058,One year,DSL,Electronic check,No,No,Yes,No,Yes,0
0.025607055362205634,-1.2982520670487077,Two year,No,Credit card (automatic),No,No internet service,No internet service,No internet service,No internet service,1
-1.2774445836787656,0.6194616711429987,Month-to-month,Fiber optic,Mailed check,Yes,Yes,Yes,No,No,2
-1.2367242199587352,0.19736523310080326,Month-to-month,Fiber optic,Credit card (automatic),No,No,No,No,No,2
1.247217966963116,0.6610065961471517,Two year,Fiber optic,Credit card (automatic),Yes,Yes,Yes,No,No,0
-1.0331224013585834,1.1462513201956595,Month-to-month,Fiber optic,Electronic check,Yes,No,No,Yes,Yes,2
0.9214550572028734,-0.00038860991896550476,Two year,DSL,Mailed check,Yes,No,No,No,Yes,0
1.3286586944031769,1.1761636661986499,One year,Fiber optic,Bank transfer (automatic),Yes,Yes,Yes,Yes,No,0
-1.2774445836787656,0.6659919871476498,Month-to-month,Fiber optic,Electronic check,Yes,Yes,No,Yes,No,2
1.247217966963116,-1.3132082400502028,Two year,No,Mailed check,No,No internet service,No internet service,No internet service,No internet service,1
1.5322605130033284,1.6032454952413433,Two year,Fiber optic,Credit card (automatic),Yes,Yes,Yes,Yes,Yes,0
0.14776814652229667,-0.801374763999037,Two year,DSL,Credit card (automatic),No,Yes,Yes,No,Yes,0
0.7992939660427822,1.3373579752147637,One year,Fiber optic,Bank transfer (automatic),Yes,Yes,No,Yes,Yes,0
-0.4223169455581282,-0.3427187919531868,Month-to-month,DSL,Electronic check,Yes,No,Yes,No,No,2
-0.4223169455581282,1.003336778181373,Month-to-month,Fiber optic,Bank transfer (automatic),Yes,Yes,No,No,Yes,2
-1.1145631287986442,-0.1615829189350795,Month-to-month,DSL,Credit card (automatic),No,Yes,Yes,No,No,2
0.5956921474426305,0.682609957149311,Month-to-month,Fiber optic,Electronic check,Yes,No,No,No,Yes,2
0.025607055362205634,0.6177998741428321,Month-to-month,Fiber optic,Electronic check,Yes,No,No,No,No,2
-0.5851984004382496,-1.0390117350227925,Month-to-month,DSL,Credit card (automatic),Yes,No,No,No,Yes,2
-1.2774445836787656,-1.4943441130683104,Month-to-month,No,Credit card (automatic),No,No internet service,No internet service,No internet service,No internet service,1
0.9621754209229036,0.5662841671376824,Two year,DSL,Credit card (automatic),Yes,Yes,No,Yes,Yes,0
-1.2367242199587352,-1.4876969250676457,Month-to-month,No,Mailed check,Yes,No internet service,No internet service,No internet service,No internet service,1
0.10704778280226633,-0.17155370093607614,Month-to-month,DSL,Electronic check,Yes,No,Yes,No,Yes,2
1.2879383306831464,-1.3215172250510334,Two year,No,Credit card (automatic),No,No internet service,No internet service,No internet service,No internet service,1
-0.7073594915983407,0.6510358141461546,Month-to-month,Fiber optic,Credit card (automatic),Yes,No,Yes,No,Yes,2
-0.3408762181180675,0.8504514541660894,Month-to-month,Fiber optic,Electronic check,Yes,No,No,Yes,No,2
-1.2774445836787656,-0.30615925794953225,Month-to-month,DSL,Mailed check,No,No,No,No,No,2
1.5322605130033284,0.35191235411625243,Two year,DSL,Credit card (automatic),No,Yes,Yes,Yes,No,0
-1.2774445836787656,0.8637458301674186,Month-to-month,Fiber optic,Electronic check,Yes,No,No,Yes,No,2
-1.1552834925186746,0.8255244991635975,Month-to-month,Fiber optic,Mailed check,No,No,No,Yes,No,2
0.26992923768238775,-0.18152448293707302,One year,DSL,Electronic check,No,Yes,No,No,No,0
-0.13727439951791576,0.04447990908551963,Month-to-month,DSL,Electronic check,Yes,No,Yes,No,No,2
-0.748079855318371,-1.5275800530716328,Two year,No,Mailed check,No,No internet service,No internet service,No internet service,No internet service,1
1.1657772395230555,0.720831288153132,Two year,DSL,Credit card (automatic),No,Yes,Yes,Yes,Yes,0
-0.7888002190384014,-0.4208232509609946,Month-to-month,DSL,Credit card (automatic),Yes,No,Yes,No,No,2
1.369379058123207,-0.5770321689766102,Two year,DSL,Mailed check,Yes,Yes,Yes,No,Yes,0
-1.2367242199587352,-0.5155456799704636,Month-to-month,DSL,Electronic check,Yes,No,No,Yes,Yes,2
1.0843365120829946,1.475287126228552,One year,Fiber optic,Credit card (automatic),Yes,No,Yes,Yes,Yes,0
1.2064976032430856,1.003336778181373,One year,Fiber optic,Credit card (automatic),Yes,No,Yes,Yes,No,0
0.025607055362205634,0.9568064621767214,One year,Fiber optic,Electronic check,Yes,Yes,Yes,No,No,0
1.369379058123207,0.4898415051300408,Two year,DSL,Credit card (automatic),Yes,Yes,No,Yes,Yes,0
1.6137012404433893,1.6713791722481544,Two year,Fiber optic,Credit card (automatic),No,Yes,Yes,Yes,Yes,0
-1.2774445836787656,-1.4960059100684764,Month-to-month,No,Mailed check,No,No internet service,No internet service,No internet service,No internet service,1
-0.5444780367182193,1.0099839661820376,Month-to-month,Fiber optic,Electronic check,Yes,No,Yes,No,No,2
0.758573602322752,1.0099839661820376,One year,Fiber optic,Mailed check,Yes,Yes,Yes,Yes,No,0
1.247217966963116,1.3506523512160928,Month-to-month,Fiber optic,Electronic check,No,Yes,No,Yes,No,2
-0.21871512695797646,-1.4843733310673135,One year,No,Bank transfer (automatic),No,No internet service,No internet service,No internet service,No internet service,1
-0.4223169455581282,1.2160467942026365,Month-to-month,Fiber optic,Bank transfer (automatic),Yes,No,Yes,Yes,No,2
-1.1552834925186746,-1.4860351280674797,Month-to-month,No,Mailed check,No,No internet service,No internet service,No internet service,No internet service,1
0.3920903288424788,-1.46443176706532,Two year,No,Mailed check,No,No internet service,No internet service,No internet service,No internet service,1
-0.13727439951791576,-1.4760643460664828,One year,No,Mailed check,No,No internet service,No internet service,No internet service,No internet service,1
-1.1552834925186746,0.17576187209864347,Month-to-month,Fiber optic,Credit card (automatic),Yes,No,No,No,No,2
-0.0965540357978854,-1.4976677070686424,One year,No,Mailed check,No,No internet service,No internet service,No internet service,No internet service,1
-1.1552834925186746,0.32864719611392706,Month-to-month,Fiber optic,Electronic check,Yes,No,No,No,No,2
1.5729808767233588,0.6875953481498096,Two year,DSL,Bank transfer (automatic),No,Yes,Yes,Yes,Yes,0
0.5549717837226001,-0.8096837489998675,Two year,DSL,Credit card (automatic),No,Yes,Yes,No,Yes,0
-1.1552834925186746,-0.4773243489666429,Month-to-month,DSL,Mailed check,No,No,No,No,No,2
-1.0331224013585834,0.4948268961305394,Month-to-month,Fiber optic,Mailed check,Yes,No,Yes,No,No,2
1.4915401492832983,1.3440051632154282,One year,Fiber optic,Bank transfer (automatic),Yes,Yes,No,Yes,No,0
1.6137012404433893,1.1927816362003112,Two year,Fiber optic,Bank transfer (automatic),No,No,Yes,Yes,Yes,0
-0.5444780367182193,0.5014740841312035,Month-to-month,Fiber optic,Electronic check,Yes,No,No,No,Yes,2
-0.1779947632379461,0.8720548151682491,Month-to-month,Fiber optic,Electronic check,No,Yes,No,No,Yes,0
-1.1145631287986442,0.464914550127549,Month-to-month,Fiber optic,Electronic check,Yes,No,No,No,No,2
1.6137012404433893,1.7278802702538025,Two year,Fiber optic,Credit card (automatic),Yes,Yes,Yes,Yes,Yes,0
-0.9924020376385531,0.5214156481331973,Month-to-month,Fiber optic,Credit card (automatic),Yes,No,No,Yes,No,2
-1.0331224013585834,-0.18817167093773737,One year,DSL,Electronic check,Yes,No,Yes,No,No,0
-0.4223169455581282,-0.4972659129686364,Month-to-month,DSL,Electronic check,Yes,No,Yes,No,No,2
1.6137012404433893,-1.5109620830699715,Two year,No,Bank transfer (automatic),No,No internet service,No internet service,No internet service,No internet service,1
-0.9924020376385531,-1.4993295040688086,Month-to-month,No,Credit card (automatic),No,No internet service,No internet service,No internet service,No internet service,1
0.7992939660427822,0.5529897911363537,One year,DSL,Credit card (automatic),Yes,Yes,Yes,No,Yes,0
1.4508197855632678,-0.8595376590048512,Two year,DSL,Mailed check,No,Yes,Yes,No,Yes,0
1.5729808767233588,0.7706851981581158,Two year,DSL,Bank transfer (automatic),No,Yes,Yes,Yes,Yes,0
-1.2367242199587352,-1.4926823160681442,Month-to-month,No,Mailed check,No,No internet service,No internet service,No internet service,No internet service,1
0.06632741908223598,1.0498670941860242,Month-to-month,Fiber optic,Electronic check,Yes,Yes,No,Yes,No,2
0.10704778280226633,-1.3497677740538576,Month-to-month,DSL,Electronic check,No,No,No,No,No,2
1.1657772395230555,-1.517609271070636,One year,No,Credit card (automatic),No,No internet service,No internet service,No internet service,No internet service,1
-1.2774445836787656,-0.6900343649879066,Month-to-month,DSL,Electronic check,No,No,No,No,No,2
-1.2774445836787656,-0.48729513096763954,Month-to-month,DSL,Mailed check,Yes,No,No,No,No,2
0.8400143297628127,-0.1383177609327537,One year,DSL,Credit card (automatic),No,No,No,No,Yes,2
1.6137012404433893,-1.2999138640488739,Two year,No,Bank transfer (automatic),No,No internet service,No internet service,No internet service,No internet service,1
-1.2367242199587352,0.3868100911197414,Month-to-month,Fiber optic,Electronic check,No,No,No,No,Yes,2
-1.1960038562387048,1.1279715531938321,Month-to-month,Fiber optic,Electronic check,Yes,Yes,No,Yes,Yes,2
-0.7888002190384014,1.1977670272008092,Month-to-month,Fiber optic,Electronic check,Yes,No,Yes,Yes,No,2
0.35136996512244845,-0.35933676195484804,Month-to-month,DSL,Electronic check,Yes,No,No,Yes,Yes,2
-0.3408762181180675,-1.4744025490663168,One year,No,Credit card (automatic),No,No internet service,No internet service,No internet service,No internet service,1
-0.1779947632379461,0.8421424691652587,One year,Fiber optic,Bank transfer (automatic),Yes,No,No,Yes,No,0
-0.9924020376385531,-1.1769408860365806,Month-to-month,DSL,Mailed check,No,No,Yes,No,No,2
-1.2774445836787656,-1.4727407520661506,Month-to-month,No,Mailed check,Yes,No internet service,No internet service,No internet service,No internet service,1
0.880734693482843,1.0083221691818711,Two year,Fiber optic,Bank transfer (automatic),Yes,Yes,No,No,Yes,0
0.35136996512244845,-1.3132082400502028,Month-to-month,No,Bank transfer (automatic),Yes,No internet service,No internet service,No internet service,No internet service,1
-0.5444780367182193,-0.6601220189849164,Month-to-month,DSL,Mailed check,No,No,No,No,No,2
1.6137012404433893,0.9268941161737314,Two year,DSL,Bank transfer (automatic),No,Yes,Yes,Yes,Yes,0
1.2064976032430856,-0.7000051469889033,Two year,DSL,Bank transfer (automatic),Yes,Yes,Yes,No,Yes,0
0.9621754209229036,0.2605135191071156,Two year,DSL,Credit card (automatic),Yes,Yes,Yes,Yes,No,0
-0.7073594915983407,-0.43910301796282214,Month-to-month,DSL,Electronic check,No,No,No,No,No,2
-0.9109613101984924,0.4815325201292102,Month-to-month,Fiber optic,Electronic check,Yes,No,No,No,No,2
-0.015113308357824713,-1.5225946620711341,Two year,No,Mailed check,No,No internet service,No internet service,No internet service,No internet service,1
-0.46303730927815856,-1.4710789550659844,Month-to-month,No,Credit card (automatic),No,No internet service,No internet service,No internet service,No internet service,1
1.2064976032430856,-1.4893587220678117,One year,No,Bank transfer (automatic),No,No internet service,No internet service,No internet service,No internet service,1
-1.2367242199587352,-1.3381351950526947,Month-to-month,DSL,Electronic check,No,No,No,No,No,2
-0.21871512695797646,-1.4677553610656522,Two year,No,Mailed check,No,No internet service,No internet service,No internet service,No internet service,1
-1.1145631287986442,1.0000131841810405,Month-to-month,Fiber optic,Bank transfer (automatic),Yes,No,No,Yes,No,2
-0.30015585439803716,-0.12336158793125872,One year,DSL,Electronic check,No,No,Yes,Yes,Yes,0
-1.2367242199587352,0.6959043331506402,Month-to-month,Fiber optic,Electronic check,Yes,No,No,No,No,2
0.6771328748826912,1.392197276220246,One year,Fiber optic,Bank transfer (automatic),Yes,Yes,No,Yes,No,0
1.247217966963116,1.4453747802255617,Month-to-month,Fiber optic,Credit card (automatic),No,No,Yes,Yes,Yes,0
-1.1552834925186746,-1.4744025490663168,Month-to-month,No,Credit card (automatic),No,No internet service,No internet service,No internet service,No internet service,1
-1.2774445836787656,-0.31446824295036285,Month-to-month,DSL,Mailed check,Yes,No,No,Yes,No,2
-0.8702409464784621,-1.479387940066815,Month-to-month,No,Mailed check,No,No internet service,No internet service,No internet service,No internet service,1
0.7992939660427822,0.2721460981082788,Month-to-month,Fiber optic,Bank transfer (automatic),Yes,No,No,No,No,2
1.125056875803025,0.8205391081630994,Month-to-month,Fiber optic,Electronic check,No,No,No,No,No,2
1.2879383306831464,1.325725396213601,One year,Fiber optic,Credit card (automatic),Yes,Yes,No,Yes,Yes,0
0.43281069256250915,0.3469269631157543,Two year,DSL,Bank transfer (automatic),No,No,Yes,Yes,Yes,0
1.1657772395230555,1.2093996062019723,One year,Fiber optic,Bank transfer (automatic),No,Yes,No,Yes,No,0
-1.2774445836787656,-0.6767399889865777,Month-to-month,DSL,Mailed check,No,No,No,No,No,2
-1.1145631287986442,0.8222009051632655,Month-to-month,Fiber optic,Electronic check,Yes,No,No,Yes,No,2
1.369379058123207,0.13255515009432434,Two year,DSL,Bank transfer (automatic),No,Yes,Yes,No,Yes,0
1.4100994218432374,1.5384354122348645,Two year,Fiber optic,Electronic check,Yes,Yes,Yes,Yes,Yes,0
0.3920903288424788,1.1379423351948288,Two year,Fiber optic,Credit card (automatic),Yes,Yes,No,Yes,Yes,0
-1.2774445836787656,0.7075369121518029,Month-to-month,Fiber optic,Electronic check,Yes,No,No,Yes,No,2
-0.055833672077855064,-1.4544609850643233,Two year,No,Mailed check,No,No internet service,No internet service,No internet service,No internet service,1
-1.0331224013585834,-1.5076384890696393,Month-to-month,No,Mailed check,Yes,No internet service,No internet service,No internet service,No internet service,1
-1.1552834925186746,-0.6717545979860794,Month-to-month,DSL,Electronic check,Yes,No,No,Yes,No,2
0.06632741908223598,0.4133988431223993,One year,DSL,Bank transfer (automatic),No,No,No,Yes,Yes,0
-1.1960038562387048,-1.505976692069473,One year,No,Mailed check,Yes,No internet service,No internet service,No internet service,No internet service,1
-0.5444780367182193,-1.3265026160515319,Month-to-month,DSL,Mailed check,Yes,No,No,No,No,2
-0.055833672077855064,-0.9758634490164798,Month-to-month,DSL,Bank transfer (automatic),No,Yes,Yes,No,No,2
-1.2774445836787656,1.0266019361836989,Month-to-month,Fiber optic,Mailed check,No,No,No,Yes,No,2
-1.1960038562387048,-0.7781096059967111,Month-to-month,DSL,Mailed check,No,Yes,Yes,No,Yes,2
0.5549717837226001,-1.5009913010689746,Month-to-month,No,Electronic check,No,No internet service,No internet service,No internet service,No internet service,1
-1.2774445836787656,-1.4561227820644893,Month-to-month,No,Mailed check,No,No internet service,No internet service,No internet service,No internet service,1
1.4915401492832983,0.6543594081464871,One year,Fiber optic,Bank transfer (automatic),No,No,Yes,No,Yes,0
-1.1145631287986442,-1.479387940066815,Month-to-month,No,Mailed check,No,No internet service,No internet service,No internet service,No internet service,1
-1.2774445836787656,-1.4993295040688086,Month-to-month,No,Bank transfer (automatic),No,No internet service,No internet service,No internet service,No internet service,1
-0.2594354906780068,-1.4660935640654862,One year,No,Credit card (automatic),Yes,No internet service,No internet service,No internet service,No internet service,1
-0.9109613101984924,-0.9991286070188055,Month-to-month,DSL,Electronic check,Yes,No,No,No,No,2
-0.30015585439803716,1.1479131171958254,Two year,Fiber optic,Bank transfer (automatic),No,Yes,No,Yes,Yes,0
1.2879383306831464,0.5413572121351905,Month-to-month,Fiber optic,Electronic check,No,No,Yes,No,No,2
-0.0965540357978854,0.09433381909050333,Month-to-month,DSL,Electronic check,No,Yes,Yes,No,Yes,0
-0.7888002190384014,0.179085466098976,Month-to-month,Fiber optic,Electronic check,Yes,No,No,No,No,2
1.2879383306831464,1.6697173752479884,One year,Fiber optic,Electronic check,Yes,Yes,Yes,Yes,Yes,0
0.5549717837226001,0.6659919871476498,Month-to-month,Fiber optic,Bank transfer (automatic),Yes,Yes,No,No,Yes,2
-0.8295205827584317,-1.4976677070686424,One year,No,Mailed check,No,No internet service,No internet service,No internet service,No internet service,1
-0.7073594915983407,-1.4960059100684764,Month-to-month,No,Bank transfer (automatic),No,No internet service,No internet service,No internet service,No internet service,1
-0.62591876415828,0.9235705221733989,Month-to-month,Fiber optic,Electronic check,Yes,No,No,Yes,No,2
-0.7888002190384014,-0.05356611392428149,Month-to-month,DSL,Mailed check,Yes,No,Yes,No,Yes,2
1.4100994218432374,0.3070438351117673,Two year,DSL,Credit card (automatic),No,Yes,Yes,Yes,No,0
-0.3408762181180675,-1.1852498710374113,Month-to-month,DSL,Electronic check,No,No,No,No,Yes,2
-1.0738427650786138,-0.4889569279678058,Month-to-month,DSL,Mailed check,No,Yes,No,No,No,2
0.8400143297628127,-0.15659752793458118,One year,DSL,Electronic check,Yes,Yes,Yes,No,No,0
-0.6666391278783103,0.3170146171127639,Month-to-month,Fiber optic,Credit card (automatic),Yes,No,No,No,No,2
-0.9109613101984924,-1.4876969250676457,Month-to-month,No,Electronic check,No,No internet service,No internet service,No internet service,No internet service,1
-0.7888002190384014,0.32864719611392706,One year,Fiber optic,Mailed check,Yes,No,No,No,No,0
-0.9516816739185228,0.684271754149477,Month-to-month,Fiber optic,Electronic check,Yes,No,No,Yes,No,2
-0.30015585439803716,0.3170146171127639,One year,DSL,Mailed check,No,Yes,Yes,Yes,Yes,0
-1.0331224013585834,-0.6767399889865777,Month-to-month,DSL,Electronic check,Yes,Yes,No,No,No,2
0.22920887396235737,0.6859335511496436,Two year,DSL,Bank transfer (automatic),Yes,Yes,Yes,Yes,Yes,0
0.43281069256250915,0.9750862291785486,Month-to-month,Fiber optic,Electronic check,Yes,No,Yes,No,No,2
-1.1552834925186746,1.1080299891918384,Month-to-month,Fiber optic,Bank transfer (automatic),Yes,Yes,No,Yes,Yes,2
-0.30015585439803716,1.4669781412277214,Two year,Fiber optic,Electronic check,No,Yes,No,Yes,Yes,0
-0.21871512695797646,-0.2845558969473725,One year,DSL,Mailed check,No,No,Yes,No,No,0
1.6137012404433893,-1.2849576910473786,Two year,No,Mailed check,No,No internet service,No internet service,No internet service,No internet service,1
1.5729808767233588,0.6875953481498096,One year,Fiber optic,Credit card (automatic),Yes,No,Yes,No,No,0
-0.3408762181180675,0.8039211381614382,Month-to-month,Fiber optic,Credit card (automatic),Yes,No,No,Yes,Yes,2
0.7178532386027215,1.4919050962302134,Two year,Fiber optic,Electronic check,Yes,Yes,Yes,Yes,No,0
1.002895784642934,0.31867641411292996,Two year,DSL,Bank transfer (automatic),Yes,No,Yes,Yes,Yes,0
-0.7073594915983407,-0.5288400559717926,Month-to-month,DSL,Electronic check,No,No,No,No,No,2
-1.1552834925186746,0.5097830691320341,Month-to-month,Fiber optic,Electronic check,Yes,No,Yes,No,No,2
-0.1779947632379461,-0.28954128794787104,Month-to-month,DSL,Electronic check,No,No,Yes,No,No,2
-0.9516816739185228,0.32532360211359457,Month-to-month,Fiber optic,Electronic check,Yes,No,No,No,No,2
0.9214550572028734,0.8321716871642622,Month-to-month,Fiber optic,Bank transfer (automatic),Yes,No,Yes,Yes,No,2
-1.1960038562387048,1.2027524182013078,Month-to-month,Fiber optic,Electronic check,Yes,No,No,Yes,Yes,2
-0.9109613101984924,1.001674981181207,Month-to-month,Fiber optic,Electronic check,Yes,No,No,Yes,Yes,2
0.9214550572028734,-1.517609271070636,One year,No,Bank transfer (automatic),No,No internet service,No internet service,No internet service,No internet service,1
-0.5037576729981889,-1.4760643460664828,Month-to-month,No,Mailed check,No,No internet service,No internet service,No internet service,No internet service,1
1.2064976032430856,1.3722557122182522,One year,Fiber optic,Credit card (automatic),Yes,Yes,No,Yes,No,0
-0.015113308357824713,1.3340343812144315,Month-to-month,Fiber optic,Electronic check,Yes,Yes,No,Yes,Yes,2
0.43281069256250915,-1.4993295040688086,Two year,No,Bank transfer (automatic),Yes,No internet service,No internet service,No internet service,No internet service,1
-0.9516816739185228,-1.3514295710540236,One year,DSL,Bank transfer (automatic),No,No,No,No,No,0
1.125056875803025,-0.16324471593524553,Two year,DSL,Bank transfer (automatic),No,Yes,Yes,No,No,0
1.0436161483629645,0.7091987091519689,Two year,DSL,Electronic check,Yes,No,Yes,Yes,Yes,0
-1.0331224013585834,-1.505976692069473,One year,No,Mailed check,No,No internet service,No internet service,No internet service,No internet service,1
-1.2367242199587352,1.074794049188516,Month-to-month,Fiber optic,Electronic check,No,No,Yes,Yes,No,2
0.18848851024232702,-0.9343185240123267,Month-to-month,DSL,Electronic check,No,No,No,No,Yes,2
1.3286586944031769,1.300798441211109,One year,Fiber optic,Bank transfer (automatic),Yes,Yes,No,Yes,Yes,0
0.26992923768238775,-1.4960059100684764,Two year,No,Mailed check,No,No internet service,No internet service,No internet service,No internet service,1
1.369379058123207,1.3057838322116073,One year,Fiber optic,Electronic check,Yes,Yes,No,Yes,No,0
1.4508197855632678,-1.3364733980525287,Two year,No,Mailed check,No,No internet service,No internet service,No internet service,No internet service,1
1.2064976032430856,-0.533825446972291,Two year,DSL,Bank transfer (automatic),No,Yes,Yes,Yes,No,0
-1.1960038562387048,0.7839795741594444,Month-to-month,Fiber optic,Mailed check,Yes,Yes,No,Yes,Yes,2
1.6137012404433893,1.4885815022298807,Two year,Fiber optic,Electronic check,Yes,No,Yes,Yes,Yes,0
0.35136996512244845,-1.4660935640654862,Two year,No,Credit card (automatic),No,No internet service,No internet service,No internet service,No internet service,1
-0.13727439951791576,0.9933659961803764,Month-to-month,Fiber optic,Credit card (automatic),No,No,Yes,Yes,No,2
-1.1552834925186746,-0.31779183695069496,Month-to-month,DSL,Electronic check,No,No,Yes,No,No,2
0.8400143297628127,-1.3530913680541898,One year,No,Bank transfer (automatic),No,No internet service,No internet service,No internet service,No internet service,1
-1.2774445836787656,0.32033821111309646,Month-to-month,Fiber optic,Electronic check,Yes,No,No,No,No,2
0.35136996512244845,0.50313588113137,Month-to-month,DSL,Credit card (automatic),No,Yes,Yes,No,Yes,0
0.26992923768238775,-1.4727407520661506,Two year,No,Bank transfer (automatic),Yes,No internet service,No internet service,No internet service,No internet service,1
1.247217966963116,-1.5126238800701375,Two year,No,Mailed check,No,No internet service,No internet service,No internet service,No internet service,1
-0.7073594915983407,-1.2766487060465481,Month-to-month,No,Electronic check,Yes,No internet service,No internet service,No internet service,No internet service,1
-0.7888002190384014,-0.6966815529885713,One year,DSL,Electronic check,No,No,No,No,No,0
-1.2774445836787656,-0.4856333339674735,Month-to-month,DSL,Mailed check,Yes,No,No,No,No,2
-1.2774445836787656,-1.4727407520661506,Two year,No,Mailed check,No,No internet service,No internet service,No internet service,No internet service,1
-0.9924020376385531,0.16412929309748078,Month-to-month,Fiber optic,Electronic check,Yes,No,No,No,No,2
1.125056875803025,-0.11172900893009581,Two year,DSL,Electronic check,No,No,Yes,No,Yes,0
-0.8295205827584317,1.1080299891918384,Month-to-month,Fiber optic,Electronic check,Yes,No,No,Yes,Yes,2
0.3106496014024181,0.19902703010096928,One year,DSL,Credit card (automatic),No,Yes,No,Yes,No,0
1.369379058123207,-0.12003799393092641,Two year,DSL,Bank transfer (automatic),Yes,No,Yes,No,Yes,0
0.3920903288424788,-1.479387940066815,One year,No,Mailed check,No,No internet service,No internet service,No internet service,No internet service,1
1.369379058123207,-0.030300955921955676,One year,DSL,Credit card (automatic),Yes,Yes,Yes,No,No,0
0.6771328748826912,1.1279715531938321,Month-to-month,Fiber optic,Electronic check,No,No,No,Yes,No,2
-1.2774445836787656,-1.4710789550659844,Month-to-month,No,Mailed check,No,No internet service,No internet service,No internet service,No internet service,1
0.35136996512244845,-1.4876969250676457,Two year,No,Mailed check,No,No internet service,No internet service,No internet service,No internet service,1
0.35136996512244845,-1.5109620830699715,Two year,No,Bank transfer (automatic),No,No internet service,No internet service,No internet service,No internet service,1
-0.38159658183809786,0.6526976111463211,Month-to-month,Fiber optic,Mailed check,No,Yes,Yes,No,No,0
-1.1960038562387048,-1.3181936310507012,Month-to-month,DSL,Electronic check,No,No,No,No,No,2
-1.1552834925186746,-0.5487816199737862,Month-to-month,DSL,Mailed check,No,Yes,Yes,No,Yes,2
0.7992939660427822,-1.4926823160681442,Two year,No,Mailed check,No,No internet service,No internet service,No internet service,No internet service,1
-1.1552834925186746,1.157883899196822,Month-to-month,Fiber optic,Electronic check,Yes,No,Yes,Yes,No,2
-0.8702409464784621,0.9784098231788811,Month-to-month,Fiber optic,Electronic check,Yes,Yes,No,No,Yes,2
-1.2367242199587352,-0.08680205392760396,Month-to-month,DSL,Mailed check,Yes,No,Yes,No,No,2
-0.2594354906780068,0.4831943171293762,Month-to-month,Fiber optic,Bank transfer (automatic),No,No,No,No,No,2
-0.3408762181180675,-0.28289409994720643,One year,DSL,Credit card (automatic),Yes,No,Yes,No,Yes,0
-0.8295205827584317,-1.477726143066649,Month-to-month,No,Mailed check,No,No internet service,No internet service,No internet service,No internet service,1
1.125056875803025,1.1379423351948288,Month-to-month,Fiber optic,Electronic check,Yes,Yes,No,Yes,No,2
1.2879383306831464,0.85876043916692,Two year,DSL,Mailed check,Yes,Yes,Yes,Yes,Yes,0
1.369379058123207,0.7025515211513048,Two year,DSL,Bank transfer (automatic),Yes,Yes,Yes,Yes,Yes,0
1.125056875803025,0.47987072312904416,One year,Fiber optic,Bank transfer (automatic),Yes,No,No,No,Yes,0
-0.62591876415828,0.1857326540996401,One year,DSL,Bank transfer (automatic),Yes,No,Yes,Yes,Yes,0
0.3920903288424788,-1.5093002860698053,Two year,No,Mailed check,No,No internet service,No internet service,No internet service,No internet service,1
-1.2774445836787656,-0.4856333339674735,Month-to-month,DSL,Electronic check,Yes,No,No,No,No,2
0.5956921474426305,-0.03196275292212194,Two year,DSL,Bank transfer (automatic),No,Yes,No,No,No,0
-0.9109613101984924,-1.4694171580658184,Month-to-month,No,Mailed check,Yes,No internet service,No internet service,No internet service,No internet service,1
1.5322605130033284,0.7906267621601091,Two year,DSL,Credit card (automatic),Yes,Yes,Yes,Yes,Yes,0
1.4100994218432374,1.217708591202803,Month-to-month,Fiber optic,Credit card (automatic),Yes,No,No,Yes,Yes,2
-1.2774445836787656,0.5712695581381809,Month-to-month,Fiber optic,Electronic check,Yes,No,No,No,No,2
-1.0331224013585834,0.15249671409631763,Month-to-month,Fiber optic,Electronic check,Yes,No,No,No,No,2
-1.2774445836787656,-0.6700928009859131,Month-to-month,DSL,Mailed check,No,No,No,No,No,2
-1.1552834925186746,-0.033624549922287965,Month-to-month,DSL,Bank transfer (automatic),Yes,Yes,No,Yes,No,2
1.369379058123207,1.478610720228884,Two year,Fiber optic,Bank transfer (automatic),No,No,Yes,Yes,Yes,0
-0.8295205827584317,0.6593447991469852,Month-to-month,Fiber optic,Electronic check,Yes,No,No,No,No,2
-0.3408762181180675,-1.4727407520661506,One year,No,Credit card (automatic),No,No internet service,No internet service,No internet service,No internet service,1
-0.2594354906780068,0.6975661301508063,Month-to-month,Fiber optic,Electronic check,Yes,No,No,Yes,No,2
-1.0738427650786138,0.8753784091685812,Month-to-month,Fiber optic,Electronic check,Yes,No,No,Yes,No,2
1.002895784642934,1.435403998224565,Two year,Fiber optic,Electronic check,No,Yes,No,Yes,Yes,0
-0.748079855318371,0.7091987091519689,Month-to-month,Fiber optic,Electronic check,Yes,No,No,Yes,No,2
0.3920903288424788,-1.3896509020578445,Two year,No,Electronic check,No,No internet service,No internet service,No internet service,No internet service,1
-0.30015585439803716,0.9950277931805424,Month-to-month,Fiber optic,Bank transfer (automatic),Yes,No,No,Yes,No,2
1.2879383306831464,-1.505976692069473,Two year,No,Credit card (automatic),No,No internet service,No internet service,No internet service,No internet service,1
-0.4223169455581282,0.6759627691486464,Month-to-month,Fiber optic,Electronic check,Yes,No,No,No,No,2
-0.5444780367182193,-1.4976677070686424,One year,No,Credit card (automatic),Yes,No internet service,No internet service,No internet service,No internet service,1
1.1657772395230555,1.1429277261953275,Month-to-month,Fiber optic,Electronic check,Yes,No,No,Yes,No,2
-0.4223169455581282,0.7391110551549593,Month-to-month,Fiber optic,Bank transfer (automatic),Yes,No,No,Yes,Yes,2
1.5322605130033284,1.2692242982079527,Month-to-month,Fiber optic,Electronic check,Yes,No,No,Yes,Yes,2
-0.8295205827584317,0.5047976781315361,Month-to-month,Fiber optic,Bank transfer (automatic),Yes,No,No,No,No,2
-0.055833672077855064,-0.025315564921457354,One year,DSL,Electronic check,Yes,Yes,Yes,No,No,0
-0.8702409464784621,0.004596781081533054,Month-to-month,DSL,Electronic check,Yes,No,No,Yes,No,2
1.4508197855632678,-1.2965902700485417,Two year,No,Mailed check,No,No internet service,No internet service,No internet service,No internet service,1
1.6137012404433893,0.8438042661654253,Two year,DSL,Bank transfer (automatic),Yes,Yes,Yes,Yes,Yes,0
1.4100994218432374,1.7062769092516428,Two year,Fiber optic,Credit card (automatic),Yes,Yes,Yes,Yes,Yes,0
1.125056875803025,1.3356961782145975,Month-to-month,Fiber optic,Bank transfer (automatic),Yes,Yes,Yes,Yes,Yes,0
-1.2774445836787656,-0.6551366279844181,Month-to-month,DSL,Mailed check,Yes,No,No,No,No,2
-1.2774445836787656,0.2073360151017999,Month-to-month,Fiber optic,Electronic check,Yes,No,No,No,No,2
1.0436161483629645,-0.4906187249679718,One year,DSL,Mailed check,No,No,Yes,Yes,Yes,0
0.5956921474426305,0.19237984210030468,Month-to-month,Fiber optic,Bank transfer (automatic),No,No,No,No,No,2
-1.2774445836787656,0.4964886931307054,Month-to-month,Fiber optic,Electronic check,Yes,No,No,No,No,2
-1.2774445836787656,-1.4727407520661506,Month-to-month,No,Mailed check,No,No internet service,No internet service,No internet service,No internet service,1
-0.4223169455581282,-0.19149526493806968,Month-to-month,DSL,Electronic check,No,No,Yes,No,No,2
0.6364125111626608,-0.1466267459335843,One year,DSL,Credit card (automatic),Yes,Yes,Yes,No,Yes,0
0.18848851024232702,-1.4926823160681442,One year,No,Bank transfer (automatic),Yes,No internet service,No internet service,No internet service,No internet service,1
-0.7888002190384014,-1.4893587220678117,One year,No,Electronic check,Yes,No internet service,No internet service,No internet service,No internet service,1
0.43281069256250915,-1.2733251120462157,Two year,No,Bank transfer (automatic),No,No internet service,No internet service,No internet service,No internet service,1
-1.0738427650786138,-0.04525712892345088,Two year,DSL,Mailed check,Yes,Yes,Yes,Yes,Yes,0
1.5729808767233588,-0.35933676195484804,Two year,DSL,Bank transfer (automatic),No,Yes,Yes,Yes,Yes,0
-1.2774445836787656,0.14917312009598557,Month-to-month,Fiber optic,Electronic check,Yes,No,No,No,No,2
1.6137012404433893,1.0083221691818711,Two year,Fiber optic,Electronic check,Yes,No,Yes,Yes,No,0
-1.0738427650786138,0.31036742911209936,Month-to-month,Fiber optic,Electronic check,Yes,No,Yes,No,No,2
-0.8295205827584317,-0.9725398550161476,Month-to-month,DSL,Mailed check,No,Yes,No,No,No,2
-0.30015585439803716,0.20567421810163386,Month-to-month,Fiber optic,Mailed check,No,No,No,No,No,2
-0.46303730927815856,0.47987072312904416,One year,Fiber optic,Electronic check,No,Yes,No,No,Yes,0
-1.0738427650786138,-0.5305018529719588,Month-to-month,DSL,Mailed check,Yes,Yes,No,No,No,2
-0.5037576729981889,0.8055829351616043,Month-to-month,Fiber optic,Mailed check,Yes,No,No,Yes,No,2
-0.5851984004382496,1.1512367111961581,Month-to-month,Fiber optic,Electronic check,Yes,No,Yes,Yes,No,2
0.43281069256250915,-0.3094828519498643,One year,DSL,Electronic check,No,Yes,No,No,No,0
0.10704778280226633,-1.3082228490497045,Two year,No,Credit card (automatic),Yes,No internet service,No internet service,No internet service,No internet service,1
-1.2774445836787656,0.29042586511010604,Month-to-month,Fiber optic,Bank transfer (automatic),No,No,No,No,Yes,0
-0.015113308357824713,0.9551446651765553,Month-to-month,Fiber optic,Electronic check,Yes,No,No,No,Yes,2
0.7992939660427822,-0.028639158921789646,Two year,DSL,Credit card (automatic),No,Yes,Yes,Yes,Yes,0
-0.015113308357824713,0.0029349840813665527,One year,DSL,Bank transfer (automatic),Yes,No,No,Yes,No,0
1.6137012404433893,-0.03196275292212194,Two year,DSL,Bank transfer (automatic),Yes,Yes,Yes,Yes,Yes,0
0.758573602322752,-0.6750781919864114,Month-to-month,DSL,Credit card (automatic),Yes,Yes,Yes,No,No,2
1.4508197855632678,-1.4893587220678117,Two year,No,Bank transfer (automatic),Yes,No internet service,No internet service,No internet service,No internet service,1
-0.9924020376385531,-0.7116377259900661,Month-to-month,DSL,Mailed check,Yes,No,No,No,Yes,2
0.6771328748826912,-0.5022513039691348,Two year,DSL,Credit card (automatic),No,No,No,Yes,No,0
1.6137012404433893,0.6759627691486464,Two year,DSL,Mailed check,No,Yes,Yes,Yes,Yes,0
-0.9516816739185228,1.0216165451832002,Month-to-month,Fiber optic,Electronic check,Yes,No,No,Yes,No,2
-0.1779947632379461,0.9169233341727343,Month-to-month,Fiber optic,Mailed check,Yes,No,Yes,Yes,No,2
0.880734693482843,0.8321716871642622,Month-to-month,Fiber optic,Mailed check,No,No,Yes,Yes,Yes,0
-0.8702409464784621,0.32532360211359457,Month-to-month,Fiber optic,Electronic check,Yes,No,No,No,No,2
0.7178532386027215,1.2725478922082847,One year,Fiber optic,Mailed check,No,Yes,No,Yes,Yes,0
1.4915401492832983,1.7029533152513108,Two year,Fiber optic,Electronic check,Yes,Yes,Yes,Yes,Yes,0
-1.2774445836787656,0.17077648109814536,Month-to-month,Fiber optic,Electronic check,Yes,No,No,No,No,2
1.4508197855632678,1.0083221691818711,Two year,Fiber optic,Bank transfer (automatic),No,Yes,Yes,No,No,0
0.3106496014024181,-0.8146691400003658,One year,DSL,Mailed check,No,Yes,Yes,No,No,0
-0.055833672077855064,-1.2965902700485417,Two year,No,Mailed check,No,No internet service,No internet service,No internet service,No internet service,1
0.025607055362205634,1.3489905542159264,Month-to-month,Fiber optic,Bank transfer (automatic),Yes,No,No,Yes,Yes,2
0.9214550572028734,1.6231870592433366,Two year,Fiber optic,Electronic check,Yes,Yes,No,Yes,Yes,0
1.4508197855632678,-1.3547531650543558,Two year,No,Bank transfer (automatic),Yes,No internet service,No internet service,No internet service,No internet service,1
-0.8295205827584317,-1.5076384890696393,Month-to-month,No,Bank transfer (automatic),No,No internet service,No internet service,No internet service,No internet service,1
1.5729808767233588,0.7091987091519689,Two year,DSL,Bank transfer (automatic),Yes,Yes,Yes,Yes,Yes,0
0.3106496014024181,1.259253516206956,Month-to-month,Fiber optic,Mailed check,Yes,No,No,Yes,Yes,2
1.2879383306831464,0.9335413041743955,One year,Fiber optic,Electronic check,Yes,No,No,No,Yes,0
0.8400143297628127,1.0963974101906757,One year,Fiber optic,Bank transfer (automatic),No,Yes,No,No,No,2
-0.8295205827584317,0.6327560471443273,Month-to-month,Fiber optic,Mailed check,Yes,Yes,No,No,Yes,2
0.8400143297628127,-0.3427187919531868,Month-to-month,DSL,Electronic check,Yes,No,No,Yes,Yes,2
1.6137012404433893,1.1030445981913404,Two year,Fiber optic,Credit card (automatic),Yes,No,Yes,Yes,Yes,0
0.5549717837226001,-1.4893587220678117,Two year,No,Electronic check,No,No internet service,No internet service,No internet service,No internet service,1
0.3106496014024181,-1.3348116010523623,Two year,No,Mailed check,Yes,No internet service,No internet service,No internet service,No internet service,1
-0.8295205827584317,-0.4590445819648154,Month-to-month,DSL,Bank transfer (automatic),Yes,Yes,Yes,Yes,No,0
-0.9516816739185228,0.36022133911708304,Month-to-month,Fiber optic,Electronic check,No,No,Yes,No,No,2
0.758573602322752,0.531386430134194,Month-to-month,Fiber optic,Electronic check,Yes,Yes,No,No,No,2
0.6771328748826912,0.8521132511662559,Month-to-month,Fiber optic,Credit card (automatic),Yes,No,No,Yes,Yes,2
0.35136996512244845,1.1645310871974868,Month-to-month,Fiber optic,Electronic check,Yes,No,No,Yes,Yes,2
0.9621754209229036,-0.1499503399339166,One year,DSL,Credit card (automatic),Yes,Yes,Yes,No,Yes,0
-1.1552834925186746,-1.481049737066981,Month-to-month,No,Electronic check,Yes,No internet service,No internet service,No internet service,No internet service,1
-0.5037576729981889,-0.020330173920958795,One year,DSL,Mailed check,Yes,Yes,Yes,No,No,0
-0.2594354906780068,-1.479387940066815,Month-to-month,No,Credit card (automatic),Yes,No internet service,No internet service,No internet service,No internet service,1
-0.5037576729981889,1.3656085242175875,Month-to-month,Fiber optic,Bank transfer (automatic),Yes,No,No,Yes,Yes,2
-1.0331224013585834,0.35523594811658493,Month-to-month,Fiber optic,Mailed check,No,No,No,No,No,2
-1.0331224013585834,0.966777244177718,Month-to-month,Fiber optic,Electronic check,Yes,No,No,Yes,No,2
0.758573602322752,1.1379423351948288,Month-to-month,Fiber optic,Electronic check,Yes,No,No,Yes,Yes,2
-1.1552834925186746,0.5164302571326987,Month-to-month,Fiber optic,Mailed check,Yes,No,No,No,No,2
-1.2774445836787656,-1.502653098069141,Month-to-month,No,Credit card (automatic),No,No internet service,No internet service,No internet service,No internet service,1
-0.21871512695797646,1.1961052302006432,Month-to-month,Fiber optic,Electronic check,No,Yes,Yes,Yes,No,2
-0.4223169455581282,1.1961052302006432,Month-to-month,Fiber optic,Electronic check,Yes,No,Yes,Yes,No,2
-0.8295205827584317,-0.3659839499555126,Month-to-month,DSL,Mailed check,Yes,Yes,No,No,No,2
-1.1960038562387048,-1.1221015850310987,Month-to-month,DSL,Mailed check,Yes,Yes,No,No,No,2
0.06632741908223598,-1.3015756610490399,One year,No,Credit card (automatic),Yes,No internet service,No internet service,No internet service,No internet service,1
-0.3408762181180675,-0.2130986259402292,One year,DSL,Electronic check,Yes,Yes,Yes,No,No,0
0.758573602322752,0.5064594751317021,Month-to-month,Fiber optic,Credit card (automatic),No,No,No,No,Yes,0
-0.748079855318371,-0.6119299059800988,Month-to-month,DSL,Electronic check,Yes,No,No,Yes,No,2
1.0843365120829946,1.6281724502438353,Two year,Fiber optic,Electronic check,No,Yes,Yes,Yes,Yes,0
-1.1960038562387048,0.8521132511662559,Month-to-month,Fiber optic,Electronic check,No,No,No,No,Yes,2
1.3286586944031769,1.48027251722905,Two year,Fiber optic,Electronic check,No,Yes,Yes,Yes,Yes,0
-1.1145631287986442,0.18240906009930805,Month-to-month,Fiber optic,Mailed check,Yes,No,No,No,No,2
1.0843365120829946,0.8487896571659234,Two year,DSL,Credit card (automatic),No,Yes,Yes,Yes,Yes,0
1.6137012404433893,0.016229360082695727,Two year,DSL,Credit card (automatic),Yes,Yes,Yes,Yes,Yes,0
1.2064976032430856,1.1761636661986499,Month-to-month,Fiber optic,Electronic check,Yes,No,No,Yes,Yes,2
-0.1779947632379461,0.9883806051798778,Month-to-month,Fiber optic,Credit card (automatic),Yes,No,Yes,No,No,2
-1.1960038562387048,-0.13665596393258767,Month-to-month,DSL,Mailed check,No,Yes,No,No,No,2
-0.5444780367182193,-1.3514295710540236,Month-to-month,No,Credit card (automatic),Yes,No internet service,No internet service,No internet service,No internet service,1
-1.2774445836787656,-1.504314895069307,Month-to-month,No,Mailed check,Yes,No internet service,No internet service,No internet service,No internet service,1
-0.3408762181180675,0.7042133181514708,Month-to-month,Fiber optic,Electronic check,Yes,Yes,No,No,Yes,2
1.002895784642934,-0.3742929349563432,One year,DSL,Electronic check,Yes,Yes,No,No,Yes,0
1.6137012404433893,-1.3065610520495383,Two year,No,Credit card (automatic),No,No internet service,No internet service,No internet service,No internet service,1
1.4100994218432374,-1.4710789550659844,Two year,No,Bank transfer (automatic),No,No internet service,No internet service,No internet service,No internet service,1
0.7992939660427822,-1.4594463760648215,One year,No,Credit card (automatic),Yes,No internet service,No internet service,No internet service,No internet service,1
1.5729808767233588,0.8354952811645946,Two year,DSL,Credit card (automatic),No,Yes,Yes,Yes,Yes,0
-0.2594354906780068,-1.288281285047711,One year,No,Mailed check,No,No internet service,No internet service,No internet service,No internet service,1
0.10704778280226633,1.609892683242008,Two year,Fiber optic,Mailed check,Yes,Yes,Yes,Yes,Yes,0
0.9214550572028734,0.142525932095321,Two year,Fiber optic,Credit card (automatic),Yes,No,No,No,No,0
0.025607055362205634,-1.4843733310673135,Two year,No,Mailed check,No,No internet service,No internet service,No internet service,No internet service,1
1.6137012404433893,1.4919050962302134,Two year,Fiber optic,Electronic check,Yes,No,Yes,Yes,Yes,0
-1.2774445836787656,-1.5142856770703037,Month-to-month,No,Mailed check,Yes,No internet service,No internet service,No internet service,No internet service,1
-0.9109613101984924,-1.0257173590214634,Month-to-month,DSL,Mailed check,Yes,No,No,No,No,2
0.18848851024232702,0.8388188751649267,Month-to-month,Fiber optic,Electronic check,No,Yes,No,Yes,Yes,2
-0.8295205827584317,-1.0223937650211312,Month-to-month,DSL,Mailed check,No,Yes,No,No,No,2
-1.2774445836787656,-1.4744025490663168,One year,No,Mailed check,No,No internet service,No internet service,No internet service,No internet service,1
1.2064976032430856,-0.8695084410058479,Two year,DSL,Credit card (automatic),Yes,Yes,Yes,No,No,0
-1.2774445836787656,-1.3132082400502028,Month-to-month,DSL,Bank transfer (automatic),No,No,No,No,No,2
-0.5851984004382496,-0.1383177609327537,Month-to-month,DSL,Mailed check,Yes,No,Yes,No,Yes,2
1.4915401492832983,0.8371570781647607,Month-to-month,Fiber optic,Electronic check,Yes,No,No,Yes,No,2
-1.2367242199587352,0.3319707901142591,Month-to-month,Fiber optic,Electronic check,Yes,No,No,No,No,2
-0.5444780367182193,-1.4677553610656522,Month-to-month,No,Mailed check,No,No internet service,No internet service,No internet service,No internet service,1
-0.8295205827584317,0.6543594081464871,Month-to-month,Fiber optic,Electronic check,Yes,No,No,Yes,No,2
-0.9516816739185228,-1.4744025490663168,Month-to-month,No,Mailed check,No,No internet service,No internet service,No internet service,No internet service,1
-0.21871512695797646,0.5629605731373504,One year,DSL,Electronic check,No,Yes,Yes,Yes,Yes,0
-0.21871512695797646,0.4898415051300408,Month-to-month,Fiber optic,Electronic check,Yes,Yes,No,No,No,2
-1.2774445836787656,0.8105683261621028,Month-to-month,Fiber optic,Mailed check,No,No,No,Yes,No,2
-0.3408762181180675,-1.477726143066649,Month-to-month,No,Mailed check,Yes,No internet service,No internet service,No internet service,No internet service,1
-0.748079855318371,0.3386179781149237,Month-to-month,Fiber optic,Electronic check,Yes,No,No,No,No,2
-0.015113308357824713,0.32033821111309646,Month-to-month,Fiber optic,Electronic check,Yes,No,No,No,No,2
-0.8702409464784621,-1.4876969250676457,One year,No,Mailed check,No,No internet service,No internet service,No internet service,No internet service,1
-1.2774445836787656,-1.3215172250510334,Month-to-month,No,Mailed check,Yes,No internet service,No internet service,No internet service,No internet service,1
0.22920887396235737,0.5214156481331973,Month-to-month,Fiber optic,Mailed check,Yes,No,Yes,No,No,2
-0.9516816739185228,-1.4960059100684764,Two year,No,Mailed check,No,No internet service,No internet service,No internet service,No internet service,1
0.880734693482843,0.0295237360840249,Two year,DSL,Credit card (automatic),Yes,Yes,Yes,No,No,0
-0.13727439951791576,0.2073360151017999,One year,DSL,Credit card (automatic),Yes,No,No,Yes,No,0
0.47353105628253944,0.8122301231622688,Month-to-month,Fiber optic,Electronic check,Yes,No,No,Yes,Yes,2
1.0843365120829946,0.7308020701541287,Two year,DSL,Electronic check,Yes,Yes,Yes,Yes,Yes,0
-1.1960038562387048,-0.31446824295036285,Month-to-month,DSL,Electronic check,Yes,No,No,No,No,2
-0.5851984004382496,-0.10840541492976351,One year,DSL,Mailed check,Yes,Yes,Yes,No,No,0
1.4100994218432374,-1.3181936310507012,Two year,No,Credit card (automatic),No,No internet service,No internet service,No internet service,No internet service,1
-0.4223169455581282,-0.3194536339508612,Month-to-month,DSL,Electronic check,No,Yes,No,No,No,2
0.025607055362205634,-1.0207319680209652,One year,DSL,Credit card (automatic),No,Yes,Yes,No,No,0
-1.1145631287986442,-1.4893587220678117,Month-to-month,No,Mailed check,No,No internet service,No internet service,No internet service,No internet service,1
-1.2367242199587352,-1.4893587220678117,Month-to-month,No,Mailed check,No,No internet service,No internet service,No internet service,No internet service,1
1.6137012404433893,0.82884809316393,Two year,DSL,Credit card (automatic),No,Yes,Yes,Yes,Yes,0
-0.9516816739185228,-1.4744025490663168,Month-to-month,No,Mailed check,No,No internet service,No internet service,No internet service,No internet service,1
1.4100994218432374,-1.2783105030467143,Two year,No,Mailed check,No,No internet service,No internet service,No internet service,No internet service,1
-0.6666391278783103,0.6709773781481484,Month-to-month,Fiber optic,Electronic check,Yes,No,No,Yes,No,2
-0.9924020376385531,-1.46443176706532,Month-to-month,No,Mailed check,Yes,No internet service,No internet service,No internet service,No internet service,1
-1.1145631287986442,-0.7149613199903985,Month-to-month,DSL,Mailed check,Yes,Yes,Yes,No,Yes,2
-0.38159658183809786,-0.5454580259734538,One year,DSL,Credit card (automatic),Yes,No,No,No,No,0
-1.2774445836787656,0.4915033021302069,Month-to-month,Fiber optic,Electronic check,Yes,No,No,Yes,No,2
0.7178532386027215,0.2089978121019659,Month-to-month,Fiber optic,Electronic check,Yes,No,No,No,No,2
-0.62591876415828,-1.505976692069473,Two year,No,Credit card (automatic),No,No internet service,No internet service,No internet service,No internet service,1
1.4508197855632678,1.5301264272340338,Two year,Fiber optic,Bank transfer (automatic),Yes,No,Yes,Yes,Yes,0
-1.2774445836787656,0.6560212051466532,Month-to-month,Fiber optic,Electronic check,No,No,No,Yes,No,2
-0.30015585439803716,0.1508349170961516,Month-to-month,Fiber optic,Electronic check,Yes,No,No,No,No,2
1.4100994218432374,-0.5122220859701314,One year,DSL,Bank transfer (automatic),Yes,Yes,Yes,Yes,Yes,0
-0.015113308357824713,-1.4760643460664828,One year,No,Credit card (automatic),No,No internet service,No internet service,No internet service,No internet service,1
1.4100994218432374,1.3572995392167568,One year,Fiber optic,Electronic check,Yes,No,Yes,Yes,No,0
1.6137012404433893,-0.010359391919962149,Two year,DSL,Credit card (automatic),Yes,Yes,Yes,Yes,Yes,0
1.5729808767233588,1.4570073592267243,Two year,Fiber optic,Credit card (automatic),Yes,Yes,No,Yes,Yes,0
-1.2774445836787656,-0.49394231896830415,Month-to-month,DSL,Electronic check,Yes,No,No,No,No,2
0.5549717837226001,-1.1453667430334245,Month-to-month,DSL,Bank transfer (automatic),No,No,No,No,No,2
-1.2367242199587352,-1.1420431490330922,Month-to-month,DSL,Electronic check,Yes,No,No,No,Yes,2
-1.2774445836787656,-0.6435040489832552,Month-to-month,DSL,Mailed check,Yes,No,No,No,No,2
0.6364125111626608,0.0295237360840249,One year,DSL,Electronic check,Yes,No,No,No,Yes,0
1.1657772395230555,1.2808568772091153,One year,Fiber optic,Bank transfer (automatic),Yes,Yes,No,Yes,Yes,0
-0.015113308357824713,0.6443886261454905,Month-to-month,Fiber optic,Bank transfer (automatic),No,No,No,No,No,2
-1.2367242199587352,-0.6750781919864114,Month-to-month,DSL,Electronic check,No,No,No,No,No,2
-1.1960038562387048,-1.4960059100684764,Month-to-month,No,Electronic check,No,No internet service,No internet service,No internet service,No internet service,1
-1.1145631287986442,0.6859335511496436,Month-to-month,Fiber optic,Credit card (automatic),Yes,Yes,No,No,No,2
1.5729808767233588,0.8354952811645946,Two year,DSL,Bank transfer (automatic),No,Yes,Yes,Yes,Yes,0
0.18848851024232702,-0.3227772279511935,Month-to-month,DSL,Mailed check,Yes,No,Yes,No,No,2
1.3286586944031769,1.3074456292117733,Two year,Fiber optic,Bank transfer (automatic),Yes,Yes,No,Yes,Yes,0
1.4100994218432374,1.3905354792200795,One year,Fiber optic,Bank transfer (automatic),Yes,Yes,No,Yes,No,0
0.6771328748826912,0.3469269631157543,Month-to-month,Fiber optic,Credit card (automatic),No,No,No,No,No,2
0.7178532386027215,0.19071804510013865,Two year,DSL,Credit card (automatic),Yes,Yes,Yes,Yes,No,0
-0.30015585439803716,-1.5009913010689746,One year,No,Electronic check,No,No internet service,No internet service,No internet service,No internet service,1
-0.62591876415828,-0.29618847594853537,One year,DSL,Mailed check,Yes,No,No,No,Yes,0
1.2879383306831464,-1.3530913680541898,Two year,No,Mailed check,Yes,No internet service,No internet service,No internet service,No internet service,1
-0.30015585439803716,-0.8861264110075091,One year,DSL,Credit card (automatic),Yes,No,No,Yes,Yes,0
-0.38159658183809786,1.3838882912194153,Month-to-month,Fiber optic,Electronic check,Yes,No,No,Yes,Yes,2
-0.3408762181180675,-1.0140847800203006,Month-to-month,DSL,Mailed check,No,Yes,No,No,Yes,2
0.18848851024232702,1.1728400721983174,Month-to-month,Fiber optic,Electronic check,Yes,No,No,Yes,Yes,2
-0.46303730927815856,0.12923155609399228,Month-to-month,Fiber optic,Electronic check,Yes,No,No,No,No,2
-1.2774445836787656,-0.6302096729819263,Month-to-month,DSL,Mailed check,Yes,No,No,No,No,2
-0.9109613101984924,0.3652067301175816,Month-to-month,Fiber optic,Mailed check,Yes,No,No,No,No,2
-1.0738427650786138,0.6526976111463211,Month-to-month,Fiber optic,Electronic check,Yes,No,No,No,No,2
0.758573602322752,1.0515288911861906,One year,Fiber optic,Credit card (automatic),Yes,No,Yes,No,No,0
-0.9109613101984924,-1.4694171580658184,Month-to-month,No,Mailed check,Yes,No internet service,No internet service,No internet service,No internet service,1
-1.0738427650786138,-0.4590445819648154,Month-to-month,DSL,Credit card (automatic),No,Yes,Yes,No,No,2
0.5956921474426305,0.8554368451665879,Two year,DSL,Mailed check,Yes,Yes,Yes,Yes,Yes,0
1.1657772395230555,0.48651791112970877,One year,DSL,Electronic check,Yes,Yes,Yes,No,Yes,0
0.7992939660427822,-0.19980424993890028,Two year,DSL,Bank transfer (automatic),Yes,No,Yes,Yes,Yes,0
0.10704778280226633,-0.17653909193657447,Month-to-month,DSL,Credit card (automatic),Yes,No,Yes,No,No,2
1.5729808767233588,1.3606231332170895,One year,Fiber optic,Bank transfer (automatic),Yes,No,No,Yes,Yes,0
-1.0738427650786138,-0.28289409994720643,Month-to-month,DSL,Electronic check,No,No,Yes,No,No,2
0.5142514200025698,-0.3809401229570078,Two year,DSL,Credit card (automatic),No,No,Yes,No,Yes,0
-1.2367242199587352,0.6909189421501416,Month-to-month,Fiber optic,Electronic check,Yes,No,No,Yes,No,2
-1.1552834925186746,0.12923155609399228,Month-to-month,DSL,Bank transfer (automatic),Yes,No,No,Yes,No,0
-1.2367242199587352,-1.3447823830533592,Month-to-month,DSL,Mailed check,No,No,No,No,No,2
-1.1552834925186746,0.4350022041245586,Month-to-month,Fiber optic,Electronic check,No,No,No,Yes,No,2
0.758573602322752,-0.1615829189350795,One year,DSL,Credit card (automatic),No,Yes,Yes,No,No,0
1.125056875803025,-1.3564149620545218,One year,No,Credit card (automatic),No,No internet service,No internet service,No internet service,No internet service,1
-0.9516816739185228,-1.4827115340671475,One year,No,Mailed check,Yes,No internet service,No internet service,No internet service,No internet service,1
-1.1960038562387048,1.3489905542159264,Month-to-month,Fiber optic,Bank transfer (automatic),Yes,No,No,Yes,Yes,2
-0.62591876415828,1.0266019361836989,Month-to-month,Fiber optic,Bank transfer (automatic),Yes,Yes,No,No,Yes,2
-0.9924020376385531,0.7407728521551253,Month-to-month,Fiber optic,Electronic check,Yes,No,No,Yes,No,2
0.5549717837226001,0.5396954151350245,Two year,DSL,Mailed check,No,Yes,Yes,Yes,Yes,0
1.4508197855632678,0.5878875281398422,Two year,DSL,Credit card (automatic),Yes,Yes,Yes,Yes,Yes,0
-1.2774445836787656,-0.3742929349563432,Month-to-month,DSL,Mailed check,Yes,No,No,Yes,No,2
-1.1552834925186746,-1.4710789550659844,One year,No,Bank transfer (automatic),No,No internet service,No internet service,No internet service,No internet service,1
-1.2774445836787656,-1.3181936310507012,Month-to-month,DSL,Mailed check,Yes,No,No,No,No,2
-0.1779947632379461,-0.34438058895335305,One year,DSL,Credit card (automatic),Yes,Yes,No,No,No,0
0.26992923768238775,-0.2047896409393986,One year,DSL,Credit card (automatic),Yes,No,No,Yes,No,0
-0.8702409464784621,0.6659919871476498,Month-to-month,Fiber optic,Electronic check,No,No,No,No,Yes,2
1.5729808767233588,-0.11172900893009581,Two year,DSL,Credit card (automatic),Yes,Yes,No,Yes,Yes,0
-1.2367242199587352,-1.4744025490663168,Month-to-month,No,Mailed check,No,No internet service,No internet service,No internet service,No internet service,1
-0.0965540357978854,0.4948268961305394,Month-to-month,Fiber optic,Mailed check,Yes,No,No,No,Yes,2
-0.62591876415828,-1.4827115340671475,One year,No,Mailed check,No,No internet service,No internet service,No internet service,No internet service,1
0.9214550572028734,0.9867188081797118,Month-to-month,Fiber optic,Credit card (automatic),Yes,No,No,Yes,Yes,2
1.0436161483629645,0.4998122871310375,Month-to-month,Fiber optic,Bank transfer (automatic),Yes,No,Yes,No,No,2
-1.1145631287986442,-0.3510277769540174,Month-to-month,DSL,Electronic check,No,Yes,Yes,No,No,2
-1.2774445836787656,-1.505976692069473,Month-to-month,No,Electronic check,Yes,No internet service,No internet service,No internet service,No internet service,1
-0.9516816739185228,0.3087056321119333,Month-to-month,Fiber optic,Electronic check,Yes,No,No,No,No,2
-0.2594354906780068,-0.518869273970796,Month-to-month,DSL,Bank transfer (automatic),No,Yes,No,No,No,2
0.7178532386027215,-1.5076384890696393,Two year,No,Credit card (automatic),No,No internet service,No internet service,No internet service,No internet service,1
1.6137012404433893,1.624848856243503,Two year,Fiber optic,Bank transfer (automatic),Yes,Yes,Yes,Yes,Yes,0
0.43281069256250915,1.3705939152180862,One year,Fiber optic,Credit card (automatic),Yes,Yes,Yes,Yes,No,0
0.9621754209229036,-1.289943082047877,Two year,No,Bank transfer (automatic),Yes,No internet service,No internet service,No internet service,No internet service,1
-1.2774445836787656,-1.517609271070636,Month-to-month,No,Mailed check,No,No internet service,No internet service,No internet service,No internet service,1
1.6137012404433893,1.284180471209448,Two year,Fiber optic,Electronic check,Yes,No,No,Yes,Yes,0
1.6137012404433893,1.1894580421999785,Two year,Fiber optic,Bank transfer (automatic),Yes,Yes,Yes,No,No,0
0.14776814652229667,1.0182929511828682,Month-to-month,Fiber optic,Electronic check,Yes,No,No,Yes,No,2
-1.1145631287986442,0.34526516611558833,Month-to-month,DSL,Bank transfer (automatic),No,Yes,No,Yes,Yes,0
-0.7888002190384014,0.6543594081464871,Month-to-month,Fiber optic,Electronic check,Yes,No,No,No,Yes,2
0.47353105628253944,0.8105683261621028,One year,Fiber optic,Credit card (automatic),No,No,No,No,Yes,0
1.5322605130033284,1.433742201224399,One year,Fiber optic,Electronic check,Yes,Yes,No,Yes,Yes,0
0.47353105628253944,-1.504314895069307,One year,No,Credit card (automatic),No,No internet service,No internet service,No internet service,No internet service,1
-0.015113308357824713,0.7042133181514708,Month-to-month,Fiber optic,Credit card (automatic),Yes,No,No,Yes,No,2
1.4915401492832983,-1.3231790220511994,Two year,No,Credit card (automatic),Yes,No internet service,No internet service,No internet service,No internet service,1
-0.6666391278783103,-0.17820088893674074,Month-to-month,DSL,Electronic check,No,Yes,No,Yes,No,0
1.4508197855632678,-1.504314895069307,One year,No,Bank transfer (automatic),No,No internet service,No internet service,No internet service,No internet service,1
-0.6666391278783103,0.1724382780983114,Month-to-month,Fiber optic,Credit card (automatic),Yes,No,No,No,No,2
1.4508197855632678,0.6011819041411709,Two year,DSL,Bank transfer (automatic),No,Yes,Yes,Yes,No,0
-1.1552834925186746,-1.5209328650709681,Month-to-month,No,Mailed check,No,No internet service,No internet service,No internet service,No internet service,1
-0.2594354906780068,-0.8611994560050172,Month-to-month,DSL,Credit card (automatic),No,Yes,Yes,No,No,2
-0.13727439951791576,-1.1353959610324276,Month-to-month,DSL,Electronic check,Yes,No,No,No,No,2
-1.1145631287986442,-1.4760643460664828,Month-to-month,No,Credit card (automatic),No,No internet service,No internet service,No internet service,No internet service,1
1.5322605130033284,1.0049985751815391,One year,Fiber optic,Bank transfer (automatic),Yes,No,No,Yes,Yes,0
-0.3408762181180675,0.32033821111309646,One year,DSL,Bank transfer (automatic),No,Yes,Yes,Yes,No,0
1.6137012404433893,0.45494376812655235,Two year,DSL,Bank transfer (automatic),No,Yes,Yes,No,Yes,0
-1.2774445836787656,0.3170146171127639,Month-to-month,Fiber optic,Mailed check,Yes,Yes,No,No,No,2
1.5322605130033284,-0.45572098796448335,One year,DSL,Bank transfer (automatic),Yes,Yes,No,No,Yes,0
0.14776814652229667,-1.5142856770703037,Month-to-month,No,Bank transfer (automatic),No,No internet service,No internet service,No internet service,No internet service,1
0.22920887396235737,1.156222102196656,Month-to-month,Fiber optic,Electronic check,Yes,Yes,No,Yes,No,2
-0.62591876415828,0.17410007509847744,Month-to-month,Fiber optic,Electronic check,Yes,No,No,No,No,2
0.35136996512244845,1.4736253292283856,One year,Fiber optic,Bank transfer (automatic),Yes,Yes,No,Yes,Yes,0
-1.2774445836787656,-0.6468276429835875,Month-to-month,DSL,Electronic check,Yes,No,No,No,No,2
-1.2367242199587352,-1.1603229160349193,Month-to-month,DSL,Bank transfer (automatic),No,Yes,No,No,No,2
-0.748079855318371,0.3884718881199074,Month-to-month,Fiber optic,Electronic check,No,No,No,No,Yes,2
-1.2367242199587352,1.0083221691818711,Month-to-month,Fiber optic,Credit card (automatic),Yes,Yes,No,No,Yes,2
-1.2774445836787656,-1.4943441130683104,Month-to-month,No,Mailed check,No,No internet service,No internet service,No internet service,No internet service,1
-0.7888002190384014,0.2671607071077802,Month-to-month,DSL,Electronic check,Yes,Yes,No,Yes,Yes,0
-1.0738427650786138,-1.5225946620711341,Month-to-month,No,Mailed check,No,No internet service,No internet service,No internet service,No internet service,1
-1.1552834925186746,0.395119076120572,Month-to-month,Fiber optic,Bank transfer (automatic),Yes,No,No,No,No,2
-1.1145631287986442,1.1429277261953275,Month-to-month,Fiber optic,Mailed check,Yes,Yes,No,Yes,No,2
-0.7073594915983407,1.2293411702039656,Month-to-month,Fiber optic,Electronic check,No,No,Yes,Yes,Yes,0
0.5956921474426305,0.35523594811658493,Month-to-month,Fiber optic,Credit card (automatic),No,No,Yes,No,No,2
-0.9924020376385531,-0.021991970921125294,Month-to-month,DSL,Mailed check,No,Yes,No,No,Yes,2
-0.62591876415828,-1.2999138640488739,Month-to-month,DSL,Mailed check,Yes,No,No,No,No,2
-0.7073594915983407,0.3436033691154218,Month-to-month,Fiber optic,Mailed check,No,No,Yes,No,No,2
-0.2594354906780068,1.0332491241843629,One year,Fiber optic,Bank transfer (automatic),Yes,Yes,Yes,No,Yes,0
-0.38159658183809786,-0.34438058895335305,Month-to-month,DSL,Electronic check,No,No,Yes,No,No,2
-1.1552834925186746,0.2654989101076142,Month-to-month,Fiber optic,Electronic check,No,No,No,No,No,2
-0.13727439951791576,-1.4926823160681442,One year,No,Mailed check,No,No internet service,No internet service,No internet service,No internet service,1
-0.30015585439803716,-1.5192710680708021,Month-to-month,No,Mailed check,No,No internet service,No internet service,No internet service,No internet service,1
-0.9516816739185228,-0.6584602219847502,Month-to-month,DSL,Mailed check,No,No,No,No,No,2
-0.5851984004382496,-0.5055748979694671,Month-to-month,DSL,Mailed check,Yes,No,No,No,Yes,2
-1.1960038562387048,1.0000131841810405,Month-to-month,Fiber optic,Electronic check,Yes,No,No,Yes,No,2
1.4915401492832983,-0.6152534999804311,Two year,DSL,Bank transfer (automatic),No,Yes,Yes,No,Yes,0
-0.748079855318371,-1.5093002860698053,One year,No,Mailed check,No,No internet service,No internet service,No internet service,No internet service,1
-0.5444780367182193,0.16080569909714826,Month-to-month,DSL,Mailed check,No,No,No,Yes,No,2
0.26992923768238775,0.8620840331672525,Month-to-month,Fiber optic,Electronic check,No,No,No,No,No,2
-0.055833672077855064,1.217708591202803,Month-to-month,Fiber optic,Electronic check,Yes,No,No,Yes,Yes,2
-0.3408762181180675,-1.479387940066815,One year,No,Mailed check,No,No internet service,No internet service,No internet service,No internet service,1
-0.748079855318371,-0.5305018529719588,Month-to-month,DSL,Bank transfer (automatic),No,Yes,No,No,No,2
1.2879383306831464,0.31867641411292996,Two year,DSL,Mailed check,Yes,Yes,Yes,No,Yes,0
0.7178532386027215,-1.5093002860698053,One year,No,Mailed check,Yes,No internet service,No internet service,No internet service,No internet service,1
0.7992939660427822,0.13255515009432434,One year,DSL,Electronic check,Yes,Yes,No,Yes,Yes,0
-0.1779947632379461,1.1778254631988159,One year,Fiber optic,Electronic check,No,No,No,Yes,No,0
-0.46303730927815856,-1.4594463760648215,Two year,No,Credit card (automatic),Yes,No internet service,No internet service,No internet service,No internet service,1
-0.30015585439803716,1.0349109211845293,Month-to-month,Fiber optic,Electronic check,Yes,No,No,Yes,No,2
-0.62591876415828,-1.5093002860698053,One year,No,Mailed check,No,No internet service,No internet service,No internet service,No internet service,1
1.0436161483629645,-0.6567984249845842,One year,DSL,Credit card (automatic),Yes,No,No,Yes,No,0
-0.62591876415828,0.5563133851366857,Month-to-month,Fiber optic,Bank transfer (automatic),No,No,No,No,No,2
0.758573602322752,-1.304899255049372,Two year,No,Mailed check,No,No internet service,No internet service,No internet service,No internet service,1
1.6137012404433893,-0.5271782589716266,Two year,DSL,Mailed check,No,Yes,Yes,Yes,Yes,0
0.7992939660427822,0.642726829145324,Month-to-month,Fiber optic,Electronic check,No,No,Yes,Yes,No,2
-0.21871512695797646,-1.5009913010689746,Two year,No,Mailed check,Yes,No internet service,No internet service,No internet service,No internet service,1
-1.1960038562387048,-1.4876969250676457,Month-to-month,No,Mailed check,No,No internet service,No internet service,No internet service,No internet service,1
1.2879383306831464,0.5496661971360212,Two year,DSL,Mailed check,Yes,Yes,Yes,No,Yes,0
0.5142514200025698,1.0116457631822036,Two year,Fiber optic,Credit card (automatic),Yes,Yes,No,Yes,No,0
-1.1960038562387048,-0.9409657120129912,Month-to-month,DSL,Mailed check,Yes,No,No,Yes,No,2
1.5729808767233588,0.6161380771426661,Two year,DSL,Credit card (automatic),Yes,Yes,No,Yes,Yes,0
-1.2774445836787656,-1.3198554280508674,Month-to-month,DSL,Mailed check,No,No,No,No,No,2
1.0436161483629645,-1.477726143066649,Two year,No,Credit card (automatic),No,No internet service,No internet service,No internet service,No internet service,1
0.06632741908223598,0.8338334841644282,Month-to-month,Fiber optic,Electronic check,Yes,No,No,Yes,Yes,2
-0.9924020376385531,-0.49560411596847015,Month-to-month,DSL,Electronic check,Yes,No,Yes,No,No,2
-0.7073594915983407,-1.4943441130683104,Month-to-month,No,Mailed check,No,No internet service,No internet service,No internet service,No internet service,1
1.369379058123207,-0.33607160395252245,Two year,DSL,Bank transfer (automatic),No,Yes,No,Yes,Yes,0
-0.8295205827584317,-1.1769408860365806,Month-to-month,DSL,Credit card (automatic),Yes,No,No,No,No,2
1.0436161483629645,-1.51594747407047,Two year,No,Bank transfer (automatic),Yes,No internet service,No internet service,No internet service,No internet service,1
-1.1960038562387048,-1.517609271070636,Two year,No,Mailed check,No,No internet service,No internet service,No internet service,No internet service,1
0.43281069256250915,-0.30615925794953225,Month-to-month,DSL,Credit card (automatic),No,No,No,Yes,Yes,2
-0.9516816739185228,0.5247392421335293,Month-to-month,Fiber optic,Electronic check,No,No,No,No,Yes,2
-1.1960038562387048,-1.479387940066815,One year,No,Mailed check,No,No internet service,No internet service,No internet service,No internet service,1
-0.4223169455581282,0.1574821050968162,One year,DSL,Bank transfer (automatic),Yes,No,No,Yes,No,0
0.3106496014024181,1.3705939152180862,One year,Fiber optic,Bank transfer (automatic),Yes,No,No,Yes,Yes,0
1.4508197855632678,-1.304899255049372,Two year,No,Bank transfer (automatic),No,No internet service,No internet service,No internet service,No internet service,1
0.880734693482843,1.3140928172124378,Month-to-month,Fiber optic,Electronic check,Yes,No,No,Yes,Yes,2
0.7178532386027215,0.4931650991303729,Two year,DSL,Mailed check,Yes,Yes,No,Yes,No,0
-1.2774445836787656,-0.3161300399505289,Month-to-month,DSL,Electronic check,Yes,No,No,No,No,2
1.6137012404433893,0.7740087921584478,Two year,DSL,Bank transfer (automatic),No,Yes,Yes,Yes,Yes,0
0.3106496014024181,-1.4744025490663168,One year,No,Bank transfer (automatic),Yes,No internet service,No internet service,No internet service,No internet service,1
1.6137012404433893,1.7561308192566265,Two year,Fiber optic,Bank transfer (automatic),Yes,Yes,Yes,Yes,Yes,0
-1.0738427650786138,-1.4876969250676457,Month-to-month,No,Mailed check,No,No internet service,No internet service,No internet service,No internet service,1
-1.1145631287986442,-1.4993295040688086,Month-to-month,No,Credit card (automatic),Yes,No internet service,No internet service,No internet service,No internet service,1
0.6364125111626608,0.19237984210030468,One year,DSL,Credit card (automatic),Yes,No,No,No,Yes,0
-1.2774445836787656,0.966777244177718,Month-to-month,Fiber optic,Electronic check,Yes,No,No,Yes,No,2
1.2879383306831464,0.034509127084522986,One year,DSL,Mailed check,No,Yes,Yes,Yes,No,0
-0.62591876415828,-1.4860351280674797,One year,No,Credit card (automatic),No,No internet service,No internet service,No internet service,No internet service,1
0.3106496014024181,0.5064594751317021,Month-to-month,Fiber optic,Electronic check,Yes,No,No,No,Yes,2
0.35136996512244845,-0.9758634490164798,One year,DSL,Credit card (automatic),No,No,Yes,No,Yes,0
0.758573602322752,0.4931650991303729,One year,Fiber optic,Bank transfer (automatic),Yes,No,No,No,No,0
0.35136996512244845,0.5147684601325326,Month-to-month,Fiber optic,Electronic check,Yes,No,No,No,No,2
-1.2774445836787656,-0.4756625519664766,Month-to-month,DSL,Mailed check,No,No,No,No,Yes,2
-1.2367242199587352,-1.4727407520661506,Month-to-month,No,Mailed check,Yes,No internet service,No internet service,No internet service,No internet service,1
1.4508197855632678,0.4931650991303729,One year,Fiber optic,Credit card (automatic),No,No,No,No,Yes,0
-0.3408762181180675,-1.33148800705203,Two year,No,Mailed check,No,No internet service,No internet service,No internet service,No internet service,1
1.5322605130033284,0.4167224371227313,Two year,DSL,Credit card (automatic),No,Yes,Yes,No,Yes,0
-1.1960038562387048,-1.1636465100352518,Month-to-month,DSL,Electronic check,Yes,Yes,No,No,No,2
-1.2367242199587352,-0.6601220189849164,Month-to-month,DSL,Bank transfer (automatic),No,No,No,No,No,2
-1.1960038562387048,-1.1619847130350858,Month-to-month,DSL,Credit card (automatic),No,No,No,No,No,2
-1.0331224013585834,0.32864719611392706,Month-to-month,DSL,Electronic check,Yes,Yes,No,Yes,No,2
-0.7888002190384014,0.23891015810495633,Month-to-month,DSL,Electronic check,Yes,No,Yes,Yes,No,0
-1.0331224013585834,-1.462769970065154,Month-to-month,No,Mailed check,No,No internet service,No internet service,No internet service,No internet service,1
-0.8295205827584317,-0.28123230294704044,Month-to-month,DSL,Mailed check,Yes,No,No,Yes,No,2
0.8400143297628127,1.3456669602155942,One year,Fiber optic,Electronic check,Yes,No,No,Yes,Yes,0
-0.8295205827584317,0.9784098231788811,Month-to-month,Fiber optic,Electronic check,Yes,No,No,Yes,No,2
1.247217966963116,-1.502653098069141,Two year,No,Mailed check,No,No internet service,No internet service,No internet service,No internet service,1
-0.7073594915983407,0.6543594081464871,Month-to-month,DSL,Mailed check,No,Yes,Yes,Yes,Yes,0
0.14776814652229667,-0.3693075439558449,One year,DSL,Mailed check,No,No,Yes,No,No,0
-1.1552834925186746,-1.1586611190347533,Month-to-month,DSL,Electronic check,Yes,No,No,No,Yes,2
-0.3408762181180675,-1.4976677070686424,Two year,No,Mailed check,No,No internet service,No internet service,No internet service,No internet service,1
1.1657772395230555,-0.7000051469889033,One year,DSL,Credit card (automatic),No,Yes,Yes,No,Yes,0
-0.6666391278783103,-0.31446824295036285,Month-to-month,DSL,Electronic check,No,No,No,No,No,2
1.3286586944031769,-1.4926823160681442,Two year,No,Credit card (automatic),Yes,No internet service,No internet service,No internet service,No internet service,1
-0.2594354906780068,-1.4993295040688086,Two year,No,Credit card (automatic),No,No internet service,No internet service,No internet service,No internet service,1
-0.6666391278783103,-0.5088984919697991,Month-to-month,DSL,Mailed check,Yes,Yes,No,No,No,2
0.880734693482843,1.3888736822199135,One year,Fiber optic,Bank transfer (automatic),No,No,Yes,Yes,No,0
-1.2774445836787656,-1.4843733310673135,Month-to-month,No,Mailed check,No,No internet service,No internet service,No internet service,No internet service,1
-1.1145631287986442,-1.4727407520661506,Two year,No,Mailed check,No,No internet service,No internet service,No internet service,No internet service,1
-0.5444780367182193,-0.8329489070021932,Month-to-month,DSL,Electronic check,Yes,No,No,No,No,2
-0.9109613101984924,-0.3410569949530208,Month-to-month,DSL,Credit card (automatic),Yes,No,Yes,No,No,2
-0.38159658183809786,0.6327560471443273,Month-to-month,Fiber optic,Electronic check,No,Yes,No,No,Yes,0
-1.1960038562387048,-0.3194536339508612,Month-to-month,DSL,Mailed check,No,No,No,Yes,No,2
1.6137012404433893,1.5567151792366918,Two year,Fiber optic,Bank transfer (automatic),Yes,Yes,No,Yes,Yes,0
-0.9109613101984924,0.7274784761537967,Month-to-month,Fiber optic,Electronic check,Yes,No,No,No,No,2
-0.9109613101984924,-0.30615925794953225,Month-to-month,DSL,Mailed check,Yes,No,No,No,Yes,2
-0.8702409464784621,-1.4694171580658184,One year,No,Mailed check,Yes,No internet service,No internet service,No internet service,No internet service,1
0.18848851024232702,1.395520870220578,Month-to-month,Fiber optic,Bank transfer (automatic),Yes,No,Yes,Yes,No,2
-0.62591876415828,-0.08846385092776998,One year,DSL,Mailed check,Yes,Yes,Yes,No,No,0
0.14776814652229667,1.3207400052131024,Month-to-month,Fiber optic,Credit card (automatic),Yes,No,Yes,Yes,Yes,0
-0.62591876415828,1.2310029672041316,Month-to-month,Fiber optic,Electronic check,Yes,No,No,Yes,Yes,2
1.369379058123207,1.5234792392333694,One year,Fiber optic,Credit card (automatic),Yes,Yes,Yes,Yes,No,0
1.1657772395230555,0.6693155811479823,One year,DSL,Bank transfer (automatic),No,Yes,Yes,Yes,Yes,0
-0.4223169455581282,0.9451738831755587,Month-to-month,Fiber optic,Mailed check,Yes,No,No,Yes,No,2
-1.2774445836787656,-1.341458789053027,Month-to-month,DSL,Electronic check,Yes,No,No,No,No,2
-1.0738427650786138,0.19237984210030468,Month-to-month,Fiber optic,Credit card (automatic),No,No,No,No,No,2
-0.055833672077855064,0.45494376812655235,Month-to-month,Fiber optic,Electronic check,Yes,Yes,No,No,No,2
1.4508197855632678,0.6726391751483144,Two year,DSL,Credit card (automatic),Yes,Yes,Yes,Yes,Yes,0
0.06632741908223598,0.7540672281564545,Month-to-month,Fiber optic,Electronic check,No,No,No,Yes,Yes,2
0.7992939660427822,0.6992279271509723,Month-to-month,Fiber optic,Bank transfer (automatic),No,Yes,No,No,Yes,0
-0.9109613101984924,0.8753784091685812,Month-to-month,Fiber optic,Electronic check,Yes,Yes,No,Yes,Yes,2
-0.13727439951791576,0.19902703010096928,Month-to-month,Fiber optic,Electronic check,Yes,No,No,No,No,2
1.6137012404433893,-1.4843733310673135,Two year,No,Bank transfer (automatic),No,No internet service,No internet service,No internet service,No internet service,1
0.5956921474426305,-1.4860351280674797,One year,No,Mailed check,No,No internet service,No internet service,No internet service,No internet service,1
-0.3408762181180675,0.33363258711442517,One year,DSL,Mailed check,No,No,Yes,Yes,No,0
1.3286586944031769,-1.328164413051698,One year,No,Credit card (automatic),No,No internet service,No internet service,No internet service,No internet service,1
-1.1552834925186746,1.1994288242009752,Month-to-month,Fiber optic,Mailed check,Yes,Yes,No,Yes,No,2
-0.8295205827584317,1.2160467942026365,Month-to-month,Fiber optic,Electronic check,Yes,No,No,Yes,No,2
-1.2774445836787656,0.5629605731373504,Month-to-month,Fiber optic,Electronic check,Yes,No,Yes,No,No,2
0.025607055362205634,0.11593718009266311,Month-to-month,Fiber optic,Electronic check,No,No,No,No,No,2
0.06632741908223598,1.3406815692150957,Month-to-month,Fiber optic,Electronic check,Yes,Yes,No,Yes,Yes,2
-0.748079855318371,-1.4744025490663168,Two year,No,Mailed check,No,No internet service,No internet service,No internet service,No internet service,1
-1.1552834925186746,0.47820892612887816,Month-to-month,Fiber optic,Electronic check,Yes,No,No,No,No,2
-0.7888002190384014,-1.4876969250676457,One year,No,Mailed check,No,No internet service,No internet service,No internet service,No internet service,1
1.3286586944031769,0.48651791112970877,Two year,DSL,Bank transfer (automatic),Yes,Yes,No,Yes,No,0
-0.38159658183809786,-0.25131995694405,One year,DSL,Credit card (automatic),No,Yes,Yes,No,No,0
0.9214550572028734,-0.2047896409393986,Two year,DSL,Electronic check,No,No,Yes,No,Yes,0
0.6771328748826912,0.9983513871808745,Two year,Fiber optic,Electronic check,Yes,No,No,Yes,No,0
1.125056875803025,1.2542681252064576,One year,Fiber optic,Bank transfer (automatic),No,No,No,Yes,Yes,0
1.4915401492832983,-1.4760643460664828,One year,No,Credit card (automatic),Yes,No internet service,No internet service,No internet service,No internet service,1
0.3106496014024181,0.6693155811479823,Month-to-month,Fiber optic,Electronic check,Yes,No,No,Yes,No,2
1.4100994218432374,0.14751132309581955,Two year,DSL,Credit card (automatic),Yes,Yes,Yes,No,No,0
0.10704778280226633,1.0199547481830342,Month-to-month,Fiber optic,Electronic check,Yes,No,No,Yes,No,2
-0.5444780367182193,1.2027524182013078,One year,Fiber optic,Electronic check,Yes,Yes,No,Yes,No,0
-0.7888002190384014,-1.4594463760648215,Two year,No,Mailed check,No,No internet service,No internet service,No internet service,No internet service,1
0.35136996512244845,0.788964965159943,Month-to-month,Fiber optic,Bank transfer (automatic),Yes,No,No,Yes,No,2
-1.1552834925186746,-0.9891578250178088,Month-to-month,DSL,Mailed check,No,No,Yes,No,Yes,2
-0.3408762181180675,-0.3194536339508612,Month-to-month,DSL,Electronic check,No,Yes,Yes,No,No,2
-1.1145631287986442,-0.4590445819648154,Month-to-month,DSL,Credit card (automatic),Yes,No,No,Yes,No,2
-1.1145631287986442,-0.025315564921457354,Month-to-month,DSL,Electronic check,Yes,No,No,No,No,2
-1.2774445836787656,0.14418772909548702,Month-to-month,Fiber optic,Mailed check,Yes,No,No,No,No,2
1.6137012404433893,0.5131066631323666,Two year,DSL,Bank transfer (automatic),No,Yes,Yes,Yes,Yes,0
-0.3408762181180675,-0.5138838829702976,Month-to-month,DSL,Credit card (automatic),Yes,No,No,No,Yes,2
0.3920903288424788,0.6510358141461546,Two year,DSL,Credit card (automatic),No,Yes,Yes,Yes,Yes,0
-1.1552834925186746,-1.4860351280674797,Month-to-month,No,Mailed check,No,No internet service,No internet service,No internet service,No internet service,1
1.4508197855632678,1.7428364432552979,One year,Fiber optic,Credit card (automatic),Yes,Yes,Yes,Yes,Yes,0
0.025607055362205634,-1.4843733310673135,One year,No,Mailed check,No,No internet service,No internet service,No internet service,No internet service,1
-1.2774445836787656,0.16080569909714826,Month-to-month,Fiber optic,Electronic check,Yes,No,No,No,No,2
-0.055833672077855064,1.285842268209614,One year,Fiber optic,Electronic check,Yes,No,No,Yes,Yes,0
-1.1552834925186746,0.4383257981248911,Month-to-month,Fiber optic,Bank transfer (automatic),No,No,No,No,No,2
1.4915401492832983,1.5018758782312098,Two year,Fiber optic,Electronic check,Yes,Yes,No,Yes,Yes,0
0.22920887396235737,0.9966895901807084,Month-to-month,Fiber optic,Electronic check,No,No,No,Yes,No,2
-1.1960038562387048,0.5064594751317021,Month-to-month,Fiber optic,Electronic check,Yes,Yes,No,No,No,2
0.6364125111626608,0.4948268961305394,Two year,DSL,Electronic check,No,Yes,No,Yes,No,0
-0.7073594915983407,-1.3148700370503688,Two year,No,Mailed check,No,No internet service,No internet service,No internet service,No internet service,1
-0.30015585439803716,-1.491020519067978,One year,No,Credit card (automatic),No,No internet service,No internet service,No internet service,No internet service,1
-1.2774445836787656,0.45494376812655235,Month-to-month,Fiber optic,Electronic check,No,No,No,Yes,No,2
0.6364125111626608,-0.6634456129852487,Month-to-month,DSL,Electronic check,Yes,No,Yes,Yes,No,0
-1.2774445836787656,-1.477726143066649,Month-to-month,No,Mailed check,No,No internet service,No internet service,No internet service,No internet service,1
-1.2774445836787656,-1.5142856770703037,Month-to-month,No,Electronic check,No,No internet service,No internet service,No internet service,No internet service,1
0.18848851024232702,0.5081212721318681,One year,Fiber optic,Electronic check,No,No,No,No,Yes,0
1.369379058123207,1.4154624342225712,One year,Fiber optic,Bank transfer (automatic),Yes,Yes,No,Yes,Yes,0
-0.2594354906780068,-0.562075995975115,One year,DSL,Bank transfer (automatic),No,No,Yes,Yes,Yes,0
1.247217966963116,0.2006888271011353,One year,DSL,Credit card (automatic),No,Yes,Yes,Yes,No,0
-0.9109613101984924,-1.1719554950360824,Month-to-month,DSL,Mailed check,No,No,No,No,Yes,2
-1.2367242199587352,0.19902703010096928,Month-to-month,DSL,Electronic check,Yes,No,Yes,Yes,No,0
-0.5851984004382496,-0.18817167093773737,Month-to-month,DSL,Credit card (automatic),Yes,No,Yes,No,No,2
1.2879383306831464,-1.303237458049206,Two year,No,Mailed check,No,No internet service,No internet service,No internet service,No internet service,1
-0.9516816739185228,0.6543594081464871,Month-to-month,Fiber optic,Electronic check,Yes,No,No,No,No,2
-0.1779947632379461,-1.479387940066815,Month-to-month,No,Mailed check,No,No internet service,No internet service,No internet service,No internet service,1
-1.2774445836787656,0.358559542116917,Month-to-month,Fiber optic,Electronic check,No,No,No,No,Yes,2
-1.1552834925186746,0.6942425361504742,Month-to-month,Fiber optic,Electronic check,Yes,No,No,No,No,2
0.22920887396235737,0.179085466098976,One year,DSL,Credit card (automatic),Yes,Yes,No,Yes,Yes,0
1.369379058123207,1.0149693571825356,One year,Fiber optic,Electronic check,No,No,No,No,Yes,0
-1.2774445836787656,0.18240906009930805,Month-to-month,Fiber optic,Electronic check,Yes,No,No,No,No,2
-0.5851984004382496,-0.4806479429669752,Month-to-month,DSL,Mailed check,Yes,Yes,No,No,No,2
0.758573602322752,1.0980592071908417,Month-to-month,Fiber optic,Electronic check,Yes,No,No,Yes,Yes,2
-1.318164947398796,-1.4926823160681442,Two year,No,Mailed check,No,No internet service,No internet service,No internet service,No internet service,1
-1.2774445836787656,-0.613591702980265,Month-to-month,DSL,Mailed check,No,No,No,No,No,2
-0.8295205827584317,-1.5093002860698053,Two year,No,Bank transfer (automatic),No,No internet service,No internet service,No internet service,No internet service,1
0.35136996512244845,1.3805646972190828,Month-to-month,Fiber optic,Electronic check,Yes,No,No,Yes,Yes,2
-0.8295205827584317,-1.3215172250510334,Month-to-month,No,Electronic check,No,No internet service,No internet service,No internet service,No internet service,1
0.9214550572028734,-1.477726143066649,Two year,No,Mailed check,No,No internet service,No internet service,No internet service,No internet service,1
-1.0331224013585834,0.35191235411625243,Month-to-month,Fiber optic,Electronic check,Yes,No,No,No,No,2
-0.8295205827584317,0.8188773111629334,Month-to-month,Fiber optic,Electronic check,Yes,Yes,No,No,Yes,2
1.4508197855632678,0.7723469951582818,Two year,DSL,Credit card (automatic),No,Yes,Yes,Yes,Yes,0
-1.1145631287986442,0.611152686142168,Month-to-month,Fiber optic,Credit card (automatic),Yes,No,No,Yes,No,2
0.6771328748826912,-0.6966815529885713,Month-to-month,DSL,Mailed check,No,No,No,No,No,2
0.3106496014024181,-0.09012564792793624,One year,DSL,Credit card (automatic),No,No,Yes,Yes,Yes,0
-0.6666391278783103,-1.4843733310673135,One year,No,Bank transfer (automatic),No,No internet service,No internet service,No internet service,No internet service,1
-0.9109613101984924,0.31202922611226586,Month-to-month,Fiber optic,Mailed check,Yes,No,No,No,No,2
1.6137012404433893,1.2160467942026365,One year,Fiber optic,Electronic check,Yes,No,No,Yes,Yes,0
-1.2367242199587352,0.641065032145158,Month-to-month,Fiber optic,Electronic check,Yes,No,No,No,No,2
-0.38159658183809786,-1.4577845790646555,Two year,No,Mailed check,No,No internet service,No internet service,No internet service,No internet service,1
1.5729808767233588,1.3672703212177542,One year,Fiber optic,Electronic check,Yes,No,No,Yes,Yes,0
-0.8702409464784621,1.15456030519649,Month-to-month,Fiber optic,Electronic check,Yes,No,No,Yes,Yes,2
-1.2774445836787656,-0.6850489739874083,Month-to-month,DSL,Mailed check,Yes,No,No,No,No,2
-0.6666391278783103,-0.36099855895501426,Month-to-month,DSL,Mailed check,Yes,Yes,No,No,No,2
-1.2774445836787656,0.6875953481498096,Month-to-month,Fiber optic,Mailed check,Yes,No,No,No,No,2
-0.8295205827584317,0.6743009721484804,Month-to-month,Fiber optic,Credit card (automatic),Yes,No,No,No,No,2
0.880734693482843,-0.6867107709875744,One year,DSL,Bank transfer (automatic),No,Yes,Yes,No,No,0
1.4508197855632678,0.8454660631655913,Two year,Fiber optic,Credit card (automatic),No,Yes,No,No,Yes,0
-1.1552834925186746,-0.4623681759651477,Month-to-month,DSL,Mailed check,No,No,No,No,No,2
-1.2774445836787656,-0.18484807693740507,Month-to-month,DSL,Electronic check,No,No,No,No,Yes,2
-0.21871512695797646,-0.37595473195650925,Month-to-month,DSL,Mailed check,No,Yes,Yes,No,No,2
-0.46303730927815856,-1.4893587220678117,Month-to-month,No,Mailed check,Yes,No internet service,No internet service,No internet service,No internet service,1
-0.7888002190384014,0.612814483142334,Month-to-month,Fiber optic,Electronic check,Yes,No,No,Yes,Yes,2
1.2879383306831464,0.32864719611392706,Month-to-month,DSL,Credit card (automatic),No,Yes,No,No,Yes,2
-1.2774445836787656,-0.32776261895169184,Month-to-month,DSL,Electronic check,Yes,No,Yes,No,No,2
1.002895784642934,-0.24134917494305336,Two year,DSL,Bank transfer (automatic),Yes,Yes,No,Yes,Yes,0
-0.46303730927815856,1.300798441211109,Month-to-month,Fiber optic,Electronic check,Yes,No,Yes,Yes,Yes,0
-0.5444780367182193,-1.4993295040688086,Two year,No,Mailed check,No,No internet service,No internet service,No internet service,No internet service,1
-0.055833672077855064,0.9651154471775519,One year,Fiber optic,Electronic check,Yes,No,No,Yes,Yes,0
0.7992939660427822,0.8138919201624348,Two year,DSL,Mailed check,Yes,Yes,Yes,Yes,Yes,0
0.5549717837226001,0.9767480261787151,One year,Fiber optic,Electronic check,Yes,No,No,No,Yes,0
-0.8702409464784621,-0.304497460949366,Month-to-month,DSL,Electronic check,Yes,No,Yes,No,No,2
0.8400143297628127,-0.533825446972291,Month-to-month,DSL,Bank transfer (automatic),Yes,No,Yes,No,Yes,2
-0.8702409464784621,-1.5126238800701375,Month-to-month,No,Mailed check,Yes,No internet service,No internet service,No internet service,No internet service,1
1.002895784642934,1.3340343812144315,Month-to-month,Fiber optic,Bank transfer (automatic),Yes,Yes,No,Yes,No,2
-1.2367242199587352,0.35523594811658493,Month-to-month,Fiber optic,Mailed check,Yes,No,No,No,No,2
-1.2367242199587352,-0.32942441595185784,Month-to-month,DSL,Mailed check,No,No,Yes,No,No,2
1.5729808767233588,-1.491020519067978,Two year,No,Bank transfer (automatic),No,No internet service,No internet service,No internet service,No internet service,1
-1.2774445836787656,-1.5076384890696393,Month-to-month,No,Mailed check,Yes,No internet service,No internet service,No internet service,No internet service,1
1.4508197855632678,-1.3198554280508674,Two year,No,Credit card (automatic),No,No internet service,No internet service,No internet service,No internet service,1
1.6137012404433893,0.6543594081464871,Two year,DSL,Mailed check,No,Yes,Yes,Yes,Yes,0
-1.2367242199587352,-1.5109620830699715,Month-to-month,No,Mailed check,No,No internet service,No internet service,No internet service,No internet service,1
-1.2774445836787656,1.0083221691818711,Month-to-month,Fiber optic,Electronic check,Yes,No,No,Yes,No,2
0.35136996512244845,0.5014740841312035,One year,DSL,Bank transfer (automatic),Yes,Yes,Yes,Yes,Yes,0
1.6137012404433893,-1.303237458049206,Two year,No,Credit card (automatic),No,No internet service,No internet service,No internet service,No internet service,1
-1.0738427650786138,0.356897745116751,Month-to-month,Fiber optic,Electronic check,Yes,No,No,No,No,2
-1.1552834925186746,0.29873485011093664,Month-to-month,Fiber optic,Electronic check,Yes,No,No,No,Yes,2
-0.8295205827584317,1.0398963121850275,Month-to-month,Fiber optic,Electronic check,Yes,No,No,Yes,No,2
1.0436161483629645,0.12092257109316168,One year,DSL,Electronic check,Yes,Yes,Yes,No,No,0
-1.0331224013585834,-1.4660935640654862,Month-to-month,No,Mailed check,No,No internet service,No internet service,No internet service,No internet service,1
1.3286586944031769,-0.3194536339508612,Month-to-month,DSL,Mailed check,Yes,No,Yes,No,Yes,2
-1.2774445836787656,0.19404163910047073,Month-to-month,Fiber optic,Mailed check,Yes,No,No,No,No,2
0.9621754209229036,-1.4893587220678117,One year,No,Credit card (automatic),No,No internet service,No internet service,No internet service,No internet service,1
-1.1552834925186746,-1.5209328650709681,Month-to-month,No,Mailed check,No,No internet service,No internet service,No internet service,No internet service,1
1.0436161483629645,-0.6867107709875744,One year,DSL,Mailed check,Yes,No,No,No,No,0
1.2064976032430856,1.423771419223402,Two year,Fiber optic,Bank transfer (automatic),Yes,Yes,No,Yes,Yes,0
-0.2594354906780068,-0.10674361792959748,One year,DSL,Electronic check,No,No,Yes,No,No,0
1.2064976032430856,0.8620840331672525,Month-to-month,Fiber optic,Bank transfer (automatic),No,No,Yes,No,Yes,0
1.0436161483629645,1.1462513201956595,One year,Fiber optic,Credit card (automatic),No,No,Yes,Yes,No,0
1.4508197855632678,0.895319973170575,Two year,DSL,Electronic check,Yes,Yes,Yes,Yes,Yes,0
1.1657772395230555,1.1944434332004772,One year,Fiber optic,Credit card (automatic),Yes,No,Yes,No,Yes,0
0.3920903288424788,0.45494376812655235,Two year,DSL,Credit card (automatic),Yes,Yes,No,Yes,Yes,0
-0.5851984004382496,0.6493740171459885,Month-to-month,Fiber optic,Bank transfer (automatic),No,No,No,Yes,No,2
0.9621754209229036,-1.502653098069141,Two year,No,Bank transfer (automatic),Yes,No internet service,No internet service,No internet service,No internet service,1
-1.1552834925186746,0.8039211381614382,Month-to-month,Fiber optic,Electronic check,Yes,No,No,No,No,2
-1.1552834925186746,-1.4727407520661506,Month-to-month,No,Credit card (automatic),No,No internet service,No internet service,No internet service,No internet service,1
0.10704778280226633,-0.304497460949366,One year,DSL,Credit card (automatic),No,No,Yes,No,No,0
1.2879383306831464,0.7324638671542947,Month-to-month,Fiber optic,Bank transfer (automatic),Yes,Yes,Yes,No,No,0
-0.055833672077855064,-1.4561227820644893,One year,No,Mailed check,No,No internet service,No internet service,No internet service,No internet service,1
1.4100994218432374,-1.4860351280674797,Two year,No,Bank transfer (automatic),Yes,No internet service,No internet service,No internet service,No internet service,1
-1.1552834925186746,-0.467353566965646,Month-to-month,DSL,Credit card (automatic),No,No,No,No,No,2
1.5322605130033284,1.624848856243503,Two year,Fiber optic,Electronic check,Yes,Yes,Yes,Yes,Yes,0
-1.1960038562387048,-0.3776165289566755,Month-to-month,DSL,Credit card (automatic),No,No,No,Yes,No,2
0.8400143297628127,1.2343265612044643,Month-to-month,Fiber optic,Electronic check,Yes,No,No,Yes,No,2
-1.2367242199587352,-0.17487729493640844,Two year,DSL,Mailed check,No,Yes,Yes,No,No,0
-0.13727439951791576,0.7656998071576172,Month-to-month,Fiber optic,Credit card (automatic),Yes,No,No,Yes,No,2
0.5956921474426305,-0.7598298389948839,Two year,DSL,Mailed check,No,Yes,Yes,No,Yes,0
1.4508197855632678,0.6061672951416694,One year,Fiber optic,Electronic check,Yes,No,No,Yes,No,0
-0.8295205827584317,0.16911468409797886,Month-to-month,DSL,Mailed check,Yes,No,Yes,Yes,No,0
-0.9924020376385531,-0.28123230294704044,Month-to-month,DSL,Bank transfer (automatic),No,Yes,No,No,No,2
0.880734693482843,1.4885815022298807,Month-to-month,Fiber optic,Electronic check,No,No,Yes,Yes,Yes,0
1.4915401492832983,0.9102761461720702,Two year,Fiber optic,Mailed check,Yes,Yes,No,Yes,No,0
-0.2594354906780068,0.1574821050968162,Month-to-month,DSL,Bank transfer (automatic),Yes,No,Yes,Yes,No,0
1.6137012404433893,1.071470455188184,Two year,Fiber optic,Bank transfer (automatic),Yes,Yes,Yes,No,Yes,0
1.5322605130033284,-0.2130986259402292,Two year,DSL,Bank transfer (automatic),Yes,Yes,Yes,Yes,Yes,0
-1.2774445836787656,-0.47067716096597834,Month-to-month,DSL,Mailed check,No,No,Yes,No,No,2
-0.9109613101984924,0.8222009051632655,Month-to-month,Fiber optic,Electronic check,Yes,No,No,Yes,No,2
-0.1779947632379461,0.1873944510998066,One year,Fiber optic,Bank transfer (automatic),Yes,No,No,No,No,0
-1.2774445836787656,0.16745288709781284,Month-to-month,Fiber optic,Electronic check,Yes,No,No,No,No,2
-0.46303730927815856,0.9817334171792131,Month-to-month,Fiber optic,Electronic check,Yes,No,No,Yes,No,2
0.758573602322752,0.9651154471775519,Month-to-month,Fiber optic,Bank transfer (automatic),Yes,No,Yes,Yes,Yes,0
0.8400143297628127,-1.502653098069141,One year,No,Bank transfer (automatic),No,No internet service,No internet service,No internet service,No internet service,1
0.8400143297628127,1.0365727181846955,One year,Fiber optic,Electronic check,No,No,Yes,No,Yes,0
-0.3408762181180675,1.2060760122016398,Month-to-month,Fiber optic,Electronic check,Yes,No,No,Yes,Yes,2
1.5322605130033284,0.9983513871808745,Two year,DSL,Credit card (automatic),Yes,Yes,Yes,Yes,Yes,0
1.1657772395230555,1.4287568102239003,One year,Fiber optic,Electronic check,Yes,No,Yes,Yes,Yes,0
-0.8702409464784621,-0.33773340095268845,One year,DSL,Mailed check,Yes,Yes,Yes,No,No,0
-1.2367242199587352,0.21730679710279655,Month-to-month,Fiber optic,Credit card (automatic),Yes,No,No,No,No,2
-0.30015585439803716,-1.504314895069307,One year,No,Bank transfer (automatic),Yes,No internet service,No internet service,No internet service,No internet service,1
0.35136996512244845,-0.28123230294704044,One year,DSL,Credit card (automatic),Yes,No,No,No,No,0
-0.5851984004382496,0.9950277931805424,Month-to-month,Fiber optic,Electronic check,Yes,No,No,Yes,No,2
1.6137012404433893,1.3091074262119398,Two year,Fiber optic,Bank transfer (automatic),Yes,No,No,Yes,Yes,0
1.5729808767233588,0.8570986421667539,Two year,DSL,Credit card (automatic),Yes,Yes,Yes,Yes,Yes,0
0.06632741908223598,-0.13167057293208934,One year,DSL,Mailed check,Yes,No,Yes,No,Yes,0
-0.13727439951791576,1.1312951471941644,Month-to-month,Fiber optic,Credit card (automatic),Yes,Yes,No,Yes,Yes,2
0.3106496014024181,1.109691786192005,One year,Fiber optic,Credit card (automatic),Yes,Yes,Yes,Yes,Yes,0
0.14776814652229667,-0.9775252460166459,One year,DSL,Mailed check,No,No,Yes,No,Yes,0
0.5549717837226001,1.2758714862086173,One year,Fiber optic,Electronic check,Yes,Yes,No,Yes,No,0
1.0436161483629645,1.4287568102239003,One year,Fiber optic,Electronic check,Yes,No,Yes,Yes,Yes,0
0.26992923768238775,0.5529897911363537,One year,Fiber optic,Credit card (automatic),No,No,No,No,No,0
-1.1552834925186746,-0.11006721192992953,Month-to-month,DSL,Credit card (automatic),No,Yes,No,No,No,2
0.7992939660427822,1.0282637331838649,One year,Fiber optic,Credit card (automatic),Yes,No,No,Yes,Yes,0
1.5322605130033284,1.330710787214099,One year,Fiber optic,Electronic check,Yes,No,No,Yes,Yes,0
1.3286586944031769,0.20567421810163386,One year,Fiber optic,Bank transfer (automatic),Yes,No,No,No,No,0
-1.2774445836787656,-0.6584602219847502,Month-to-month,DSL,Mailed check,Yes,No,No,No,No,2
1.5322605130033284,1.0930738161903437,One year,Fiber optic,Electronic check,Yes,No,No,Yes,Yes,0
-0.13727439951791576,-0.9675544640156493,Month-to-month,DSL,Mailed check,Yes,No,No,No,Yes,2
-1.2774445836787656,0.8570986421667539,Month-to-month,Fiber optic,Electronic check,Yes,No,No,Yes,No,2
1.4100994218432374,0.6809481601491449,Two year,DSL,Mailed check,Yes,Yes,Yes,Yes,Yes,0
-1.2774445836787656,-1.504314895069307,Month-to-month,No,Mailed check,Yes,No internet service,No internet service,No internet service,No internet service,1
-0.2594354906780068,0.7989357471609396,Month-to-month,Fiber optic,Bank transfer (automatic),Yes,No,No,Yes,No,2
-0.0965540357978854,-1.3181936310507012,Two year,No,Mailed check,Yes,No internet service,No internet service,No internet service,No internet service,1
0.6364125111626608,1.1728400721983174,Month-to-month,Fiber optic,Credit card (automatic),Yes,Yes,No,Yes,Yes,2
0.9214550572028734,-0.3011738669490337,Month-to-month,DSL,Electronic check,No,No,Yes,No,No,2
-1.0331224013585834,0.6792863631489789,Month-to-month,Fiber optic,Mailed check,Yes,No,No,No,No,2
0.18848851024232702,0.8770402061687477,Month-to-month,Fiber optic,Electronic check,Yes,No,Yes,Yes,No,2
-0.055833672077855064,0.6344178441444933,Month-to-month,Fiber optic,Bank transfer (automatic),Yes,No,No,No,No,2
-1.1552834925186746,-0.626886078981594,Month-to-month,DSL,Electronic check,Yes,No,No,No,No,2
1.6137012404433893,-1.3181936310507012,Two year,No,Credit card (automatic),Yes,No internet service,No internet service,No internet service,No internet service,1
-1.1145631287986442,0.8853491911695783,Month-to-month,Fiber optic,Electronic check,Yes,No,No,Yes,No,2
-1.2774445836787656,-1.4976677070686424,Month-to-month,No,Mailed check,No,No internet service,No internet service,No internet service,No internet service,1
-0.7073594915983407,0.8886727851699104,Month-to-month,Fiber optic,Electronic check,Yes,No,No,Yes,No,2
-0.9924020376385531,-0.44741200296365274,Month-to-month,DSL,Credit card (automatic),Yes,No,Yes,No,No,2
0.10704778280226633,-1.451137391063991,One year,No,Mailed check,No,No internet service,No internet service,No internet service,No internet service,1
0.9621754209229036,1.329048990213933,Month-to-month,Fiber optic,Electronic check,No,No,No,Yes,Yes,2
0.3920903288424788,1.3755793062185846,Month-to-month,Fiber optic,Bank transfer (automatic),Yes,Yes,No,Yes,Yes,2
1.3286586944031769,0.6975661301508063,Month-to-month,Fiber optic,Electronic check,Yes,No,Yes,No,No,2
-1.2367242199587352,-1.477726143066649,One year,No,Mailed check,No,No internet service,No internet service,No internet service,No internet service,1
1.3286586944031769,1.1961052302006432,One year,Fiber optic,Electronic check,Yes,No,Yes,Yes,No,0
-0.5851984004382496,0.31202922611226586,Month-to-month,Fiber optic,Electronic check,Yes,No,No,No,No,2
-0.38159658183809786,0.4582673621268844,One year,DSL,Electronic check,Yes,No,Yes,Yes,Yes,0
-1.1552834925186746,-0.6468276429835875,Month-to-month,DSL,Mailed check,Yes,No,No,No,No,2
1.5322605130033284,-1.4926823160681442,Two year,No,Credit card (automatic),No,No internet service,No internet service,No internet service,No internet service,1
-1.1552834925186746,-0.467353566965646,Month-to-month,DSL,Electronic check,No,No,No,No,No,2
-0.5444780367182193,-0.6567984249845842,Month-to-month,DSL,Bank transfer (automatic),Yes,No,No,No,No,2
-0.5851984004382496,0.43334040712439253,Month-to-month,Fiber optic,Electronic check,No,No,No,No,Yes,2
0.22920887396235737,0.6211234681431647,Month-to-month,Fiber optic,Electronic check,Yes,No,Yes,No,No,2
-1.2367242199587352,0.28211688010927544,Month-to-month,Fiber optic,Credit card (automatic),Yes,No,No,No,No,2
0.5956921474426305,0.9983513871808745,One year,Fiber optic,Bank transfer (automatic),No,No,Yes,Yes,No,0
0.7992939660427822,-1.4843733310673135,Two year,No,Bank transfer (automatic),No,No internet service,No internet service,No internet service,No internet service,1
-0.9516816739185228,-0.1615829189350795,Month-to-month,DSL,Mailed check,No,No,No,No,No,2
-0.2594354906780068,0.8421424691652587,One year,DSL,Credit card (automatic),Yes,Yes,Yes,Yes,Yes,0
-0.9924020376385531,-0.45572098796448335,Month-to-month,DSL,Electronic check,Yes,No,No,No,Yes,2
0.47353105628253944,0.20567421810163386,One year,DSL,Electronic check,Yes,Yes,No,Yes,Yes,0
-1.1960038562387048,-1.181926277037079,Month-to-month,DSL,Mailed check,No,No,No,No,No,2
-1.2367242199587352,-0.6036209209792681,Month-to-month,DSL,Bank transfer (automatic),Yes,No,No,No,No,2
-0.9516816739185228,0.684271754149477,Month-to-month,Fiber optic,Bank transfer (automatic),Yes,No,No,Yes,No,2
-1.2774445836787656,0.35191235411625243,Month-to-month,Fiber optic,Electronic check,Yes,No,No,No,No,2
-0.30015585439803716,0.3170146171127639,Month-to-month,Fiber optic,Bank transfer (automatic),No,No,Yes,No,No,2
-1.2367242199587352,0.1508349170961516,Month-to-month,Fiber optic,Electronic check,Yes,No,No,No,No,2
0.43281069256250915,0.3469269631157543,Month-to-month,Fiber optic,Electronic check,Yes,No,Yes,No,No,2
-1.2774445836787656,-1.4577845790646555,Month-to-month,No,Mailed check,No,No internet service,No internet service,No internet service,No internet service,1
1.0436161483629645,0.9817334171792131,One year,Fiber optic,Electronic check,Yes,No,No,No,Yes,0
1.0843365120829946,0.3884718881199074,Two year,DSL,Mailed check,Yes,Yes,Yes,Yes,Yes,0
0.47353105628253944,-0.357674964954682,One year,DSL,Electronic check,Yes,No,Yes,Yes,Yes,0
1.369379058123207,1.3124310202122718,One year,Fiber optic,Electronic check,Yes,Yes,No,Yes,No,0
1.4508197855632678,-1.4893587220678117,Two year,No,Bank transfer (automatic),No,No internet service,No internet service,No internet service,No internet service,1
-0.9516816739185228,-1.3231790220511994,Month-to-month,DSL,Electronic check,Yes,No,No,No,No,2
-0.5444780367182193,0.6643301901474837,Month-to-month,Fiber optic,Electronic check,Yes,No,Yes,No,Yes,2
-1.1552834925186746,-1.4960059100684764,Month-to-month,No,Mailed check,No,No internet service,No internet service,No internet service,No internet service,1
1.5322605130033284,1.624848856243503,Two year,Fiber optic,Bank transfer (automatic),Yes,Yes,Yes,Yes,Yes,0
-1.2774445836787656,-0.6601220189849164,Month-to-month,DSL,Mailed check,Yes,No,No,No,No,2
-0.9924020376385531,0.3485887601159204,Month-to-month,Fiber optic,Electronic check,Yes,No,No,No,No,2
0.8400143297628127,-1.3348116010523623,Two year,No,Mailed check,No,No internet service,No internet service,No internet service,No internet service,1
0.758573602322752,-1.3215172250510334,One year,No,Bank transfer (automatic),No,No internet service,No internet service,No internet service,No internet service,1
-0.8702409464784621,-1.4561227820644893,Month-to-month,No,Bank transfer (automatic),No,No internet service,No internet service,No internet service,No internet service,1
1.125056875803025,1.5234792392333694,Two year,Fiber optic,Electronic check,Yes,Yes,Yes,Yes,Yes,0
-0.62591876415828,-0.3078210549496983,Month-to-month,DSL,Credit card (automatic),Yes,No,Yes,No,No,2
-1.1960038562387048,-0.7132995229902325,Month-to-month,DSL,Electronic check,Yes,No,No,No,No,2
1.5322605130033284,1.4869197052297147,One year,Fiber optic,Bank transfer (automatic),Yes,Yes,Yes,Yes,Yes,0
-1.2774445836787656,-1.505976692069473,Month-to-month,No,Mailed check,No,No internet service,No internet service,No internet service,No internet service,1
0.43281069256250915,0.6676537841478158,Month-to-month,Fiber optic,Electronic check,Yes,No,No,Yes,No,2
-0.6666391278783103,-1.5009913010689746,Month-to-month,No,Mailed check,No,No internet service,No internet service,No internet service,No internet service,1
1.002895784642934,-0.37595473195650925,One year,DSL,Electronic check,No,No,Yes,No,No,0
0.18848851024232702,-1.4943441130683104,One year,No,Credit card (automatic),No,No internet service,No internet service,No internet service,No internet service,1
1.6137012404433893,1.5733331492383529,Two year,Fiber optic,Credit card (automatic),No,Yes,Yes,Yes,Yes,0
-0.8702409464784621,0.6659919871476498,Month-to-month,Fiber optic,Credit card (automatic),Yes,No,No,No,No,2
0.7178532386027215,1.0066603721817051,Month-to-month,Fiber optic,Electronic check,Yes,No,No,Yes,Yes,2
-1.1145631287986442,-0.47898614596680894,Month-to-month,DSL,Electronic check,No,No,No,No,Yes,2
-1.2774445836787656,0.32698539911376057,Month-to-month,Fiber optic,Bank transfer (automatic),Yes,No,No,No,No,2
-0.6666391278783103,-1.4976677070686424,Month-to-month,No,Mailed check,Yes,No internet service,No internet service,No internet service,No internet service,1
-1.2367242199587352,0.31369102311243185,Month-to-month,Fiber optic,Electronic check,Yes,No,No,No,Yes,2
-0.62591876415828,0.14086413509515497,Month-to-month,DSL,Mailed check,Yes,Yes,No,Yes,Yes,0
-0.6666391278783103,-1.5093002860698053,One year,No,Credit card (automatic),No,No internet service,No internet service,No internet service,No internet service,1
-0.7073594915983407,-0.17653909193657447,Month-to-month,DSL,Electronic check,Yes,No,No,No,Yes,2
-0.9109613101984924,-1.4943441130683104,One year,No,Mailed check,Yes,No internet service,No internet service,No internet service,No internet service,1
0.5549717837226001,1.3440051632154282,One year,Fiber optic,Bank transfer (automatic),Yes,Yes,Yes,Yes,No,0
1.2879383306831464,1.476948923228718,Two year,Fiber optic,Credit card (automatic),Yes,Yes,No,Yes,Yes,0
-1.2774445836787656,0.47820892612887816,Month-to-month,Fiber optic,Mailed check,Yes,No,No,No,No,2
-0.30015585439803716,-0.3693075439558449,One year,DSL,Mailed check,No,No,No,No,Yes,2
1.5729808767233588,1.1778254631988159,Two year,Fiber optic,Credit card (automatic),No,Yes,Yes,Yes,Yes,0
-0.9924020376385531,-0.6518130339840859,Month-to-month,DSL,Mailed check,Yes,No,No,No,No,2
1.6137012404433893,1.4586691562268908,Two year,Fiber optic,Bank transfer (automatic),Yes,Yes,Yes,Yes,Yes,0
0.6771328748826912,-0.801374763999037,Month-to-month,DSL,Bank transfer (automatic),No,No,Yes,Yes,No,0
-0.13727439951791576,-0.31280644595019663,One year,DSL,Credit card (automatic),Yes,Yes,Yes,No,Yes,0
1.6137012404433893,1.3572995392167568,Two year,Fiber optic,Bank transfer (automatic),No,Yes,Yes,No,Yes,0
-0.055833672077855064,0.9651154471775519,Month-to-month,Fiber optic,Electronic check,No,No,No,Yes,Yes,2
0.7178532386027215,1.0282637331838649,Month-to-month,Fiber optic,Electronic check,Yes,No,No,Yes,No,2
1.5729808767233588,0.612814483142334,Two year,DSL,Electronic check,No,Yes,Yes,Yes,Yes,0
1.5322605130033284,0.8404806721650927,Two year,DSL,Credit card (automatic),No,Yes,Yes,Yes,Yes,0
1.5729808767233588,1.0930738161903437,One year,Fiber optic,Credit card (automatic),No,Yes,Yes,No,No,0
1.1657772395230555,0.10928999209199854,Two year,DSL,Bank transfer (automatic),Yes,Yes,Yes,No,Yes,0
-0.015113308357824713,1.044881703185526,Month-to-month,Fiber optic,Electronic check,Yes,Yes,No,Yes,No,2
-1.2774445836787656,0.4931650991303729,Month-to-month,Fiber optic,Electronic check,Yes,No,No,No,No,2
1.4508197855632678,1.2409737492051283,Two year,Fiber optic,Bank transfer (automatic),Yes,No,Yes,No,Yes,0
1.2064976032430856,-1.3746947290563494,Two year,No,Bank transfer (automatic),No,No internet service,No internet service,No internet service,No internet service,1
-1.0331224013585834,0.2089978121019659,Month-to-month,Fiber optic,Electronic check,Yes,No,No,No,No,2
-0.5037576729981889,0.6809481601491449,Month-to-month,Fiber optic,Electronic check,Yes,No,No,Yes,No,2
-1.0738427650786138,-1.505976692069473,One year,No,Mailed check,No,No internet service,No internet service,No internet service,No internet service,1
0.025607055362205634,-0.17653909193657447,Month-to-month,DSL,Bank transfer (automatic),Yes,No,Yes,Yes,Yes,0
-0.1779947632379461,0.9119379431722362,One year,Fiber optic,Bank transfer (automatic),No,No,No,Yes,No,0
-0.21871512695797646,-1.4926823160681442,Two year,No,Credit card (automatic),No,No internet service,No internet service,No internet service,No internet service,1
-1.0331224013585834,-0.6933579589882389,Month-to-month,DSL,Mailed check,No,No,No,No,No,2
-0.2594354906780068,0.5230774451333633,Month-to-month,Fiber optic,Electronic check,Yes,Yes,No,No,No,2
-1.1145631287986442,0.8321716871642622,Month-to-month,Fiber optic,Electronic check,Yes,No,No,No,No,2
-0.0965540357978854,0.8554368451665879,Month-to-month,Fiber optic,Credit card (automatic),Yes,No,Yes,No,No,2
1.247217966963116,0.8537750481664219,One year,Fiber optic,Credit card (automatic),No,No,No,No,No,0
-1.2774445836787656,-0.46569176996548,Month-to-month,DSL,Electronic check,Yes,No,No,No,No,2
0.8400143297628127,0.6593447991469852,One year,DSL,Electronic check,Yes,Yes,No,Yes,Yes,0
-0.748079855318371,0.827186296163764,Month-to-month,Fiber optic,Credit card (automatic),Yes,Yes,No,No,No,2
-0.46303730927815856,1.1429277261953275,Month-to-month,Fiber optic,Bank transfer (automatic),Yes,Yes,No,Yes,No,2
-0.62591876415828,-1.4893587220678117,One year,No,Mailed check,No,No internet service,No internet service,No internet service,No internet service,1
-0.6666391278783103,-1.4710789550659844,Two year,No,Mailed check,No,No internet service,No internet service,No internet service,No internet service,1
0.10704778280226633,-0.08846385092776998,Month-to-month,DSL,Electronic check,Yes,No,No,No,Yes,2
-0.015113308357824713,0.4898415051300408,Month-to-month,Fiber optic,Electronic check,Yes,No,No,No,No,2
-0.1779947632379461,-1.502653098069141,Month-to-month,No,Bank transfer (automatic),Yes,No internet service,No internet service,No internet service,No internet service,1
-1.2774445836787656,-1.4760643460664828,Month-to-month,No,Mailed check,Yes,No internet service,No internet service,No internet service,No internet service,1
1.0843365120829946,-0.43411762696232353,Month-to-month,DSL,Electronic check,Yes,Yes,No,Yes,No,2
1.6137012404433893,-1.3780183230566818,One year,No,Bank transfer (automatic),Yes,No internet service,No internet service,No internet service,No internet service,1
0.14776814652229667,0.021214751083194285,One year,DSL,Mailed check,Yes,Yes,No,No,No,0
0.3106496014024181,0.011243969082197169,Month-to-month,DSL,Mailed check,No,No,Yes,Yes,No,0
0.3106496014024181,0.5463426031356892,Month-to-month,Fiber optic,Electronic check,Yes,No,No,No,Yes,2
-0.9516816739185228,0.2704843011081128,Month-to-month,DSL,Mailed check,Yes,Yes,No,Yes,Yes,0
1.247217966963116,0.3236618051134285,Two year,DSL,Credit card (automatic),No,Yes,Yes,Yes,Yes,0
-1.1960038562387048,0.5230774451333633,Month-to-month,Fiber optic,Electronic check,Yes,No,No,Yes,No,2
0.3106496014024181,-0.14828854293375057,One year,DSL,Mailed check,No,Yes,No,Yes,Yes,0
-0.9924020376385531,0.3402797751150897,Month-to-month,Fiber optic,Mailed check,Yes,No,Yes,No,No,2
0.06632741908223598,0.8438042661654253,One year,Fiber optic,Mailed check,No,Yes,Yes,Yes,No,0
-1.1145631287986442,-0.8229781250011965,Month-to-month,DSL,Mailed check,No,Yes,Yes,No,Yes,2
-0.9516816739185228,1.1528985081963241,Month-to-month,Fiber optic,Credit card (automatic),Yes,No,No,Yes,No,2
-0.9516816739185228,0.142525932095321,Month-to-month,DSL,Credit card (automatic),Yes,No,No,No,Yes,2
-0.055833672077855064,-0.16823010693574386,Month-to-month,DSL,Bank transfer (automatic),No,No,No,No,No,2
0.7178532386027215,-1.4926823160681442,One year,No,Bank transfer (automatic),Yes,No internet service,No internet service,No internet service,No internet service,1
-1.2367242199587352,0.7141841001524675,Month-to-month,Fiber optic,Electronic check,Yes,Yes,Yes,No,No,2
-1.2774445836787656,-0.6351950639824246,Month-to-month,DSL,Electronic check,Yes,No,No,No,No,2
-0.9924020376385531,0.1774236690988095,Month-to-month,Fiber optic,Mailed check,Yes,No,No,No,No,2
-0.9516816739185228,-0.7980511699987046,Month-to-month,DSL,Electronic check,No,No,No,No,No,2
-1.2367242199587352,0.18074726309914202,Month-to-month,Fiber optic,Bank transfer (automatic),Yes,No,No,No,No,2
-1.1960038562387048,-0.31280644595019663,Month-to-month,DSL,Electronic check,No,No,Yes,No,No,2
-0.30015585439803716,1.0282637331838649,Month-to-month,Fiber optic,Credit card (automatic),Yes,Yes,No,Yes,No,2
-1.2774445836787656,-0.613591702980265,Month-to-month,DSL,Electronic check,No,No,No,No,No,2
0.5142514200025698,0.5496661971360212,Month-to-month,DSL,Mailed check,No,Yes,Yes,Yes,Yes,0
0.758573602322752,0.6460504231456565,Month-to-month,Fiber optic,Electronic check,Yes,No,No,No,Yes,2
0.9214550572028734,-1.4876969250676457,Month-to-month,No,Credit card (automatic),No,No internet service,No internet service,No internet service,No internet service,1
0.22920887396235737,0.046141706085686136,Month-to-month,DSL,Bank transfer (automatic),Yes,No,Yes,No,Yes,2
-1.2367242199587352,-0.62854787598176,Month-to-month,DSL,Mailed check,No,No,No,No,No,2
0.22920887396235737,-1.5009913010689746,Month-to-month,No,Electronic check,No,No internet service,No internet service,No internet service,No internet service,1
0.06632741908223598,-0.4972659129686364,Month-to-month,DSL,Electronic check,Yes,No,No,No,No,2
1.5322605130033284,1.2293411702039656,One year,Fiber optic,Electronic check,Yes,No,No,Yes,Yes,0
-0.7888002190384014,-0.3194536339508612,One year,DSL,Mailed check,No,Yes,Yes,No,No,0
0.26992923768238775,0.3485887601159204,Month-to-month,Fiber optic,Electronic check,No,No,No,No,No,2
1.1657772395230555,1.302460238211275,One year,Fiber optic,Electronic check,Yes,No,No,Yes,Yes,0
-0.8295205827584317,1.1761636661986499,Month-to-month,Fiber optic,Bank transfer (automatic),Yes,No,No,Yes,Yes,2
0.35136996512244845,1.1595456961969886,Two year,Fiber optic,Credit card (automatic),Yes,Yes,No,Yes,No,0
-0.46303730927815856,0.29707305311077065,Month-to-month,Fiber optic,Electronic check,Yes,No,No,No,No,2
0.9214550572028734,-0.4889569279678058,One year,DSL,Bank transfer (automatic),Yes,No,No,Yes,Yes,0
1.4915401492832983,-0.1499503399339166,Two year,DSL,Bank transfer (automatic),No,Yes,Yes,Yes,Yes,0
-0.2594354906780068,1.3622849302172555,Month-to-month,Fiber optic,Electronic check,No,No,No,Yes,Yes,2
1.4915401492832983,0.749081837155956,One year,Fiber optic,Credit card (automatic),No,No,Yes,No,No,0
-0.5851984004382496,-0.5454580259734538,Month-to-month,DSL,Electronic check,Yes,No,No,Yes,Yes,2
0.5956921474426305,-0.3493659799538514,Month-to-month,DSL,Electronic check,No,No,No,No,No,2
1.6137012404433893,0.682609957149311,Two year,DSL,Bank transfer (automatic),No,Yes,Yes,Yes,Yes,0
0.025607055362205634,-0.4906187249679718,Month-to-month,DSL,Electronic check,Yes,Yes,No,Yes,Yes,0
-1.2367242199587352,-1.341458789053027,Month-to-month,DSL,Mailed check,Yes,No,No,No,No,2
1.6137012404433893,0.8703930181680831,Two year,DSL,Credit card (automatic),No,Yes,Yes,Yes,Yes,0
0.18848851024232702,0.24888094010595296,Month-to-month,Fiber optic,Bank transfer (automatic),Yes,No,No,No,No,2
1.2064976032430856,1.0415581091851935,Month-to-month,Fiber optic,Credit card (automatic),Yes,No,No,No,Yes,2
1.5729808767233588,-1.4926823160681442,Two year,No,Credit card (automatic),No,No internet service,No internet service,No internet service,No internet service,1
-0.38159658183809786,-0.31446824295036285,Month-to-month,DSL,Bank transfer (automatic),Yes,Yes,No,No,No,2
-0.6666391278783103,-1.4843733310673135,One year,No,Mailed check,No,No internet service,No internet service,No internet service,No internet service,1
-0.9516816739185228,0.1574821050968162,Month-to-month,DSL,Mailed check,Yes,Yes,Yes,Yes,Yes,0
-0.62591876415828,-1.3165318340505352,Two year,No,Mailed check,Yes,No internet service,No internet service,No internet service,No internet service,1
-1.1552834925186746,-1.4561227820644893,Month-to-month,No,Bank transfer (automatic),No,No internet service,No internet service,No internet service,No internet service,1
-1.2774445836787656,-0.5055748979694671,Month-to-month,DSL,Electronic check,Yes,No,Yes,No,No,2
-0.3408762181180675,0.4948268961305394,Month-to-month,Fiber optic,Mailed check,Yes,No,No,No,Yes,2
-1.2774445836787656,0.21564500010263052,Month-to-month,Fiber optic,Electronic check,Yes,No,No,No,No,2
1.6137012404433893,1.6298342472440013,Two year,Fiber optic,Bank transfer (automatic),No,Yes,Yes,Yes,Yes,0
1.6137012404433893,-1.3364733980525287,Two year,No,Electronic check,No,No internet service,No internet service,No internet service,No internet service,1
-0.8702409464784621,-1.4976677070686424,Month-to-month,No,Credit card (automatic),No,No internet service,No internet service,No internet service,No internet service,1
-0.9516816739185228,-1.479387940066815,Month-to-month,No,Mailed check,No,No internet service,No internet service,No internet service,No internet service,1
-1.2367242199587352,-0.4856333339674735,Month-to-month,DSL,Credit card (automatic),No,No,No,No,No,2
1.125056875803025,1.1877962451998125,One year,Fiber optic,Credit card (automatic),Yes,No,No,Yes,Yes,0
-0.13727439951791576,1.0349109211845293,Month-to-month,Fiber optic,Electronic check,Yes,No,No,No,Yes,2
0.6771328748826912,0.32200000811326246,Two year,DSL,Bank transfer (automatic),Yes,Yes,No,Yes,Yes,0
-0.0965540357978854,1.3074456292117733,Month-to-month,Fiber optic,Electronic check,Yes,No,No,Yes,Yes,2
0.8400143297628127,-1.5192710680708021,One year,No,Credit card (automatic),No,No internet service,No internet service,No internet service,No internet service,1
0.26992923768238775,-1.3215172250510334,Two year,No,Mailed check,No,No internet service,No internet service,No internet service,No internet service,1
-0.9516816739185228,-1.5192710680708021,Month-to-month,No,Mailed check,No,No internet service,No internet service,No internet service,No internet service,1
0.26992923768238775,0.5696077611380149,One year,Fiber optic,Electronic check,No,Yes,No,No,Yes,0
-0.9924020376385531,0.16412929309748078,Month-to-month,Fiber optic,Electronic check,Yes,No,No,No,No,2
0.758573602322752,0.8438042661654253,One year,Fiber optic,Electronic check,Yes,No,No,No,Yes,0
1.5729808767233588,-1.3098846460498705,Two year,No,Credit card (automatic),No,No internet service,No internet service,No internet service,No internet service,1
1.5729808767233588,-1.3331498040521963,Two year,No,Mailed check,Yes,No internet service,No internet service,No internet service,No internet service,1
1.5322605130033284,-1.502653098069141,Two year,No,Credit card (automatic),Yes,No internet service,No internet service,No internet service,No internet service,1
-1.2774445836787656,-1.3132082400502028,Month-to-month,DSL,Electronic check,No,No,No,No,No,2
0.22920887396235737,-0.1582593249347472,Two year,DSL,Bank transfer (automatic),Yes,Yes,Yes,Yes,No,0
-0.1779947632379461,0.8354952811645946,Month-to-month,Fiber optic,Credit card (automatic),No,No,No,No,Yes,0
-0.015113308357824713,-1.5076384890696393,Month-to-month,No,Bank transfer (automatic),No,No internet service,No internet service,No internet service,No internet service,1
0.6771328748826912,-0.4972659129686364,Two year,DSL,Mailed check,No,No,No,No,No,0
0.18848851024232702,-1.3514295710540236,Two year,No,Bank transfer (automatic),Yes,No internet service,No internet service,No internet service,No internet service,1
-0.9109613101984924,-0.3493659799538514,Month-to-month,DSL,Electronic check,No,Yes,No,No,Yes,2
1.4100994218432374,1.5002140812310438,One year,Fiber optic,Credit card (automatic),No,No,Yes,Yes,Yes,0
-1.0331224013585834,-0.9725398550161476,One year,DSL,Credit card (automatic),Yes,Yes,No,No,Yes,0
0.758573602322752,0.7573908221567865,One year,Fiber optic,Credit card (automatic),No,No,No,Yes,No,0
-0.9516816739185228,-0.6518130339840859,Month-to-month,DSL,Electronic check,No,No,No,No,No,2
-0.9516816739185228,0.785641371159611,Month-to-month,Fiber optic,Mailed check,Yes,No,No,Yes,No,2
-1.1552834925186746,-0.46402997296531395,Month-to-month,DSL,Mailed check,Yes,Yes,No,No,No,2
1.5729808767233588,1.1379423351948288,Two year,Fiber optic,Electronic check,Yes,No,Yes,Yes,Yes,0
0.7178532386027215,0.6526976111463211,Month-to-month,Fiber optic,Bank transfer (automatic),Yes,No,No,Yes,No,2
-0.3408762181180675,1.0565142821866886,Two year,Fiber optic,Electronic check,Yes,No,No,Yes,Yes,0
-0.4223169455581282,-0.16656830993557784,One year,DSL,Bank transfer (automatic),Yes,No,Yes,Yes,No,0
0.47353105628253944,1.5533915852363596,Month-to-month,Fiber optic,Electronic check,Yes,No,Yes,Yes,Yes,0
0.025607055362205634,-1.3464441800535252,Month-to-month,No,Bank transfer (automatic),No,No internet service,No internet service,No internet service,No internet service,1
-1.2774445836787656,0.3436033691154218,Month-to-month,Fiber optic,Electronic check,Yes,No,No,No,No,2
0.880734693482843,0.179085466098976,One year,DSL,Credit card (automatic),Yes,No,No,Yes,No,0
0.3920903288424788,1.2293411702039656,Month-to-month,Fiber optic,Electronic check,Yes,No,No,Yes,No,2
-1.2774445836787656,-0.6302096729819263,Month-to-month,DSL,Electronic check,No,No,No,No,No,2
-1.2774445836787656,-1.4710789550659844,Month-to-month,No,Mailed check,No,No internet service,No internet service,No internet service,No internet service,1
-0.0965540357978854,0.1873944510998066,One year,DSL,Electronic check,No,Yes,Yes,Yes,No,0
-1.2774445836787656,-1.1370577580325938,Month-to-month,DSL,Mailed check,No,Yes,No,No,No,2
-0.6666391278783103,0.6693155811479823,Month-to-month,DSL,Electronic check,No,Yes,Yes,Yes,No,0
-1.2774445836787656,-1.4843733310673135,Month-to-month,No,Mailed check,Yes,No internet service,No internet service,No internet service,No internet service,1
-0.9516816739185228,-0.801374763999037,Month-to-month,DSL,Mailed check,No,Yes,No,Yes,No,0
0.5549717837226001,1.2044142152014738,Month-to-month,Fiber optic,Electronic check,Yes,No,No,Yes,Yes,2
-1.2774445836787656,0.14418772909548702,Month-to-month,Fiber optic,Electronic check,Yes,No,No,No,No,2
1.5729808767233588,-0.3410569949530208,Two year,DSL,Bank transfer (automatic),No,Yes,Yes,No,No,0
0.43281069256250915,0.35191235411625243,Month-to-month,Fiber optic,Credit card (automatic),Yes,No,No,No,No,2
0.7178532386027215,-0.6750781919864114,One year,DSL,Bank transfer (automatic),Yes,Yes,Yes,Yes,No,0
-0.7888002190384014,0.3402797751150897,Month-to-month,Fiber optic,Mailed check,Yes,No,No,No,No,2
-0.5444780367182193,1.1711782751981514,One year,Fiber optic,Bank transfer (automatic),No,Yes,No,Yes,No,0
0.35136996512244845,1.1063681921916724,Month-to-month,Fiber optic,Bank transfer (automatic),No,No,No,Yes,Yes,2
-1.2774445836787656,0.21232140610229844,Month-to-month,Fiber optic,Electronic check,Yes,No,No,No,No,2
-0.3408762181180675,-0.35268957395418365,Month-to-month,DSL,Credit card (automatic),Yes,No,No,Yes,Yes,2
0.3106496014024181,-0.028639158921789646,One year,DSL,Bank transfer (automatic),No,No,No,Yes,No,0
-1.1960038562387048,0.14584952609565352,Month-to-month,DSL,Bank transfer (automatic),Yes,No,No,Yes,Yes,2
0.18848851024232702,-0.003712203919297562,One year,DSL,Bank transfer (automatic),No,No,Yes,Yes,No,0
1.4100994218432374,1.461992750227223,Two year,Fiber optic,Credit card (automatic),Yes,Yes,Yes,Yes,Yes,0
-0.015113308357824713,1.1329569441943304,Month-to-month,Fiber optic,Electronic check,Yes,No,No,Yes,No,2
-1.0738427650786138,-0.518869273970796,Month-to-month,DSL,Electronic check,Yes,Yes,No,No,No,2
-0.015113308357824713,0.8255244991635975,Month-to-month,Fiber optic,Electronic check,No,No,Yes,Yes,No,2
1.0843365120829946,0.6144762801425001,Month-to-month,Fiber optic,Electronic check,Yes,No,No,No,Yes,2
-0.0965540357978854,0.18240906009930805,One year,DSL,Bank transfer (automatic),No,Yes,No,No,Yes,0
-0.5037576729981889,-1.5076384890696393,Month-to-month,No,Electronic check,Yes,No internet service,No internet service,No internet service,No internet service,1
-0.21871512695797646,-1.3381351950526947,Two year,No,Electronic check,No,No internet service,No internet service,No internet service,No internet service,1
-0.5037576729981889,0.47820892612887816,Month-to-month,Fiber optic,Electronic check,Yes,No,Yes,No,No,2
-0.9516816739185228,-1.4843733310673135,One year,No,Mailed check,No,No internet service,No internet service,No internet service,No internet service,1
1.4508197855632678,0.27380789510844483,One year,DSL,Credit card (automatic),Yes,No,Yes,Yes,Yes,0
1.4915401492832983,-0.11172900893009581,Two year,DSL,Credit card (automatic),No,Yes,Yes,No,No,0
-0.2594354906780068,0.6493740171459885,Month-to-month,Fiber optic,Mailed check,Yes,Yes,No,No,Yes,2
1.4915401492832983,-1.491020519067978,Two year,No,Bank transfer (automatic),No,No internet service,No internet service,No internet service,No internet service,1
-0.8702409464784621,-1.4744025490663168,Two year,No,Mailed check,No,No internet service,No internet service,No internet service,No internet service,1
-1.2774445836787656,-0.46569176996548,Month-to-month,DSL,Mailed check,No,No,No,No,No,2
-0.9109613101984924,-1.4727407520661506,One year,No,Mailed check,No,No internet service,No internet service,No internet service,No internet service,1
0.9214550572028734,0.3652067301175816,One year,DSL,Bank transfer (automatic),Yes,Yes,Yes,No,No,0
0.47353105628253944,0.021214751083194285,One year,DSL,Electronic check,No,Yes,Yes,Yes,No,0
0.5549717837226001,0.5197538511330312,Month-to-month,Fiber optic,Electronic check,Yes,No,No,No,No,2
1.4915401492832983,-0.16656830993557784,Two year,DSL,Bank transfer (automatic),Yes,No,Yes,No,Yes,0
-0.8702409464784621,0.45660556512671835,Month-to-month,Fiber optic,Electronic check,Yes,No,No,No,No,2
-0.8702409464784621,1.2376501552047963,Month-to-month,Fiber optic,Electronic check,Yes,No,No,Yes,No,2
-0.13727439951791576,-0.5255164619714603,Month-to-month,DSL,Bank transfer (automatic),No,No,No,No,Yes,2
1.002895784642934,1.1595456961969886,Month-to-month,Fiber optic,Electronic check,Yes,No,Yes,Yes,No,2
-0.1779947632379461,-1.5458598200734601,One year,No,Credit card (automatic),No,No internet service,No internet service,No internet service,No internet service,1
0.3920903288424788,-0.3393951979528547,Month-to-month,DSL,Credit card (automatic),No,No,Yes,No,Yes,2
-1.2367242199587352,-1.4660935640654862,Month-to-month,No,Mailed check,No,No internet service,No internet service,No internet service,No internet service,1
-0.38159658183809786,-0.801374763999037,One year,DSL,Bank transfer (automatic),No,Yes,Yes,No,No,0
-0.5851984004382496,-1.4727407520661506,Month-to-month,No,Mailed check,No,No internet service,No internet service,No internet service,No internet service,1
1.2064976032430856,-1.328164413051698,One year,No,Bank transfer (automatic),No,No internet service,No internet service,No internet service,No internet service,1
-1.2774445836787656,0.2006888271011353,Month-to-month,Fiber optic,Mailed check,Yes,No,No,No,No,2
-0.6666391278783103,0.8072447321617703,Month-to-month,Fiber optic,Credit card (automatic),Yes,Yes,No,No,No,2
-1.1960038562387048,1.0581760791868549,Month-to-month,Fiber optic,Electronic check,Yes,No,No,Yes,No,2
1.4100994218432374,0.7989357471609396,One year,DSL,Bank transfer (automatic),Yes,Yes,Yes,Yes,Yes,0
1.2064976032430856,-1.4860351280674797,Two year,No,Credit card (automatic),Yes,No internet service,No internet service,No internet service,No internet service,1
1.002895784642934,1.3207400052131024,Month-to-month,Fiber optic,Credit card (automatic),Yes,No,No,Yes,Yes,2
-1.2367242199587352,0.16745288709781284,Month-to-month,Fiber optic,Electronic check,Yes,No,No,No,No,2
-0.38159658183809786,0.4117370461222332,Two year,DSL,Bank transfer (automatic),Yes,Yes,Yes,Yes,Yes,0
-0.30015585439803716,-0.9874960280176428,Two year,DSL,Bank transfer (automatic),No,Yes,Yes,No,No,0
1.6137012404433893,1.440389389225063,Two year,Fiber optic,Bank transfer (automatic),Yes,Yes,No,Yes,Yes,0
-1.2367242199587352,0.641065032145158,Month-to-month,Fiber optic,Electronic check,Yes,No,No,Yes,No,2
-0.9924020376385531,-1.481049737066981,One year,No,Bank transfer (automatic),Yes,No internet service,No internet service,No internet service,No internet service,1
-1.1145631287986442,-0.47067716096597834,Month-to-month,DSL,Mailed check,Yes,No,No,No,No,2
0.10704778280226633,-0.5172074769706297,Month-to-month,DSL,Electronic check,No,No,No,Yes,Yes,2
-0.3408762181180675,-1.3348116010523623,One year,No,Electronic check,No,No internet service,No internet service,No internet service,No internet service,1
-1.2367242199587352,0.22893937610395967,Month-to-month,Fiber optic,Electronic check,Yes,No,No,No,No,2
1.6137012404433893,1.3340343812144315,Two year,Fiber optic,Credit card (automatic),Yes,Yes,Yes,No,Yes,0
0.35136996512244845,1.3872118852197473,Month-to-month,Fiber optic,Electronic check,Yes,Yes,Yes,Yes,Yes,0
-1.1552834925186746,-0.5122220859701314,Month-to-month,DSL,Electronic check,No,No,Yes,No,No,2
-0.2594354906780068,0.356897745116751,One year,Fiber optic,Bank transfer (automatic),No,No,No,No,No,0
-1.0331224013585834,0.9800716201790471,Month-to-month,Fiber optic,Electronic check,Yes,No,No,Yes,No,2
-1.2774445836787656,0.13920233809498894,Month-to-month,Fiber optic,Electronic check,Yes,No,No,No,No,2
-1.1552834925186746,-0.2081132349397309,Month-to-month,DSL,Mailed check,Yes,Yes,No,No,No,2
0.6364125111626608,0.46989994112804756,Two year,DSL,Credit card (automatic),No,Yes,No,Yes,Yes,0
-1.2367242199587352,0.966777244177718,Month-to-month,Fiber optic,Electronic check,Yes,No,No,Yes,No,2
-0.8295205827584317,0.47987072312904416,One year,DSL,Electronic check,Yes,Yes,Yes,Yes,Yes,0
1.125056875803025,1.4852579082295487,Month-to-month,Fiber optic,Bank transfer (automatic),Yes,Yes,Yes,Yes,Yes,0
0.9214550572028734,-0.18484807693740507,Two year,DSL,Electronic check,Yes,Yes,Yes,No,Yes,0
-1.2774445836787656,-1.1835880740372453,Month-to-month,DSL,Mailed check,No,Yes,No,No,No,2
-1.2774445836787656,-1.4860351280674797,Month-to-month,No,Mailed check,No,No internet service,No internet service,No internet service,No internet service,1
-1.1552834925186746,0.37517751211857825,Month-to-month,Fiber optic,Electronic check,Yes,No,No,No,No,2
-1.2774445836787656,-1.3397969920528607,Month-to-month,DSL,Mailed check,Yes,No,No,No,No,2
0.3920903288424788,0.05777428508684881,Two year,DSL,Credit card (automatic),No,Yes,No,No,Yes,0
-1.2774445836787656,-0.5055748979694671,Month-to-month,DSL,Bank transfer (automatic),No,No,Yes,No,No,2
-1.0331224013585834,0.8172155141627669,Month-to-month,Fiber optic,Credit card (automatic),Yes,No,No,Yes,Yes,2
-1.1960038562387048,0.2937494591104381,Month-to-month,Fiber optic,Credit card (automatic),Yes,No,No,No,Yes,2
1.6137012404433893,0.5945347161405068,Two year,DSL,Credit card (automatic),Yes,No,Yes,Yes,Yes,0
-0.7073594915983407,-0.5238546649712943,Month-to-month,DSL,Electronic check,Yes,No,No,No,No,2
-1.1552834925186746,0.5180920541328647,Month-to-month,Fiber optic,Electronic check,Yes,No,No,Yes,No,2
-0.8702409464784621,-1.3148700370503688,One year,No,Electronic check,No,No internet service,No internet service,No internet service,No internet service,1
-1.1145631287986442,-1.3065610520495383,Month-to-month,No,Mailed check,No,No internet service,No internet service,No internet service,No internet service,1
-1.2774445836787656,-0.29785027294870164,Month-to-month,DSL,Electronic check,Yes,No,Yes,No,Yes,2
1.6137012404433893,1.5334500212343665,Two year,Fiber optic,Credit card (automatic),Yes,Yes,Yes,Yes,Yes,0
0.9214550572028734,0.43167861012422654,Month-to-month,Fiber optic,Credit card (automatic),Yes,No,No,No,No,2
0.3106496014024181,-1.2816340970470463,Month-to-month,No,Electronic check,Yes,No internet service,No internet service,No internet service,No internet service,1
1.002895784642934,-1.491020519067978,Two year,No,Bank transfer (automatic),No,No internet service,No internet service,No internet service,No internet service,1
-1.2774445836787656,0.4748853321285456,Month-to-month,Fiber optic,Electronic check,Yes,No,No,Yes,No,2
-1.2774445836787656,1.0049985751815391,Month-to-month,Fiber optic,Electronic check,Yes,No,Yes,Yes,No,2
-1.2774445836787656,-1.3148700370503688,Month-to-month,DSL,Mailed check,No,No,No,No,No,2
0.7992939660427822,0.534710024134526,One year,DSL,Electronic check,Yes,No,No,Yes,Yes,0
0.35136996512244845,1.1180007711928355,Month-to-month,Fiber optic,Electronic check,Yes,No,No,Yes,Yes,2
0.43281069256250915,-0.27957050594687416,One year,DSL,Mailed check,Yes,No,No,Yes,No,0
0.5956921474426305,-1.5109620830699715,Two year,No,Bank transfer (automatic),No,No internet service,No internet service,No internet service,No internet service,1
-1.1960038562387048,-0.4773243489666429,Month-to-month,DSL,Bank transfer (automatic),No,No,No,No,No,2
1.369379058123207,0.48651791112970877,Two year,DSL,Credit card (automatic),No,Yes,Yes,Yes,Yes,0
0.9214550572028734,-0.3161300399505289,Two year,DSL,Credit card (automatic),Yes,Yes,No,No,Yes,0
-0.13727439951791576,-1.517609271070636,One year,No,Mailed check,No,No internet service,No internet service,No internet service,No internet service,1
-0.8295205827584317,0.641065032145158,Month-to-month,Fiber optic,Electronic check,Yes,No,No,Yes,No,2
1.369379058123207,1.3440051632154282,Month-to-month,Fiber optic,Electronic check,Yes,No,No,Yes,Yes,2
0.10704778280226633,1.217708591202803,Month-to-month,Fiber optic,Electronic check,Yes,No,No,Yes,Yes,2
-0.9109613101984924,0.8321716871642622,Month-to-month,Fiber optic,Electronic check,Yes,No,No,No,Yes,2
-0.21871512695797646,0.3652067301175816,Month-to-month,Fiber optic,Bank transfer (automatic),Yes,No,No,No,No,2
1.0436161483629645,1.0149693571825356,Month-to-month,Fiber optic,Electronic check,Yes,Yes,No,Yes,No,2
0.880734693482843,1.4952286902305454,Two year,Fiber optic,Bank transfer (automatic),No,Yes,Yes,Yes,Yes,0
-0.9516816739185228,-1.4926823160681442,Month-to-month,No,Mailed check,No,No internet service,No internet service,No internet service,No internet service,1
-1.2367242199587352,-1.5109620830699715,One year,No,Credit card (automatic),No,No internet service,No internet service,No internet service,No internet service,1
-1.0738427650786138,0.14418772909548702,Month-to-month,Fiber optic,Electronic check,Yes,No,No,No,No,2
-0.2594354906780068,0.8803638001690798,Month-to-month,Fiber optic,Electronic check,Yes,No,No,Yes,No,2
-0.9516816739185228,-1.479387940066815,Month-to-month,No,Mailed check,No,No internet service,No internet service,No internet service,No internet service,1
-0.9924020376385531,-0.3327480099521901,Month-to-month,DSL,Mailed check,Yes,No,No,No,Yes,2
-0.8295205827584317,0.5546515881365197,Month-to-month,Fiber optic,Electronic check,Yes,No,No,Yes,No,2
-0.7073594915983407,-0.520531070970962,Month-to-month,DSL,Electronic check,Yes,No,No,No,No,2
0.43281069256250915,0.5131066631323666,One year,DSL,Electronic check,Yes,No,Yes,Yes,Yes,0
0.3920903288424788,1.1811490571991479,Month-to-month,Fiber optic,Electronic check,Yes,Yes,No,Yes,No,2
-0.055833672077855064,0.016229360082695727,Month-to-month,DSL,Credit card (automatic),No,Yes,Yes,No,Yes,0
1.369379058123207,0.8703930181680831,Two year,Fiber optic,Credit card (automatic),Yes,Yes,Yes,No,Yes,0
-0.5851984004382496,0.6875953481498096,Month-to-month,Fiber optic,Electronic check,Yes,Yes,No,No,No,2
-1.2774445836787656,-1.4876969250676457,Month-to-month,No,Mailed check,No,No internet service,No internet service,No internet service,No internet service,1
1.1657772395230555,0.9750862291785486,Two year,Fiber optic,Electronic check,Yes,Yes,No,Yes,No,0
-0.9109613101984924,0.5014740841312035,Month-to-month,Fiber optic,Electronic check,No,No,No,No,No,2
-1.2774445836787656,0.22893937610395967,Month-to-month,Fiber optic,Electronic check,Yes,No,No,No,No,2
-0.5851984004382496,0.2920876621102721,Month-to-month,Fiber optic,Electronic check,Yes,No,No,No,No,2
-0.3408762181180675,1.325725396213601,Month-to-month,Fiber optic,Electronic check,Yes,No,No,Yes,Yes,2
-1.1960038562387048,-1.5109620830699715,Month-to-month,No,Mailed check,No,No internet service,No internet service,No internet service,No internet service,1
0.7178532386027215,-1.4827115340671475,One year,No,Credit card (automatic),No,No internet service,No internet service,No internet service,No internet service,1
-1.2774445836787656,-0.6717545979860794,Month-to-month,DSL,Electronic check,No,No,No,No,No,2
-1.2367242199587352,-0.3427187919531868,Month-to-month,DSL,Mailed check,Yes,Yes,Yes,No,No,2
-0.62591876415828,-1.4993295040688086,One year,No,Bank transfer (automatic),Yes,No internet service,No internet service,No internet service,No internet service,1
1.4915401492832983,1.3373579752147637,Two year,Fiber optic,Electronic check,Yes,No,No,Yes,Yes,0
1.6137012404433893,0.7956121531606076,Two year,DSL,Credit card (automatic),Yes,Yes,Yes,Yes,Yes,0
-1.1960038562387048,0.3153528201125979,Month-to-month,Fiber optic,Electronic check,Yes,No,No,No,No,2
0.7178532386027215,0.34526516611558833,Two year,DSL,Bank transfer (automatic),Yes,No,Yes,No,Yes,0
0.8400143297628127,-1.479387940066815,Two year,No,Mailed check,No,No internet service,No internet service,No internet service,No internet service,1
1.0436161483629645,1.4736253292283856,Two year,Fiber optic,Credit card (automatic),Yes,Yes,Yes,Yes,No,0
0.5549717837226001,-1.1304105700319294,One year,DSL,Bank transfer (automatic),Yes,No,Yes,No,No,0
1.6137012404433893,1.5999219012410113,Month-to-month,Fiber optic,Credit card (automatic),Yes,Yes,Yes,Yes,Yes,0
-1.2774445836787656,0.31369102311243185,Month-to-month,Fiber optic,Electronic check,Yes,No,No,No,No,2
-1.0738427650786138,0.9734244321783826,Month-to-month,Fiber optic,Mailed check,Yes,No,No,Yes,Yes,2
1.6137012404433893,0.46823814412788106,Two year,DSL,Bank transfer (automatic),No,Yes,Yes,No,Yes,0
-1.1552834925186746,-0.31446824295036285,Month-to-month,DSL,Mailed check,Yes,No,No,No,No,2
0.7992939660427822,-1.5093002860698053,Two year,No,Mailed check,No,No internet service,No internet service,No internet service,No internet service,1
-1.318164947398796,-1.3098846460498705,Two year,No,Mailed check,No,No internet service,No internet service,No internet service,No internet service,1
-1.2367242199587352,-1.4727407520661506,One year,No,Mailed check,No,No internet service,No internet service,No internet service,No internet service,1
1.3286586944031769,-1.5093002860698053,Two year,No,Bank transfer (automatic),No,No internet service,No internet service,No internet service,No internet service,1
0.43281069256250915,1.2044142152014738,Month-to-month,Fiber optic,Electronic check,Yes,No,No,Yes,No,2
-1.1552834925186746,1.1778254631988159,Month-to-month,Fiber optic,Electronic check,Yes,No,No,Yes,No,2
-0.30015585439803716,0.8072447321617703,One year,Fiber optic,Electronic check,Yes,No,Yes,No,No,0
0.758573602322752,0.4615909561272169,One year,DSL,Credit card (automatic),Yes,Yes,No,Yes,No,0
-0.8295205827584317,0.3319707901142591,Month-to-month,DSL,Bank transfer (automatic),No,No,No,Yes,Yes,0
1.002895784642934,0.1774236690988095,One year,DSL,Bank transfer (automatic),Yes,No,Yes,Yes,No,0
-0.3408762181180675,-1.491020519067978,One year,No,Mailed check,No,No internet service,No internet service,No internet service,No internet service,1
1.2879383306831464,-0.2130986259402292,One year,DSL,Bank transfer (automatic),No,Yes,No,No,Yes,0
-1.1552834925186746,1.3589613362169235,One year,Fiber optic,Electronic check,Yes,Yes,No,Yes,Yes,0
-0.2594354906780068,1.1877962451998125,Month-to-month,Fiber optic,Bank transfer (automatic),Yes,No,No,Yes,Yes,2
-0.7073594915983407,-1.4860351280674797,Month-to-month,No,Mailed check,No,No internet service,No internet service,No internet service,No internet service,1
1.2879383306831464,-1.2999138640488739,Two year,No,Credit card (automatic),No,No internet service,No internet service,No internet service,No internet service,1
0.14776814652229667,1.0548524851865226,Month-to-month,Fiber optic,Electronic check,Yes,No,No,Yes,No,2
-0.21871512695797646,1.0049985751815391,Month-to-month,Fiber optic,Credit card (automatic),No,No,No,Yes,No,2
-1.2774445836787656,0.20235062410130134,Month-to-month,Fiber optic,Mailed check,No,No,No,No,No,2
0.10704778280226633,0.7042133181514708,One year,DSL,Credit card (automatic),Yes,Yes,Yes,Yes,Yes,0
-1.1552834925186746,0.30372024111143525,Month-to-month,Fiber optic,Electronic check,Yes,No,No,No,Yes,2
-0.9924020376385531,-0.641842251983089,Month-to-month,DSL,Electronic check,Yes,No,No,No,No,2
-0.9109613101984924,-1.4876969250676457,Month-to-month,No,Credit card (automatic),Yes,No internet service,No internet service,No internet service,No internet service,1
-1.2367242199587352,-0.5172074769706297,Month-to-month,DSL,Mailed check,No,No,No,No,No,2
1.0436161483629645,1.4852579082295487,Two year,Fiber optic,Bank transfer (automatic),Yes,No,Yes,Yes,Yes,0
0.758573602322752,0.6144762801425001,Two year,DSL,Credit card (automatic),Yes,Yes,Yes,Yes,Yes,0
0.5549717837226001,-1.5126238800701375,Two year,No,Mailed check,Yes,No internet service,No internet service,No internet service,No internet service,1
-1.2774445836787656,-1.4993295040688086,Month-to-month,No,Bank transfer (automatic),Yes,No internet service,No internet service,No internet service,No internet service,1
0.5549717837226001,0.2671607071077802,Month-to-month,Fiber optic,Bank transfer (automatic),No,No,No,No,No,2
0.7178532386027215,1.4919050962302134,Month-to-month,Fiber optic,Bank transfer (automatic),Yes,Yes,Yes,Yes,No,2
0.8400143297628127,0.00792037508186511,Month-to-month,DSL,Credit card (automatic),No,Yes,No,Yes,No,0
1.1657772395230555,1.639805029244998,Month-to-month,Fiber optic,Electronic check,Yes,Yes,No,Yes,Yes,2
-1.1145631287986442,-1.4660935640654862,Month-to-month,No,Bank transfer (automatic),No,No internet service,No internet service,No internet service,No internet service,1
0.5956921474426305,0.7374492581547932,One year,DSL,Bank transfer (automatic),Yes,Yes,Yes,Yes,Yes,0
0.880734693482843,0.9966895901807084,One year,Fiber optic,Bank transfer (automatic),Yes,No,No,Yes,Yes,0
-0.5444780367182193,-1.3098846460498705,Month-to-month,DSL,Credit card (automatic),Yes,No,No,No,No,2
-0.2594354906780068,1.3523141482162588,Two year,Fiber optic,Electronic check,Yes,Yes,No,Yes,Yes,0
1.5322605130033284,-1.3082228490497045,Two year,No,Mailed check,No,No internet service,No internet service,No internet service,No internet service,1
-0.62591876415828,1.2559299222066236,Month-to-month,Fiber optic,Electronic check,Yes,No,No,Yes,Yes,2
-0.0965540357978854,1.1778254631988159,Month-to-month,Fiber optic,Electronic check,Yes,No,No,Yes,No,2
-1.2774445836787656,-1.3547531650543558,Month-to-month,No,Mailed check,No,No internet service,No internet service,No internet service,No internet service,1
-0.5444780367182193,-1.3015756610490399,Two year,No,Mailed check,No,No internet service,No internet service,No internet service,No internet service,1
-0.2594354906780068,0.29042586511010604,Two year,DSL,Credit card (automatic),Yes,No,No,Yes,Yes,0
-0.46303730927815856,0.3087056321119333,Month-to-month,Fiber optic,Bank transfer (automatic),Yes,No,No,No,No,2
0.7178532386027215,1.113015380192337,One year,Fiber optic,Electronic check,Yes,No,No,Yes,No,0
1.4508197855632678,-0.34438058895335305,One year,DSL,Electronic check,Yes,No,Yes,Yes,Yes,0
-1.1960038562387048,1.222693982203301,Month-to-month,Fiber optic,Bank transfer (automatic),Yes,No,No,Yes,Yes,2
-0.9516816739185228,1.2742096892084507,Month-to-month,Fiber optic,Electronic check,No,Yes,No,Yes,Yes,2
0.758573602322752,-1.0157465770204666,Two year,DSL,Bank transfer (automatic),No,Yes,Yes,No,No,0
-0.9516816739185228,-0.6983433499887373,Month-to-month,DSL,Electronic check,Yes,No,No,No,No,2
0.35136996512244845,1.5683477582378549,One year,Fiber optic,Electronic check,Yes,Yes,No,Yes,Yes,0
-0.4223169455581282,1.1927816362003112,Month-to-month,Fiber optic,Electronic check,Yes,No,No,Yes,No,2
-0.46303730927815856,-0.2928648819482031,One year,DSL,Electronic check,Yes,No,Yes,Yes,Yes,0
1.5729808767233588,1.7046151122514768,Two year,Fiber optic,Bank transfer (automatic),Yes,Yes,Yes,Yes,Yes,0
-1.2774445836787656,-0.6318714699820923,Month-to-month,DSL,Electronic check,No,No,No,No,No,2
-0.2594354906780068,0.572931355138347,One year,DSL,Credit card (automatic),Yes,Yes,No,Yes,Yes,0
1.5729808767233588,0.012905766082363669,Two year,DSL,Bank transfer (automatic),No,Yes,Yes,No,No,0
-1.1552834925186746,-0.6634456129852487,Month-to-month,DSL,Credit card (automatic),Yes,No,No,No,No,2
-0.8295205827584317,0.4998122871310375,Month-to-month,Fiber optic,Electronic check,Yes,No,Yes,No,No,2
-0.5851984004382496,0.8005975441611056,Month-to-month,Fiber optic,Electronic check,Yes,Yes,No,Yes,No,2
-1.1960038562387048,0.3386179781149237,Month-to-month,Fiber optic,Electronic check,Yes,No,No,No,No,2
1.6137012404433893,1.39884446422091,One year,Fiber optic,Bank transfer (automatic),Yes,No,Yes,Yes,No,0
-0.8702409464784621,0.3386179781149237,Month-to-month,Fiber optic,Electronic check,No,No,No,No,No,2
-1.2774445836787656,0.5114448661322006,Month-to-month,Fiber optic,Credit card (automatic),No,No,No,No,No,2
-0.7888002190384014,-1.5109620830699715,One year,No,Credit card (automatic),No,No internet service,No internet service,No internet service,No internet service,1
1.6137012404433893,1.478610720228884,One year,Fiber optic,Electronic check,Yes,Yes,No,Yes,Yes,0
0.3920903288424788,-0.28787949094770476,One year,DSL,Credit card (automatic),No,No,Yes,No,No,0
-0.62591876415828,-1.4976677070686424,Month-to-month,No,Credit card (automatic),No,No internet service,No internet service,No internet service,No internet service,1
-1.0331224013585834,-0.44741200296365274,Month-to-month,DSL,Mailed check,Yes,No,No,No,No,2
1.4508197855632678,1.789366759259949,Two year,Fiber optic,Mailed check,No,Yes,Yes,Yes,Yes,0
0.9621754209229036,-1.3497677740538576,Two year,No,Bank transfer (automatic),No,No internet service,No internet service,No internet service,No internet service,1
0.22920887396235737,-1.477726143066649,One year,No,Mailed check,No,No internet service,No internet service,No internet service,No internet service,1
1.6137012404433893,1.6863353452496495,Two year,Fiber optic,Electronic check,Yes,Yes,Yes,Yes,Yes,0
0.6364125111626608,-1.3198554280508674,One year,No,Credit card (automatic),No,No internet service,No internet service,No internet service,No internet service,1
0.7992939660427822,1.4736253292283856,Month-to-month,Fiber optic,Electronic check,Yes,No,Yes,Yes,Yes,0
0.10704778280226633,-1.4993295040688086,One year,No,Mailed check,No,No internet service,No internet service,No internet service,No internet service,1
1.4100994218432374,1.5467443972356951,Two year,Fiber optic,Bank transfer (automatic),Yes,Yes,No,Yes,Yes,0
-1.2774445836787656,-1.1586611190347533,Month-to-month,DSL,Mailed check,No,No,Yes,No,No,2
0.8400143297628127,0.5264010391336954,Month-to-month,Fiber optic,Mailed check,Yes,Yes,No,No,No,2
0.06632741908223598,-1.461108173064988,Month-to-month,No,Mailed check,No,No internet service,No internet service,No internet service,No internet service,1
-1.1960038562387048,-0.9825106370171443,Month-to-month,DSL,Credit card (automatic),No,No,No,Yes,No,2
-1.2774445836787656,0.466576347127715,Month-to-month,Fiber optic,Electronic check,No,No,No,Yes,No,2
-0.5444780367182193,0.8371570781647607,Month-to-month,Fiber optic,Mailed check,No,Yes,No,Yes,Yes,2
1.125056875803025,1.7046151122514768,Two year,Fiber optic,Bank transfer (automatic),Yes,Yes,Yes,Yes,Yes,0
-0.8702409464784621,-1.502653098069141,Two year,No,Credit card (automatic),No,No internet service,No internet service,No internet service,No internet service,1
0.5956921474426305,1.3838882912194153,Month-to-month,Fiber optic,Electronic check,Yes,No,No,Yes,Yes,2
-0.5851984004382496,-0.5105602889699654,Month-to-month,DSL,Electronic check,No,No,Yes,No,No,2
1.125056875803025,1.6780263602488188,Two year,Fiber optic,Credit card (automatic),No,Yes,Yes,Yes,Yes,0
1.6137012404433893,-1.328164413051698,Two year,No,Credit card (automatic),No,No internet service,No internet service,No internet service,No internet service,1
0.26992923768238775,-1.491020519067978,One year,No,Mailed check,No,No internet service,No internet service,No internet service,No internet service,1
1.0843365120829946,0.5480044001358552,One year,Fiber optic,Credit card (automatic),Yes,No,Yes,No,Yes,0
-1.2367242199587352,0.1724382780983114,Month-to-month,Fiber optic,Mailed check,No,No,No,No,No,2
-1.2774445836787656,0.14418772909548702,Month-to-month,Fiber optic,Electronic check,No,No,No,No,No,2
-0.5037576729981889,0.8454660631655913,Month-to-month,Fiber optic,Electronic check,Yes,No,No,Yes,No,2
-1.0738427650786138,0.9568064621767214,Month-to-month,Fiber optic,Bank transfer (automatic),Yes,No,No,Yes,No,2
1.5729808767233588,0.719169491152966,Two year,Fiber optic,Credit card (automatic),Yes,Yes,No,No,Yes,0
-0.3408762181180675,0.051127097086184216,Month-to-month,DSL,Mailed check,No,No,Yes,No,Yes,2
1.4100994218432374,0.9933659961803764,Month-to-month,Fiber optic,Credit card (automatic),Yes,No,No,Yes,No,2
-1.2774445836787656,0.534710024134526,Month-to-month,Fiber optic,Mailed check,Yes,No,No,No,No,2
0.6364125111626608,0.574593152138513,One year,Fiber optic,Mailed check,Yes,No,No,No,No,0
0.18848851024232702,0.2438955491054544,One year,DSL,Mailed check,No,Yes,No,No,No,0
-0.8702409464784621,-0.9991286070188055,Month-to-month,DSL,Mailed check,No,No,No,No,Yes,2
-1.1960038562387048,-1.4694171580658184,Month-to-month,No,Credit card (automatic),Yes,No internet service,No internet service,No internet service,No internet service,1
-0.5851984004382496,1.0365727181846955,Month-to-month,Fiber optic,Credit card (automatic),Yes,No,No,Yes,Yes,2
0.7178532386027215,-0.6634456129852487,One year,DSL,Bank transfer (automatic),Yes,No,No,No,No,0
1.4100994218432374,1.4835961112293827,One year,Fiber optic,Electronic check,Yes,Yes,Yes,Yes,Yes,0
-0.30015585439803716,0.2089978121019659,Month-to-month,DSL,Mailed check,Yes,Yes,Yes,No,No,2
-1.2367242199587352,0.4582673621268844,Month-to-month,Fiber optic,Electronic check,Yes,No,No,No,Yes,2
-0.9516816739185228,-1.4976677070686424,Month-to-month,No,Credit card (automatic),No,No internet service,No internet service,No internet service,No internet service,1
-0.9109613101984924,-0.8146691400003658,One year,DSL,Mailed check,No,Yes,Yes,No,No,0
1.5322605130033284,-1.4926823160681442,Two year,No,Credit card (automatic),No,No internet service,No internet service,No internet service,No internet service,1
-0.9516816739185228,0.11593718009266311,Month-to-month,DSL,Bank transfer (automatic),Yes,Yes,Yes,No,Yes,2
-1.1552834925186746,-1.4827115340671475,Month-to-month,No,Credit card (automatic),Yes,No internet service,No internet service,No internet service,No internet service,1
-1.2367242199587352,-0.4590445819648154,Month-to-month,DSL,Mailed check,No,No,Yes,No,No,2
-1.2774445836787656,0.4615909561272169,Month-to-month,Fiber optic,Electronic check,No,No,No,No,No,2
-0.5444780367182193,-1.3165318340505352,Month-to-month,DSL,Bank transfer (automatic),Yes,No,No,No,No,2
-1.0331224013585834,-1.479387940066815,Month-to-month,No,Bank transfer (automatic),Yes,No internet service,No internet service,No internet service,No internet service,1
-1.2774445836787656,-0.7265938989915613,Month-to-month,DSL,Electronic check,Yes,No,No,No,No,2
-1.2774445836787656,-0.6900343649879066,Month-to-month,DSL,Electronic check,No,No,No,No,No,2
-0.9516816739185228,-1.479387940066815,One year,No,Mailed check,No,No internet service,No internet service,No internet service,No internet service,1
-1.1960038562387048,-1.0140847800203006,Month-to-month,DSL,Mailed check,No,Yes,Yes,No,No,2
-0.9516816739185228,-0.2081132349397309,Month-to-month,DSL,Mailed check,No,Yes,Yes,Yes,Yes,0
-1.1145631287986442,-0.29785027294870164,Month-to-month,DSL,Credit card (automatic),No,No,Yes,No,Yes,2
0.9621754209229036,0.8022593411612722,One year,Fiber optic,Bank transfer (automatic),No,No,No,Yes,No,0
-0.5851984004382496,-0.23636378394255506,Month-to-month,DSL,Mailed check,No,No,Yes,No,No,2
0.6771328748826912,1.044881703185526,Month-to-month,Fiber optic,Electronic check,Yes,No,No,Yes,No,2
1.5322605130033284,0.47820892612887816,Two year,DSL,Mailed check,No,Yes,Yes,Yes,Yes,0
1.6137012404433893,1.438727592224897,Two year,Fiber optic,Credit card (automatic),Yes,Yes,No,Yes,Yes,0
-1.0738427650786138,0.32033821111309646,Month-to-month,Fiber optic,Electronic check,No,No,No,No,Yes,2
-0.62591876415828,0.9983513871808745,Month-to-month,Fiber optic,Electronic check,Yes,No,No,Yes,No,2
-0.13727439951791576,-0.626886078981594,Month-to-month,DSL,Electronic check,Yes,No,No,Yes,No,2
-1.0738427650786138,1.3473287572157604,Month-to-month,Fiber optic,Electronic check,Yes,No,No,Yes,Yes,2
1.247217966963116,1.2575917192067896,Two year,Fiber optic,Electronic check,No,No,No,Yes,Yes,0
-0.6666391278783103,0.3020584441112687,Month-to-month,Fiber optic,Bank transfer (automatic),Yes,No,No,No,No,2
1.0843365120829946,-0.11339080593026184,One year,DSL,Bank transfer (automatic),Yes,No,No,No,Yes,0
-1.1960038562387048,-0.23968737794288733,Month-to-month,DSL,Electronic check,No,No,No,Yes,Yes,2
-0.9924020376385531,-1.1802644800369129,Month-to-month,DSL,Mailed check,Yes,No,No,No,No,2
-1.0331224013585834,0.6576830021468192,Month-to-month,Fiber optic,Electronic check,Yes,No,No,No,No,2
1.4508197855632678,-1.5009913010689746,Two year,No,Credit card (automatic),No,No internet service,No internet service,No internet service,No internet service,1
1.4508197855632678,1.5617005702371902,Two year,Fiber optic,Credit card (automatic),No,Yes,Yes,Yes,Yes,0
0.7992939660427822,1.3872118852197473,One year,Fiber optic,Electronic check,Yes,No,No,Yes,Yes,0
1.6137012404433893,1.4270950132237343,Two year,Fiber optic,Credit card (automatic),Yes,Yes,Yes,Yes,No,0
-0.015113308357824713,-1.5109620830699715,One year,No,Mailed check,No,No internet service,No internet service,No internet service,No internet service,1
1.6137012404433893,-1.4860351280674797,Two year,No,Bank transfer (automatic),No,No internet service,No internet service,No internet service,No internet service,1
-1.2774445836787656,0.1724382780983114,Month-to-month,Fiber optic,Credit card (automatic),Yes,No,No,No,No,2
0.3920903288424788,-0.035286346922454,One year,DSL,Credit card (automatic),No,Yes,Yes,No,No,0
-0.30015585439803716,-1.329826210051864,Two year,No,Credit card (automatic),No,No internet service,No internet service,No internet service,No internet service,1
0.5142514200025698,-0.4607063789649817,Month-to-month,DSL,Bank transfer (automatic),Yes,No,Yes,No,No,2
0.43281069256250915,-0.14496494893341827,One year,DSL,Credit card (automatic),Yes,Yes,Yes,Yes,Yes,0
0.18848851024232702,0.4815325201292102,One year,DSL,Mailed check,No,No,Yes,Yes,Yes,0
-0.5037576729981889,0.6992279271509723,Month-to-month,Fiber optic,Credit card (automatic),Yes,No,No,No,No,2
-1.1552834925186746,-1.3397969920528607,Month-to-month,DSL,Electronic check,Yes,No,No,No,No,2
1.247217966963116,1.506861269231708,Two year,Fiber optic,Credit card (automatic),Yes,Yes,Yes,Yes,Yes,0
-1.1960038562387048,0.8620840331672525,Month-to-month,Fiber optic,Mailed check,No,No,No,Yes,No,2
1.369379058123207,-1.3115464430500368,Two year,No,Credit card (automatic),Yes,No internet service,No internet service,No internet service,No internet service,1
-0.1779947632379461,1.3606231332170895,Month-to-month,Fiber optic,Electronic check,Yes,No,No,Yes,Yes,2
-0.9924020376385531,0.6792863631489789,Month-to-month,Fiber optic,Electronic check,No,No,No,No,No,2
1.5729808767233588,-1.343120586053193,Two year,No,Mailed check,No,No internet service,No internet service,No internet service,No internet service,1
-1.2774445836787656,-1.3464441800535252,Month-to-month,DSL,Electronic check,Yes,No,No,No,No,2
1.6137012404433893,-1.3181936310507012,Two year,No,Bank transfer (automatic),No,No internet service,No internet service,No internet service,No internet service,1
-0.6666391278783103,-0.3393951979528547,Month-to-month,DSL,Bank transfer (automatic),Yes,No,Yes,No,No,2
1.369379058123207,1.0581760791868549,Two year,Fiber optic,Mailed check,No,Yes,Yes,No,Yes,0
-0.8702409464784621,0.39013368512007346,Month-to-month,Fiber optic,Electronic check,Yes,No,No,No,No,2
0.758573602322752,0.544680806135523,One year,DSL,Credit card (automatic),Yes,Yes,Yes,Yes,Yes,0
-0.9924020376385531,-0.8728320350061801,Month-to-month,DSL,Electronic check,Yes,No,Yes,No,No,2
-0.748079855318371,0.9352031011745621,Month-to-month,Fiber optic,Electronic check,Yes,No,No,Yes,No,2
-1.1552834925186746,0.9551446651765553,Month-to-month,Fiber optic,Electronic check,Yes,Yes,No,No,No,2
1.5322605130033284,0.6626683931473177,Two year,DSL,Mailed check,No,No,Yes,Yes,Yes,0
1.5322605130033284,0.04115631508518757,Two year,DSL,Electronic check,No,Yes,Yes,No,No,0
0.880734693482843,1.221032185203135,One year,Fiber optic,Credit card (automatic),Yes,No,No,Yes,No,0
-0.1779947632379461,0.33695618111475767,Month-to-month,Fiber optic,Bank transfer (automatic),Yes,No,Yes,No,No,2
-0.3408762181180675,-1.462769970065154,Two year,No,Mailed check,No,No internet service,No internet service,No internet service,No internet service,1
1.4915401492832983,-0.11006721192992953,Two year,DSL,Credit card (automatic),Yes,No,No,No,No,0
0.3920903288424788,-0.3410569949530208,Month-to-month,DSL,Mailed check,No,No,Yes,No,No,2
-1.2367242199587352,0.16080569909714826,Month-to-month,Fiber optic,Electronic check,Yes,No,No,No,No,2
0.26992923768238775,1.1628692901973208,Month-to-month,Fiber optic,Electronic check,Yes,No,No,Yes,Yes,2
0.5142514200025698,1.4952286902305454,Two year,Fiber optic,Bank transfer (automatic),Yes,Yes,No,Yes,Yes,0
1.6137012404433893,0.534710024134526,Two year,DSL,Bank transfer (automatic),Yes,Yes,Yes,Yes,Yes,0
0.22920887396235737,-1.477726143066649,Two year,No,Mailed check,No,No internet service,No internet service,No internet service,No internet service,1
1.6137012404433893,0.10098100709116792,Two year,DSL,Bank transfer (automatic),Yes,Yes,Yes,No,Yes,0
-1.2774445836787656,-1.3530913680541898,Month-to-month,No,Mailed check,Yes,No internet service,No internet service,No internet service,No internet service,1
1.6137012404433893,-1.4943441130683104,Two year,No,Credit card (automatic),Yes,No internet service,No internet service,No internet service,No internet service,1
0.9214550572028734,-1.2982520670487077,Two year,No,Bank transfer (automatic),No,No internet service,No internet service,No internet service,No internet service,1
0.758573602322752,-0.28621769394753876,One year,DSL,Electronic check,Yes,Yes,No,Yes,Yes,0
1.247217966963116,0.7291402731539627,Two year,DSL,Bank transfer (automatic),Yes,Yes,Yes,Yes,Yes,0
-1.2774445836787656,-1.4744025490663168,Month-to-month,No,Mailed check,No,No internet service,No internet service,No internet service,No internet service,1
-0.38159658183809786,-1.4993295040688086,Two year,No,Mailed check,Yes,No internet service,No internet service,No internet service,No internet service,1
-1.2774445836787656,-0.47233895796614456,Month-to-month,DSL,Electronic check,No,No,No,No,No,2
-1.2367242199587352,-0.34604238595351905,Month-to-month,DSL,Mailed check,Yes,Yes,No,No,No,2
0.7992939660427822,1.440389389225063,Month-to-month,Fiber optic,Credit card (automatic),No,No,Yes,Yes,Yes,0
0.14776814652229667,-0.3427187919531868,One year,DSL,Mailed check,No,No,Yes,No,No,0
-1.2774445836787656,-0.6451658459834212,Month-to-month,DSL,Mailed check,No,No,No,No,No,2
-0.1779947632379461,-0.19149526493806968,One year,DSL,Mailed check,No,No,Yes,No,Yes,0
-1.0331224013585834,0.15582030809665018,One year,DSL,Electronic check,No,No,Yes,Yes,Yes,0
-0.748079855318371,1.1894580421999785,Month-to-month,Fiber optic,Electronic check,Yes,No,No,Yes,No,2
1.6137012404433893,0.006258578081699082,Two year,DSL,Credit card (automatic),Yes,Yes,Yes,Yes,Yes,0
-1.2774445836787656,-1.4710789550659844,Month-to-month,No,Mailed check,Yes,No internet service,No internet service,No internet service,No internet service,1
-0.9109613101984924,-1.5259182560714666,Month-to-month,No,Mailed check,No,No internet service,No internet service,No internet service,No internet service,1
0.3920903288424788,-1.4943441130683104,One year,No,Bank transfer (automatic),No,No internet service,No internet service,No internet service,No internet service,1
-1.0331224013585834,-1.3198554280508674,Month-to-month,DSL,Bank transfer (automatic),No,No,No,No,No,2
-1.1552834925186746,0.33363258711442517,Month-to-month,Fiber optic,Bank transfer (automatic),Yes,No,No,No,Yes,2
1.6137012404433893,1.6464522172456624,Two year,Fiber optic,Credit card (automatic),Yes,Yes,Yes,Yes,Yes,0
-0.5037576729981889,-1.3397969920528607,Month-to-month,DSL,Electronic check,Yes,No,No,No,No,2
1.247217966963116,1.476948923228718,Two year,Fiber optic,Credit card (automatic),No,Yes,Yes,Yes,Yes,0
0.9621754209229036,-0.6551366279844181,Two year,DSL,Bank transfer (automatic),No,Yes,Yes,No,Yes,0
-1.1145631287986442,-0.4573827849646494,Month-to-month,DSL,Mailed check,Yes,Yes,No,No,No,2
1.6137012404433893,1.5184938482328711,Two year,Fiber optic,Bank transfer (automatic),Yes,Yes,No,Yes,Yes,0
1.4508197855632678,0.6610065961471517,Month-to-month,Fiber optic,Electronic check,Yes,No,No,No,Yes,2
1.4100994218432374,-0.15659752793458118,One year,DSL,Mailed check,No,Yes,Yes,No,No,0
-0.9924020376385531,-0.6684310039857471,Month-to-month,DSL,Bank transfer (automatic),No,No,No,No,No,2
0.7992939660427822,0.9468356801757247,Month-to-month,Fiber optic,Bank transfer (automatic),Yes,Yes,No,No,No,2
-0.5851984004382496,-1.479387940066815,Month-to-month,No,Mailed check,Yes,No internet service,No internet service,No internet service,No internet service,1
1.0843365120829946,-1.3065610520495383,Two year,No,Mailed check,No,No internet service,No internet service,No internet service,No internet service,1
1.125056875803025,-1.4677553610656522,Two year,No,Mailed check,No,No internet service,No internet service,No internet service,No internet service,1
-1.0331224013585834,0.9750862291785486,Month-to-month,Fiber optic,Electronic check,Yes,No,No,Yes,No,2
1.0843365120829946,-0.9958050130184734,One year,DSL,Mailed check,No,No,Yes,No,Yes,0
0.5549717837226001,-0.13333236993225536,Two year,DSL,Bank transfer (automatic),Yes,Yes,Yes,Yes,Yes,0
-1.1145631287986442,-0.44575020596348647,Month-to-month,DSL,Electronic check,Yes,No,No,No,No,2
1.0843365120829946,-0.023653767921291324,Two year,DSL,Credit card (automatic),Yes,Yes,Yes,Yes,Yes,0
1.5322605130033284,0.6659919871476498,Two year,DSL,Bank transfer (automatic),Yes,Yes,No,Yes,Yes,0
-0.748079855318371,0.2073360151017999,Month-to-month,Fiber optic,Credit card (automatic),Yes,No,No,No,No,2
0.47353105628253944,-0.4856333339674735,Month-to-month,DSL,Mailed check,Yes,No,No,No,No,2
1.2879383306831464,0.9917041991802098,Two year,Fiber optic,Credit card (automatic),Yes,No,Yes,Yes,Yes,0
1.0436161483629645,-0.16656830993557784,Two year,DSL,Mailed check,No,Yes,Yes,Yes,Yes,0
0.5549717837226001,1.1794872601989819,One year,Fiber optic,Electronic check,No,Yes,No,Yes,No,0
1.0436161483629645,1.1346187411944968,Month-to-month,Fiber optic,Electronic check,Yes,No,No,Yes,No,2
1.6137012404433893,1.0947356131905097,Two year,Fiber optic,Credit card (automatic),Yes,No,No,Yes,No,0
-0.0965540357978854,-0.8130073430001998,Month-to-month,DSL,Electronic check,Yes,No,No,Yes,Yes,2
-0.8702409464784621,-0.1499503399339166,Month-to-month,DSL,Bank transfer (automatic),No,No,Yes,No,No,2
0.06632741908223598,-0.28289409994720643,Month-to-month,DSL,Electronic check,Yes,No,No,Yes,Yes,2
0.880734693482843,-0.6169152969805971,Two year,DSL,Bank transfer (automatic),No,No,Yes,No,No,0
-1.1960038562387048,-0.47067716096597834,Month-to-month,DSL,Electronic check,Yes,No,No,Yes,No,2
1.6137012404433893,-1.3248408190513656,Two year,No,Mailed check,No,No internet service,No internet service,No internet service,No internet service,1
0.3106496014024181,0.6676537841478158,Month-to-month,Fiber optic,Electronic check,Yes,Yes,No,No,Yes,2
-1.2367242199587352,0.03118553308419093,Month-to-month,DSL,Mailed check,No,No,No,Yes,No,2
0.880734693482843,-0.046918925923616905,Two year,DSL,Credit card (automatic),No,No,No,No,Yes,2
-0.748079855318371,-0.48729513096763954,Month-to-month,DSL,Bank transfer (automatic),No,No,Yes,No,No,2
-1.2774445836787656,0.19071804510013865,Month-to-month,Fiber optic,Electronic check,No,No,No,No,No,2
-0.9109613101984924,1.0000131841810405,Month-to-month,Fiber optic,Electronic check,Yes,No,No,No,Yes,2
-1.2774445836787656,-0.4856333339674735,Month-to-month,DSL,Electronic check,No,No,Yes,No,No,2
-1.2774445836787656,-1.4960059100684764,Month-to-month,No,Mailed check,No,No internet service,No internet service,No internet service,No internet service,1
0.9621754209229036,-0.003712203919297562,One year,DSL,Bank transfer (automatic),Yes,Yes,Yes,No,No,0
1.4508197855632678,0.4931650991303729,Two year,DSL,Bank transfer (automatic),Yes,Yes,Yes,Yes,No,0
-0.748079855318371,-1.504314895069307,One year,No,Mailed check,Yes,No internet service,No internet service,No internet service,No internet service,1
1.4508197855632678,1.156222102196656,Two year,Fiber optic,Electronic check,Yes,Yes,Yes,Yes,No,0
0.9214550572028734,0.3070438351117673,Month-to-month,Fiber optic,Electronic check,Yes,No,No,No,No,2
-0.6666391278783103,-0.8595376590048512,Month-to-month,DSL,Electronic check,Yes,No,Yes,Yes,No,0
-0.9516816739185228,0.4915033021302069,Month-to-month,Fiber optic,Electronic check,Yes,No,No,No,No,2
-0.748079855318371,0.022876548083360315,Month-to-month,DSL,Electronic check,Yes,No,Yes,Yes,No,0
1.0436161483629645,1.1279715531938321,Month-to-month,Fiber optic,Electronic check,Yes,No,No,Yes,Yes,2
0.8400143297628127,-0.613591702980265,Month-to-month,DSL,Bank transfer (automatic),Yes,No,Yes,No,No,2
1.5322605130033284,1.1495749141959914,Two year,Fiber optic,Credit card (automatic),Yes,No,Yes,Yes,Yes,0
-0.748079855318371,1.0315873271841969,Month-to-month,Fiber optic,Electronic check,Yes,No,No,Yes,No,2
-0.4223169455581282,0.09101022509017127,One year,DSL,Bank transfer (automatic),Yes,Yes,Yes,Yes,Yes,0
-0.9109613101984924,0.4449729861255557,Month-to-month,Fiber optic,Credit card (automatic),Yes,No,Yes,No,No,2
-0.13727439951791576,-1.2849576910473786,Two year,No,Mailed check,No,No internet service,No internet service,No internet service,No internet service,1
-1.2774445836787656,0.16080569909714826,Month-to-month,Fiber optic,Electronic check,Yes,No,No,No,No,2
0.6771328748826912,0.6510358141461546,One year,DSL,Electronic check,No,Yes,Yes,Yes,Yes,0
1.4508197855632678,1.1778254631988159,Month-to-month,Fiber optic,Electronic check,Yes,No,No,Yes,No,2
-1.2774445836787656,0.44164939212522314,Month-to-month,Fiber optic,Electronic check,No,No,No,Yes,No,2
-0.0965540357978854,-0.8113455460000336,One year,DSL,Credit card (automatic),Yes,Yes,No,No,No,0
1.6137012404433893,0.47987072312904416,Two year,DSL,Credit card (automatic),No,Yes,Yes,Yes,Yes,0
-0.9109613101984924,-1.4577845790646555,Month-to-month,No,Mailed check,Yes,No internet service,No internet service,No internet service,No internet service,1
-1.0331224013585834,0.2937494591104381,Month-to-month,Fiber optic,Electronic check,No,No,No,No,No,2
-0.9516816739185228,0.3319707901142591,Month-to-month,Fiber optic,Electronic check,Yes,No,No,No,No,2
-1.2774445836787656,-0.49394231896830415,Month-to-month,DSL,Mailed check,No,No,Yes,No,No,2
-0.5037576729981889,0.13754054109482292,Month-to-month,DSL,Credit card (automatic),Yes,Yes,No,No,No,2
-1.2774445836787656,-1.479387940066815,Month-to-month,No,Mailed check,Yes,No internet service,No internet service,No internet service,No internet service,1
-0.13727439951791576,0.3735157151184122,Month-to-month,Fiber optic,Credit card (automatic),Yes,No,No,No,No,2
-1.2774445836787656,0.3070438351117673,Month-to-month,Fiber optic,Electronic check,No,Yes,No,No,No,2
-1.1960038562387048,0.5829021371393436,Month-to-month,Fiber optic,Mailed check,Yes,Yes,Yes,No,No,2
-0.5037576729981889,0.8188773111629334,Month-to-month,Fiber optic,Bank transfer (automatic),Yes,No,Yes,Yes,Yes,0
1.2879383306831464,1.1429277261953275,Month-to-month,Fiber optic,Credit card (automatic),Yes,Yes,No,Yes,No,2
-1.2774445836787656,-1.481049737066981,Month-to-month,No,Mailed check,Yes,No internet service,No internet service,No internet service,No internet service,1
-1.0738427650786138,-1.1736172920362484,Month-to-month,DSL,Bank transfer (automatic),No,No,Yes,No,No,2
0.7178532386027215,-1.4943441130683104,Two year,No,Electronic check,No,No internet service,No internet service,No internet service,No internet service,1
-1.0738427650786138,-0.18650987393757135,Month-to-month,DSL,Bank transfer (automatic),Yes,No,Yes,No,No,2
-1.0331224013585834,-0.6651074099854147,Month-to-month,DSL,Electronic check,No,No,No,No,No,2
1.6137012404433893,0.8654076271675846,Two year,Fiber optic,Credit card (automatic),Yes,No,No,No,Yes,0
-0.9924020376385531,-0.5055748979694671,Month-to-month,DSL,Bank transfer (automatic),Yes,No,No,No,No,2
1.4100994218432374,1.393859073220412,Two year,Fiber optic,Credit card (automatic),No,Yes,Yes,Yes,No,0
-0.3408762181180675,0.9568064621767214,Month-to-month,Fiber optic,Electronic check,Yes,No,No,Yes,No,2
1.6137012404433893,0.9867188081797118,Two year,Fiber optic,Credit card (automatic),Yes,No,Yes,No,No,0
0.025607055362205634,-1.505976692069473,One year,No,Bank transfer (automatic),Yes,No internet service,No internet service,No internet service,No internet service,1
-1.2367242199587352,-1.3198554280508674,Month-to-month,DSL,Electronic check,Yes,No,No,No,No,2
1.5322605130033284,0.10596639809166647,Two year,DSL,Mailed check,No,Yes,Yes,No,No,0
-0.4223169455581282,0.016229360082695727,One year,DSL,Bank transfer (automatic),No,No,No,Yes,Yes,0
1.0843365120829946,1.1528985081963241,Month-to-month,Fiber optic,Bank transfer (automatic),Yes,No,Yes,No,Yes,2
0.14776814652229667,-1.4760643460664828,One year,No,Credit card (automatic),Yes,No internet service,No internet service,No internet service,No internet service,1
0.758573602322752,-1.4893587220678117,Two year,No,Mailed check,No,No internet service,No internet service,No internet service,No internet service,1
0.8400143297628127,0.4200460311230638,One year,DSL,Bank transfer (automatic),No,Yes,Yes,Yes,Yes,0
-0.5037576729981889,-1.4976677070686424,One year,No,Bank transfer (automatic),No,No internet service,No internet service,No internet service,No internet service,1
1.247217966963116,1.1612074931971548,Two year,Fiber optic,Credit card (automatic),No,No,Yes,Yes,Yes,0
0.3106496014024181,0.33363258711442517,Month-to-month,Fiber optic,Credit card (automatic),No,No,No,No,No,2
0.10704778280226633,-1.51594747407047,One year,No,Mailed check,Yes,No internet service,No internet service,No internet service,No internet service,1
-0.2594354906780068,0.47156173812821356,One year,Fiber optic,Bank transfer (automatic),No,No,No,No,No,0
-0.21871512695797646,1.0232783421833662,Month-to-month,Fiber optic,Electronic check,Yes,No,No,No,Yes,2
0.8400143297628127,-0.06353689592527814,One year,DSL,Credit card (automatic),No,Yes,Yes,No,No,0
0.06632741908223598,0.22561578210362715,Month-to-month,Fiber optic,Credit card (automatic),No,No,No,No,No,2
-0.5444780367182193,1.003336778181373,Month-to-month,Fiber optic,Electronic check,Yes,No,No,Yes,No,2
0.43281069256250915,0.7091987091519689,Month-to-month,Fiber optic,Credit card (automatic),Yes,No,Yes,No,Yes,2
-1.0738427650786138,-1.502653098069141,Month-to-month,No,Mailed check,No,No internet service,No internet service,No internet service,No internet service,1
0.9621754209229036,-1.328164413051698,Two year,No,Mailed check,Yes,No internet service,No internet service,No internet service,No internet service,1
1.002895784642934,-0.8462432830035223,Month-to-month,DSL,Electronic check,Yes,No,No,Yes,No,2
0.06632741908223598,0.641065032145158,Month-to-month,Fiber optic,Mailed check,Yes,No,No,Yes,Yes,2
-0.9109613101984924,-0.9476129000136557,Month-to-month,DSL,Electronic check,No,Yes,No,No,No,2
-1.2774445836787656,-1.479387940066815,Month-to-month,No,Mailed check,Yes,No internet service,No internet service,No internet service,No internet service,1
-0.7888002190384014,-1.3580767590546883,Month-to-month,DSL,Electronic check,Yes,No,No,No,No,2
0.9621754209229036,1.1246479591934997,Month-to-month,Fiber optic,Electronic check,No,No,No,Yes,No,2
0.9214550572028734,1.2924894562102784,Month-to-month,Fiber optic,Credit card (automatic),Yes,No,No,Yes,Yes,2
0.14776814652229667,0.9352031011745621,Two year,DSL,Credit card (automatic),Yes,Yes,Yes,Yes,Yes,0
0.5956921474426305,-1.491020519067978,One year,No,Bank transfer (automatic),No,No internet service,No internet service,No internet service,No internet service,1
-0.8295205827584317,-1.4843733310673135,Month-to-month,No,Credit card (automatic),Yes,No internet service,No internet service,No internet service,No internet service,1
-1.2774445836787656,0.6875953481498096,Month-to-month,Fiber optic,Electronic check,Yes,No,No,Yes,Yes,2
-0.3408762181180675,0.5230774451333633,Month-to-month,Fiber optic,Electronic check,Yes,No,No,No,No,2
1.247217966963116,1.1678546811978192,One year,Fiber optic,Bank transfer (automatic),No,No,No,Yes,No,0
0.10704778280226633,-0.8279635160016948,Month-to-month,DSL,Electronic check,Yes,No,No,Yes,Yes,2
1.4100994218432374,-0.14164135493308597,One year,DSL,Credit card (automatic),No,Yes,Yes,No,No,0
-0.30015585439803716,0.6659919871476498,Month-to-month,Fiber optic,Electronic check,Yes,No,No,No,No,2
-0.46303730927815856,1.2991366442109427,Month-to-month,Fiber optic,Mailed check,No,No,Yes,Yes,Yes,0
-0.7888002190384014,0.10098100709116792,Month-to-month,DSL,Bank transfer (automatic),No,Yes,Yes,No,No,2
0.10704778280226633,0.3469269631157543,Month-to-month,Fiber optic,Electronic check,Yes,No,No,No,No,2
1.5729808767233588,-1.3265026160515319,Two year,No,Bank transfer (automatic),No,No internet service,No internet service,No internet service,No internet service,1
-0.13727439951791576,-1.5093002860698053,Month-to-month,No,Credit card (automatic),No,No internet service,No internet service,No internet service,No internet service,1
1.5729808767233588,-0.5122220859701314,Two year,DSL,Electronic check,No,No,No,Yes,No,0
-1.0331224013585834,0.8055829351616043,Month-to-month,Fiber optic,Electronic check,Yes,No,No,Yes,No,2
1.002895784642934,-0.3244390249513595,Month-to-month,DSL,Electronic check,Yes,No,No,Yes,Yes,2
1.3286586944031769,0.37850110611891075,Two year,DSL,Bank transfer (automatic),No,Yes,Yes,No,Yes,0
-0.21871512695797646,-1.477726143066649,One year,No,Mailed check,No,No internet service,No internet service,No internet service,No internet service,1
-1.0738427650786138,0.33695618111475767,Month-to-month,Fiber optic,Electronic check,Yes,No,No,No,No,2
1.6137012404433893,1.7478218342557958,Two year,Fiber optic,Credit card (automatic),Yes,Yes,Yes,Yes,Yes,0
-1.2774445836787656,-1.4960059100684764,Month-to-month,No,Mailed check,Yes,No internet service,No internet service,No internet service,No internet service,1
-0.8702409464784621,-0.6501512369839195,Month-to-month,DSL,Credit card (automatic),No,No,No,No,No,2
0.26992923768238775,-1.3148700370503688,Two year,No,Mailed check,No,No internet service,No internet service,No internet service,No internet service,1
1.0843365120829946,0.830509890164096,Month-to-month,Fiber optic,Electronic check,Yes,No,Yes,No,Yes,2
-0.2594354906780068,0.3402797751150897,One year,DSL,Bank transfer (automatic),No,Yes,Yes,Yes,No,0
-1.2367242199587352,-0.4922805219681379,Month-to-month,DSL,Mailed check,No,No,No,No,Yes,2
1.6137012404433893,0.03118553308419093,Two year,DSL,Bank transfer (automatic),No,Yes,Yes,Yes,Yes,0
1.3286586944031769,0.07605405208867606,One year,DSL,Credit card (automatic),No,No,Yes,No,Yes,0
1.6137012404433893,1.5334500212343665,Two year,Fiber optic,Credit card (automatic),No,Yes,No,Yes,Yes,0
-1.0738427650786138,0.7706851981581158,Month-to-month,Fiber optic,Bank transfer (automatic),Yes,Yes,No,No,No,2
-0.015113308357824713,-1.4943441130683104,One year,No,Credit card (automatic),No,No internet service,No internet service,No internet service,No internet service,1
0.7178532386027215,0.36354493311741554,One year,DSL,Bank transfer (automatic),No,No,No,Yes,Yes,0
1.1657772395230555,-0.08680205392760396,Two year,DSL,Mailed check,Yes,Yes,Yes,Yes,Yes,0
-0.7073594915983407,1.2127232002023045,Month-to-month,Fiber optic,Electronic check,Yes,No,No,Yes,Yes,2
1.6137012404433893,1.6747027662484868,Two year,Fiber optic,Bank transfer (automatic),No,Yes,Yes,Yes,Yes,0
-0.9516816739185228,-1.5225946620711341,Month-to-month,No,Mailed check,Yes,No internet service,No internet service,No internet service,No internet service,1
-1.2774445836787656,-1.504314895069307,Month-to-month,No,Mailed check,No,No internet service,No internet service,No internet service,No internet service,1
-0.8295205827584317,0.7241548821534641,Month-to-month,Fiber optic,Electronic check,Yes,No,No,No,No,2
0.18848851024232702,-1.2018678410390724,Month-to-month,DSL,Credit card (automatic),No,Yes,No,No,No,2
1.1657772395230555,-1.4744025490663168,One year,No,Mailed check,No,No internet service,No internet service,No internet service,No internet service,1
-0.5851984004382496,-1.4943441130683104,One year,No,Bank transfer (automatic),No,No internet service,No internet service,No internet service,No internet service,1
-0.46303730927815856,-0.6351950639824246,Month-to-month,DSL,Mailed check,No,No,No,No,No,2
1.4508197855632678,-0.2779087089467081,Two year,DSL,Mailed check,Yes,Yes,Yes,No,Yes,0
-0.8295205827584317,0.2837786771094415,Month-to-month,Fiber optic,Credit card (automatic),Yes,No,No,No,No,2
-1.2367242199587352,-1.343120586053193,Month-to-month,DSL,Electronic check,No,No,No,No,No,2
1.2064976032430856,1.2160467942026365,Month-to-month,Fiber optic,Electronic check,Yes,No,No,Yes,Yes,2
-0.13727439951791576,1.1263097561936661,Month-to-month,Fiber optic,Electronic check,No,Yes,No,Yes,No,2
-1.2774445836787656,-1.03568814102246,Month-to-month,DSL,Mailed check,No,Yes,No,No,No,2
-1.1145631287986442,0.50313588113137,Month-to-month,Fiber optic,Bank transfer (automatic),Yes,No,No,No,Yes,2
-1.2774445836787656,-1.46443176706532,Month-to-month,No,Electronic check,No,No internet service,No internet service,No internet service,No internet service,1
1.2064976032430856,1.3057838322116073,Two year,Fiber optic,Electronic check,Yes,Yes,No,Yes,Yes,0
0.14776814652229667,-1.479387940066815,Two year,No,Bank transfer (automatic),No,No internet service,No internet service,No internet service,No internet service,1
-0.1779947632379461,1.2808568772091153,Month-to-month,Fiber optic,Electronic check,Yes,Yes,No,Yes,Yes,2
1.4915401492832983,0.29707305311077065,One year,DSL,Credit card (automatic),No,Yes,Yes,Yes,No,0
-0.8702409464784621,1.044881703185526,Month-to-month,Fiber optic,Credit card (automatic),Yes,Yes,Yes,Yes,No,2
1.247217966963116,1.461992750227223,Month-to-month,Fiber optic,Electronic check,Yes,Yes,No,Yes,Yes,2
-0.38159658183809786,-1.4827115340671475,One year,No,Bank transfer (automatic),No,No internet service,No internet service,No internet service,No internet service,1
-0.9109613101984924,-1.4960059100684764,Month-to-month,No,Credit card (automatic),No,No internet service,No internet service,No internet service,No internet service,1
1.5729808767233588,-1.289943082047877,Two year,No,Credit card (automatic),Yes,No internet service,No internet service,No internet service,No internet service,1
0.5142514200025698,0.17576187209864347,Month-to-month,DSL,Electronic check,Yes,Yes,Yes,No,No,2
1.5322605130033284,-1.3530913680541898,Two year,No,Mailed check,No,No internet service,No internet service,No internet service,No internet service,1
-0.4223169455581282,0.6643301901474837,Month-to-month,Fiber optic,Electronic check,Yes,No,No,No,No,2
0.7992939660427822,-1.3863273080575123,Two year,No,Mailed check,No,No internet service,No internet service,No internet service,No internet service,1
0.9214550572028734,1.3091074262119398,One year,Fiber optic,Electronic check,Yes,Yes,No,Yes,Yes,0
1.3286586944031769,-0.15992112193491323,Two year,DSL,Credit card (automatic),No,Yes,Yes,Yes,Yes,0
1.6137012404433893,-1.502653098069141,Two year,No,Bank transfer (automatic),No,No internet service,No internet service,No internet service,No internet service,1
-0.9109613101984924,-1.5009913010689746,One year,No,Bank transfer (automatic),No,No internet service,No internet service,No internet service,No internet service,1
-1.0331224013585834,-1.4860351280674797,One year,No,Mailed check,No,No internet service,No internet service,No internet service,No internet service,1
-1.1145631287986442,0.6909189421501416,Month-to-month,Fiber optic,Electronic check,Yes,No,No,No,No,2
-0.3408762181180675,0.4599291591270504,Two year,DSL,Credit card (automatic),No,No,Yes,Yes,Yes,0
1.6137012404433893,1.7295420672539685,Two year,Fiber optic,Credit card (automatic),Yes,Yes,Yes,Yes,Yes,0
-0.46303730927815856,-0.7049905379894018,Month-to-month,DSL,Mailed check,Yes,Yes,Yes,Yes,No,0
1.4915401492832983,-0.13167057293208934,One year,DSL,Credit card (automatic),Yes,Yes,No,Yes,Yes,0
0.47353105628253944,-0.32776261895169184,Month-to-month,DSL,Bank transfer (automatic),Yes,Yes,No,No,No,2
1.1657772395230555,0.014567563082529699,One year,DSL,Electronic check,Yes,No,No,Yes,Yes,0
-0.3408762181180675,1.2692242982079527,Month-to-month,Fiber optic,Credit card (automatic),Yes,No,No,Yes,Yes,2
-1.2774445836787656,0.85876043916692,Month-to-month,Fiber optic,Electronic check,No,No,No,Yes,No,2
-1.0738427650786138,-0.46402997296531395,Month-to-month,DSL,Bank transfer (automatic),Yes,Yes,No,No,No,2
-1.1552834925186746,0.8404806721650927,Month-to-month,Fiber optic,Electronic check,Yes,No,No,No,No,2
1.6137012404433893,1.4437129832253957,Two year,Fiber optic,Electronic check,Yes,Yes,No,Yes,Yes,0
1.6137012404433893,0.9052907551715716,Two year,DSL,Bank transfer (automatic),No,Yes,Yes,Yes,Yes,0
-0.748079855318371,0.3436033691154218,Month-to-month,Fiber optic,Electronic check,Yes,No,No,No,No,2
-1.0331224013585834,-1.3198554280508674,Month-to-month,No,Bank transfer (automatic),Yes,No internet service,No internet service,No internet service,No internet service,1
0.6364125111626608,0.34526516611558833,One year,Fiber optic,Electronic check,No,No,No,No,No,0
0.9214550572028734,-1.504314895069307,One year,No,Mailed check,No,No internet service,No internet service,No internet service,No internet service,1
-1.2774445836787656,-1.5109620830699715,Month-to-month,No,Credit card (automatic),No,No internet service,No internet service,No internet service,No internet service,1
0.5142514200025698,1.5766567432386855,One year,Fiber optic,Credit card (automatic),No,Yes,Yes,Yes,Yes,0
-1.1960038562387048,0.18407085709947407,Month-to-month,Fiber optic,Mailed check,Yes,No,No,No,No,2
1.5729808767233588,-1.5009913010689746,Two year,No,Mailed check,No,No internet service,No internet service,No internet service,No internet service,1
-0.9924020376385531,-1.479387940066815,Month-to-month,No,Mailed check,No,No internet service,No internet service,No internet service,No internet service,1
-1.1960038562387048,0.36853032411791364,Month-to-month,Fiber optic,Electronic check,Yes,No,No,No,No,2
1.4915401492832983,0.5280628361338618,Two year,DSL,Bank transfer (automatic),No,Yes,Yes,Yes,No,0
-1.2774445836787656,0.12424616509349373,Month-to-month,Fiber optic,Electronic check,Yes,No,No,No,No,2
1.6137012404433893,1.6946443302504801,Two year,Fiber optic,Credit card (automatic),Yes,Yes,Yes,Yes,Yes,0
-0.8702409464784621,0.29042586511010604,Month-to-month,Fiber optic,Electronic check,Yes,No,Yes,No,No,2
1.5729808767233588,0.5264010391336954,Two year,DSL,Bank transfer (automatic),No,Yes,Yes,No,Yes,0
-1.2774445836787656,0.1724382780983114,Month-to-month,Fiber optic,Mailed check,Yes,No,No,No,No,2
0.025607055362205634,-0.1732154979362424,Two year,DSL,Bank transfer (automatic),No,Yes,Yes,Yes,Yes,0
-0.6666391278783103,-1.5192710680708021,One year,No,Mailed check,No,No internet service,No internet service,No internet service,No internet service,1
0.9621754209229036,1.0266019361836989,One year,Fiber optic,Electronic check,No,Yes,Yes,No,Yes,0
-1.2774445836787656,-1.4893587220678117,Month-to-month,No,Credit card (automatic),No,No internet service,No internet service,No internet service,No internet service,1
-1.1145631287986442,0.17576187209864347,Month-to-month,DSL,Electronic check,Yes,No,No,Yes,Yes,2
1.002895784642934,-1.5076384890696393,One year,No,Mailed check,No,No internet service,No internet service,No internet service,No internet service,1
0.9621754209229036,-0.952598291014154,One year,DSL,Credit card (automatic),Yes,No,No,No,Yes,0
-0.9924020376385531,0.9717626351782166,Month-to-month,Fiber optic,Electronic check,Yes,No,No,Yes,Yes,2
-0.4223169455581282,-0.12003799393092641,Month-to-month,DSL,Mailed check,No,No,Yes,No,Yes,2
-1.2774445836787656,-1.4960059100684764,Month-to-month,No,Mailed check,No,No internet service,No internet service,No internet service,No internet service,1
0.3106496014024181,-0.021991970921125294,Month-to-month,DSL,Credit card (automatic),Yes,Yes,Yes,Yes,No,0
0.5549717837226001,-1.4960059100684764,Two year,No,Credit card (automatic),No,No internet service,No internet service,No internet service,No internet service,1
1.247217966963116,-1.4976677070686424,Two year,No,Mailed check,No,No internet service,No internet service,No internet service,No internet service,1
1.4508197855632678,1.5101848632320405,Two year,Fiber optic,Electronic check,Yes,No,Yes,Yes,Yes,0
1.4915401492832983,1.3822264942192488,Two year,Fiber optic,Credit card (automatic),Yes,Yes,Yes,Yes,No,0
0.9621754209229036,0.8570986421667539,Month-to-month,Fiber optic,Electronic check,No,Yes,No,No,Yes,0
-0.9109613101984924,0.03783272108485552,One year,DSL,Mailed check,Yes,No,No,No,Yes,0
1.247217966963116,1.3207400052131024,One year,Fiber optic,Credit card (automatic),No,Yes,Yes,Yes,Yes,0
-0.3408762181180675,-0.40752887495966567,Two year,DSL,Mailed check,Yes,Yes,Yes,No,Yes,0
-0.5444780367182193,-0.28787949094770476,Month-to-month,DSL,Mailed check,Yes,No,No,No,Yes,2
-0.4223169455581282,0.7972739501607736,Month-to-month,Fiber optic,Electronic check,Yes,No,No,Yes,Yes,2
-0.13727439951791576,0.6543594081464871,Month-to-month,Fiber optic,Electronic check,Yes,No,Yes,No,No,2
-0.7888002190384014,0.3502505571160864,One year,DSL,Mailed check,Yes,No,No,Yes,Yes,0
1.5322605130033284,-1.288281285047711,Two year,No,Bank transfer (automatic),Yes,No internet service,No internet service,No internet service,No internet service,1
0.6771328748826912,1.1512367111961581,Month-to-month,Fiber optic,Electronic check,No,No,No,Yes,Yes,2
0.43281069256250915,1.4885815022298807,One year,Fiber optic,Mailed check,Yes,Yes,Yes,Yes,Yes,0
-1.1960038562387048,-1.5009913010689746,Month-to-month,No,Mailed check,Yes,No internet service,No internet service,No internet service,No internet service,1
0.3920903288424788,0.2787932861089434,One year,DSL,Electronic check,No,Yes,No,Yes,Yes,0
1.002895784642934,-0.33607160395252245,One year,DSL,Mailed check,Yes,Yes,No,No,No,0
-1.2367242199587352,0.05445069108651675,Month-to-month,DSL,Bank transfer (automatic),No,No,Yes,Yes,Yes,0
1.6137012404433893,1.6879971422498155,Two year,Fiber optic,Credit card (automatic),Yes,Yes,Yes,Yes,Yes,0
0.5549717837226001,1.3190782082129364,Month-to-month,Fiber optic,Electronic check,Yes,No,No,Yes,Yes,2
1.369379058123207,1.1728400721983174,Month-to-month,Fiber optic,Credit card (automatic),Yes,Yes,No,Yes,No,2
1.2064976032430856,1.2376501552047963,One year,Fiber optic,Electronic check,No,Yes,Yes,No,No,0
1.6137012404433893,0.8770402061687477,Two year,DSL,Bank transfer (automatic),Yes,Yes,Yes,Yes,Yes,0
0.10704778280226633,0.82884809316393,One year,Fiber optic,Electronic check,Yes,Yes,No,Yes,No,0
-0.62591876415828,0.8454660631655913,Month-to-month,Fiber optic,Credit card (automatic),No,No,Yes,No,Yes,2
1.6137012404433893,0.9185851311729007,Two year,DSL,Electronic check,Yes,Yes,Yes,Yes,Yes,0
-0.1779947632379461,-1.491020519067978,One year,No,Mailed check,No,No internet service,No internet service,No internet service,No internet service,1
0.9621754209229036,-1.3165318340505352,Two year,No,Credit card (automatic),Yes,No internet service,No internet service,No internet service,No internet service,1
-0.055833672077855064,0.5014740841312035,Month-to-month,Fiber optic,Credit card (automatic),Yes,Yes,No,No,No,2
0.5142514200025698,-1.5259182560714666,One year,No,Bank transfer (automatic),No,No internet service,No internet service,No internet service,No internet service,1
-1.2774445836787656,-1.2965902700485417,Month-to-month,No,Mailed check,Yes,No internet service,No internet service,No internet service,No internet service,1
-1.2367242199587352,-0.5039131009693008,Month-to-month,DSL,Mailed check,Yes,No,No,No,No,2
-1.0738427650786138,-1.4561227820644893,Month-to-month,No,Mailed check,Yes,No internet service,No internet service,No internet service,No internet service,1
0.6364125111626608,1.07313225218835,One year,Fiber optic,Electronic check,Yes,No,No,Yes,Yes,0
-0.30015585439803716,-1.3082228490497045,Month-to-month,No,Bank transfer (automatic),Yes,No internet service,No internet service,No internet service,No internet service,1
1.2879383306831464,-1.4976677070686424,Two year,No,Bank transfer (automatic),Yes,No internet service,No internet service,No internet service,No internet service,1
0.7178532386027215,-0.9891578250178088,Month-to-month,DSL,Mailed check,Yes,No,Yes,No,No,2
0.7992939660427822,1.2127232002023045,One year,Fiber optic,Bank transfer (automatic),No,No,No,Yes,Yes,0
-1.1552834925186746,0.18074726309914202,Month-to-month,Fiber optic,Electronic check,Yes,No,No,No,No,2
-0.015113308357824713,0.8703930181680831,Month-to-month,Fiber optic,Electronic check,No,No,No,Yes,No,2
0.5142514200025698,0.3020584441112687,Two year,DSL,Credit card (automatic),No,Yes,Yes,Yes,No,0
-0.9516816739185228,0.7740087921584478,Month-to-month,Fiber optic,Electronic check,Yes,No,Yes,No,No,2
1.369379058123207,1.3689321182179202,One year,Fiber optic,Credit card (automatic),Yes,Yes,No,Yes,Yes,0
-1.1960038562387048,0.9003053641710731,Month-to-month,Fiber optic,Electronic check,No,No,No,No,Yes,2
0.880734693482843,-1.4843733310673135,Two year,No,Mailed check,No,No internet service,No internet service,No internet service,No internet service,1
-1.2774445836787656,-0.8196545310008642,Month-to-month,DSL,Electronic check,No,Yes,No,Yes,No,0
1.2879383306831464,1.5135084572323727,Two year,Fiber optic,Bank transfer (automatic),No,Yes,Yes,Yes,No,0
-0.055833672077855064,0.30372024111143525,Month-to-month,Fiber optic,Electronic check,Yes,No,No,No,No,2
-0.748079855318371,0.8321716871642622,Month-to-month,Fiber optic,Mailed check,Yes,No,No,Yes,No,2
-0.8295205827584317,0.677624566148813,One year,Fiber optic,Credit card (automatic),Yes,No,Yes,Yes,No,0
1.4100994218432374,-0.12668518193159078,One year,DSL,Bank transfer (automatic),Yes,Yes,Yes,No,No,0
0.10704778280226633,0.24888094010595296,Month-to-month,DSL,Electronic check,No,Yes,Yes,Yes,Yes,0
0.5142514200025698,0.2920876621102721,Two year,DSL,Mailed check,No,Yes,Yes,No,No,0
-0.9109613101984924,-0.6235624849812617,Month-to-month,DSL,Mailed check,No,No,No,No,No,2
-0.13727439951791576,-0.20645143793956489,Month-to-month,DSL,Bank transfer (automatic),Yes,No,Yes,No,No,2
-0.3408762181180675,-1.3348116010523623,One year,No,Bank transfer (automatic),No,No internet service,No internet service,No internet service,No internet service,1
1.369379058123207,-1.4960059100684764,Two year,No,Mailed check,Yes,No internet service,No internet service,No internet service,No internet service,1
0.758573602322752,0.7175076941527995,One year,Fiber optic,Mailed check,No,No,Yes,Yes,No,0
0.5142514200025698,-1.304899255049372,Two year,No,Mailed check,No,No internet service,No internet service,No internet service,No internet service,1
0.6771328748826912,-1.5209328650709681,One year,No,Credit card (automatic),No,No internet service,No internet service,No internet service,No internet service,1
-0.13727439951791576,-1.502653098069141,Two year,No,Mailed check,Yes,No internet service,No internet service,No internet service,No internet service,1
0.3106496014024181,1.506861269231708,Month-to-month,Fiber optic,Credit card (automatic),Yes,Yes,Yes,Yes,No,2
0.18848851024232702,1.0565142821866886,Month-to-month,Fiber optic,Electronic check,Yes,No,No,Yes,No,2
-0.30015585439803716,0.1657910900976468,Month-to-month,Fiber optic,Electronic check,No,No,No,No,No,2
-0.4223169455581282,-0.47067716096597834,Month-to-month,DSL,Electronic check,Yes,No,No,Yes,Yes,2
1.6137012404433893,0.0278619390838584,Two year,DSL,Bank transfer (automatic),Yes,Yes,Yes,Yes,Yes,0
-1.0331224013585834,-0.8196545310008642,Month-to-month,DSL,Credit card (automatic),Yes,No,No,No,No,2
0.025607055362205634,0.576254949138679,Two year,DSL,Credit card (automatic),No,Yes,No,Yes,Yes,0
-0.38159658183809786,0.47654712912871167,Month-to-month,Fiber optic,Mailed check,Yes,Yes,No,No,No,2
-0.3408762181180675,1.2127232002023045,Month-to-month,Fiber optic,Electronic check,Yes,No,No,Yes,No,2
-1.2774445836787656,0.4915033021302069,Month-to-month,Fiber optic,Electronic check,No,No,No,Yes,No,2
1.4915401492832983,0.8604222361670865,Two year,DSL,Mailed check,No,Yes,Yes,Yes,Yes,0
-1.1960038562387048,-1.4694171580658184,One year,No,Credit card (automatic),Yes,No internet service,No internet service,No internet service,No internet service,1
0.9621754209229036,0.3652067301175816,One year,DSL,Bank transfer (automatic),Yes,Yes,No,Yes,No,0
1.3286586944031769,1.503537675231376,One year,Fiber optic,Credit card (automatic),Yes,Yes,Yes,Yes,Yes,0
1.5729808767233588,-1.4594463760648215,One year,No,Electronic check,No,No internet service,No internet service,No internet service,No internet service,1
-0.748079855318371,0.5180920541328647,Month-to-month,Fiber optic,Bank transfer (automatic),Yes,No,No,No,Yes,2
-1.2367242199587352,0.179085466098976,Month-to-month,Fiber optic,Electronic check,Yes,No,No,No,No,2
-0.015113308357824713,0.641065032145158,One year,Fiber optic,Electronic check,No,No,No,Yes,No,0
0.3106496014024181,0.08934842809000525,Month-to-month,DSL,Electronic check,No,No,Yes,No,Yes,2
-1.2774445836787656,-1.462769970065154,Month-to-month,No,Credit card (automatic),No,No internet service,No internet service,No internet service,No internet service,1
-1.2774445836787656,0.8089065291619363,Month-to-month,Fiber optic,Electronic check,Yes,No,No,Yes,No,2
-1.0331224013585834,0.17077648109814536,Month-to-month,Fiber optic,Mailed check,Yes,No,No,No,No,2
-0.7073594915983407,-0.45405919096431707,Month-to-month,DSL,Electronic check,Yes,No,No,No,No,2
-0.62591876415828,0.9850570111795457,Month-to-month,Fiber optic,Electronic check,No,No,Yes,Yes,Yes,0
-0.5444780367182193,0.44829658012588774,Month-to-month,Fiber optic,Electronic check,Yes,No,No,No,Yes,2
1.5729808767233588,-1.303237458049206,Two year,No,Bank transfer (automatic),No,No internet service,No internet service,No internet service,No internet service,1
0.880734693482843,-0.1582593249347472,Two year,DSL,Bank transfer (automatic),No,Yes,Yes,No,No,0
-0.055833672077855064,0.8570986421667539,Month-to-month,Fiber optic,Credit card (automatic),Yes,Yes,Yes,No,No,0
-0.8702409464784621,0.3868100911197414,Month-to-month,Fiber optic,Electronic check,No,No,Yes,No,No,2
-0.5851984004382496,0.6709773781481484,Month-to-month,Fiber optic,Electronic check,Yes,No,No,No,Yes,2
1.6137012404433893,1.506861269231708,Two year,Fiber optic,Bank transfer (automatic),Yes,Yes,Yes,Yes,No,0
1.5729808767233588,1.1595456961969886,Month-to-month,Fiber optic,Credit card (automatic),Yes,No,No,Yes,No,2
-1.1145631287986442,-0.6435040489832552,Month-to-month,DSL,Credit card (automatic),No,Yes,No,Yes,Yes,0
0.22920887396235737,0.14086413509515497,One year,DSL,Credit card (automatic),No,Yes,No,No,Yes,0
-1.1145631287986442,-0.5354872439724572,Month-to-month,DSL,Bank transfer (automatic),Yes,Yes,No,No,No,2
-1.2367242199587352,-0.6850489739874083,Month-to-month,DSL,Electronic check,Yes,No,No,No,No,2
0.7992939660427822,-0.16324471593524553,Two year,DSL,Bank transfer (automatic),No,No,Yes,No,Yes,0
-0.9924020376385531,0.3652067301175816,Month-to-month,Fiber optic,Electronic check,Yes,No,No,No,No,2
1.4508197855632678,0.5280628361338618,Two year,DSL,Electronic check,Yes,No,No,Yes,Yes,0
1.4915401492832983,-1.4694171580658184,One year,No,Credit card (automatic),Yes,No internet service,No internet service,No internet service,No internet service,1
0.3920903288424788,0.05445069108651675,Month-to-month,DSL,Credit card (automatic),Yes,Yes,Yes,No,No,2
0.7178532386027215,1.1778254631988159,Two year,Fiber optic,Mailed check,Yes,Yes,No,Yes,No,0
-1.2774445836787656,-1.517609271070636,Month-to-month,No,Mailed check,Yes,No internet service,No internet service,No internet service,No internet service,1
-1.2774445836787656,0.5164302571326987,Month-to-month,Fiber optic,Electronic check,Yes,No,Yes,No,No,2
0.025607055362205634,-0.6717545979860794,Month-to-month,DSL,Credit card (automatic),Yes,No,No,No,No,2
-1.0331224013585834,-1.4760643460664828,Month-to-month,No,Mailed check,No,No internet service,No internet service,No internet service,No internet service,1
1.2879383306831464,0.898643567170907,Month-to-month,Fiber optic,Electronic check,Yes,No,Yes,No,Yes,2
-1.2774445836787656,0.33695618111475767,Month-to-month,Fiber optic,Electronic check,Yes,No,No,No,Yes,2
1.0843365120829946,-1.481049737066981,Two year,No,Bank transfer (automatic),Yes,No internet service,No internet service,No internet service,No internet service,1
-1.0738427650786138,-0.47898614596680894,Month-to-month,DSL,Electronic check,No,No,No,No,No,2
-1.1960038562387048,-1.5275800530716328,Month-to-month,No,Mailed check,No,No internet service,No internet service,No internet service,No internet service,1
-0.7073594915983407,-1.4727407520661506,Month-to-month,No,Credit card (automatic),No,No internet service,No internet service,No internet service,No internet service,1
-0.7888002190384014,-0.00038860991896550476,One year,DSL,Electronic check,Yes,No,No,Yes,No,0
-0.38159658183809786,1.1279715531938321,Month-to-month,Fiber optic,Credit card (automatic),Yes,No,No,Yes,No,2
-0.055833672077855064,0.8205391081630994,Month-to-month,Fiber optic,Electronic check,No,No,Yes,Yes,No,2
-0.13727439951791576,-0.19980424993890028,One year,DSL,Electronic check,Yes,Yes,Yes,No,No,0
0.6771328748826912,-1.46443176706532,One year,No,Credit card (automatic),No,No internet service,No internet service,No internet service,No internet service,1
0.9621754209229036,0.6925807391503077,Month-to-month,Fiber optic,Bank transfer (automatic),Yes,No,No,Yes,No,2
1.247217966963116,0.5164302571326987,Two year,DSL,Credit card (automatic),Yes,Yes,Yes,No,Yes,0
1.247217966963116,0.4998122871310375,Two year,DSL,Credit card (automatic),No,Yes,No,Yes,Yes,0
-0.3408762181180675,0.5014740841312035,Month-to-month,Fiber optic,Electronic check,Yes,No,Yes,No,No,2
0.14776814652229667,-0.3543513709543497,One year,DSL,Credit card (automatic),No,Yes,No,No,Yes,0
-0.9516816739185228,0.534710024134526,Month-to-month,Fiber optic,Electronic check,Yes,No,No,Yes,No,2
-1.1960038562387048,-1.329826210051864,Month-to-month,DSL,Electronic check,No,No,No,No,No,2
-0.46303730927815856,0.5363718211346925,One year,DSL,Mailed check,No,Yes,Yes,Yes,Yes,0
-0.7888002190384014,-1.3381351950526947,One year,No,Bank transfer (automatic),No,No internet service,No internet service,No internet service,No internet service,1
-1.2774445836787656,-1.4827115340671475,Month-to-month,No,Bank transfer (automatic),Yes,No internet service,No internet service,No internet service,No internet service,1
-0.30015585439803716,-1.4860351280674797,One year,No,Mailed check,No,No internet service,No internet service,No internet service,No internet service,1
1.5729808767233588,-1.5009913010689746,Two year,No,Bank transfer (automatic),Yes,No internet service,No internet service,No internet service,No internet service,1
1.369379058123207,1.6464522172456624,One year,Fiber optic,Bank transfer (automatic),Yes,Yes,Yes,Yes,Yes,0
0.5142514200025698,1.1811490571991479,One year,Fiber optic,Electronic check,Yes,No,Yes,Yes,No,0
-0.4223169455581282,0.5064594751317021,Month-to-month,Fiber optic,Credit card (automatic),Yes,No,No,Yes,No,2
1.4100994218432374,-1.4594463760648215,One year,No,Bank transfer (automatic),Yes,No internet service,No internet service,No internet service,No internet service,1
1.4508197855632678,0.8371570781647607,Two year,Fiber optic,Bank transfer (automatic),Yes,No,No,Yes,Yes,0
-1.318164947398796,-1.4876969250676457,Two year,No,Mailed check,No,No internet service,No internet service,No internet service,No internet service,1
0.6771328748826912,0.8670694241677506,Month-to-month,Fiber optic,Credit card (automatic),Yes,No,No,No,Yes,2
-1.1552834925186746,-0.532163649972125,Month-to-month,DSL,Mailed check,No,No,No,No,No,2
1.247217966963116,0.5064594751317021,One year,DSL,Credit card (automatic),No,Yes,Yes,No,Yes,0
-1.2367242199587352,0.4964886931307054,Month-to-month,Fiber optic,Bank transfer (automatic),No,No,No,No,Yes,0
-0.46303730927815856,-1.4760643460664828,One year,No,Mailed check,Yes,No internet service,No internet service,No internet service,No internet service,1
0.9214550572028734,-0.23968737794288733,Two year,DSL,Bank transfer (automatic),No,Yes,Yes,No,No,0
-1.2774445836787656,-1.479387940066815,Month-to-month,No,Mailed check,Yes,No internet service,No internet service,No internet service,No internet service,1
-0.62591876415828,-1.5076384890696393,Two year,No,Mailed check,No,No internet service,No internet service,No internet service,No internet service,1
-0.0965540357978854,1.1844726511994805,Month-to-month,Fiber optic,Bank transfer (automatic),Yes,No,Yes,Yes,No,2
-0.4223169455581282,-0.22639300194155818,Month-to-month,DSL,Mailed check,Yes,Yes,Yes,No,No,2
-0.9516816739185228,-0.17487729493640844,Month-to-month,DSL,Bank transfer (automatic),Yes,Yes,No,Yes,No,2
-1.2774445836787656,-1.5142856770703037,Month-to-month,No,Mailed check,No,No internet service,No internet service,No internet service,No internet service,1
-0.46303730927815856,0.722493085153298,Month-to-month,Fiber optic,Electronic check,Yes,No,No,No,No,2
-0.5444780367182193,-0.1732154979362424,Month-to-month,DSL,Electronic check,No,Yes,No,No,Yes,2
1.4915401492832983,1.302460238211275,Month-to-month,Fiber optic,Electronic check,Yes,No,No,Yes,Yes,2
-1.2774445836787656,-1.3181936310507012,Month-to-month,DSL,Electronic check,Yes,No,No,No,No,2
1.6137012404433893,1.302460238211275,Two year,Fiber optic,Bank transfer (automatic),Yes,Yes,Yes,Yes,Yes,0
1.5322605130033284,0.13920233809498894,Two year,DSL,Credit card (automatic),No,No,Yes,Yes,Yes,0
1.369379058123207,1.2742096892084507,Month-to-month,Fiber optic,Bank transfer (automatic),Yes,Yes,Yes,No,Yes,0
-1.0331224013585834,-1.33148800705203,Month-to-month,DSL,Electronic check,Yes,No,No,No,No,2
0.5549717837226001,1.5101848632320405,Month-to-month,Fiber optic,Electronic check,Yes,Yes,Yes,Yes,No,2
0.26992923768238775,-0.5255164619714603,Month-to-month,DSL,Credit card (automatic),Yes,Yes,Yes,Yes,No,0
-0.015113308357824713,-0.07683127192660708,Month-to-month,DSL,Bank transfer (automatic),No,No,No,No,Yes,2
-0.3408762181180675,0.8238627021634315,Month-to-month,Fiber optic,Electronic check,Yes,No,No,No,Yes,2
-1.0738427650786138,0.6244470621434968,Month-to-month,Fiber optic,Credit card (automatic),Yes,No,No,No,No,2
0.18848851024232702,0.46989994112804756,Month-to-month,DSL,Credit card (automatic),Yes,Yes,Yes,Yes,Yes,0
-0.9924020376385531,-1.4760643460664828,Month-to-month,No,Mailed check,No,No internet service,No internet service,No internet service,No internet service,1
1.6137012404433893,0.2222921881032951,Two year,DSL,Bank transfer (automatic),Yes,No,Yes,Yes,Yes,0
1.5729808767233588,-0.6119299059800988,Two year,DSL,Credit card (automatic),No,Yes,Yes,No,Yes,0
-0.6666391278783103,0.9933659961803764,Month-to-month,Fiber optic,Bank transfer (automatic),Yes,No,No,Yes,No,2
1.002895784642934,-0.49394231896830415,Month-to-month,DSL,Bank transfer (automatic),Yes,Yes,Yes,No,Yes,2
1.369379058123207,-1.3065610520495383,One year,No,Bank transfer (automatic),No,No internet service,No internet service,No internet service,No internet service,1
-0.62591876415828,0.8105683261621028,Month-to-month,Fiber optic,Electronic check,Yes,No,No,Yes,Yes,2
-0.46303730927815856,-1.462769970065154,Month-to-month,No,Mailed check,No,No internet service,No internet service,No internet service,No internet service,1
1.369379058123207,0.04447990908551963,Two year,DSL,Credit card (automatic),Yes,No,Yes,No,Yes,0
-0.62591876415828,0.35357415111641893,Month-to-month,DSL,Bank transfer (automatic),Yes,No,No,Yes,No,0
-1.2774445836787656,0.18905624809997262,Month-to-month,Fiber optic,Mailed check,Yes,No,No,No,No,2
1.0436161483629645,-0.14828854293375057,One year,DSL,Credit card (automatic),No,No,Yes,No,Yes,0
-0.9924020376385531,-1.4527991880641573,Month-to-month,No,Credit card (automatic),No,No internet service,No internet service,No internet service,No internet service,1
-0.21871512695797646,0.15249671409631763,One year,DSL,Credit card (automatic),No,Yes,Yes,Yes,Yes,0
0.06632741908223598,0.8005975441611056,Month-to-month,Fiber optic,Mailed check,No,No,No,No,No,2
-0.0965540357978854,1.071470455188184,One year,Fiber optic,Bank transfer (automatic),Yes,No,No,Yes,No,0
0.025607055362205634,0.05445069108651675,Month-to-month,DSL,Credit card (automatic),Yes,No,No,Yes,Yes,2
-1.2774445836787656,-1.329826210051864,Month-to-month,DSL,Electronic check,No,No,No,No,No,2
-0.748079855318371,0.14751132309581955,Month-to-month,DSL,Mailed check,No,No,Yes,No,No,2
-0.6666391278783103,0.4898415051300408,One year,Fiber optic,Credit card (automatic),Yes,Yes,No,No,No,2
0.6771328748826912,1.1927816362003112,Two year,Fiber optic,Credit card (automatic),No,Yes,No,Yes,Yes,0
-0.5444780367182193,1.2808568772091153,Month-to-month,Fiber optic,Electronic check,No,Yes,No,Yes,Yes,2
1.5322605130033284,0.4964886931307054,Two year,DSL,Bank transfer (automatic),No,Yes,Yes,Yes,Yes,0
-0.015113308357824713,-0.11172900893009581,Month-to-month,DSL,Bank transfer (automatic),No,Yes,Yes,No,No,2
-0.5851984004382496,0.16745288709781284,Month-to-month,Fiber optic,Electronic check,Yes,No,No,No,No,2
0.18848851024232702,-0.8046983579993692,Two year,DSL,Mailed check,Yes,Yes,Yes,No,No,0
-1.1552834925186746,0.36188313611724954,Month-to-month,Fiber optic,Electronic check,Yes,No,No,No,No,2
-0.6666391278783103,0.8620840331672525,Month-to-month,Fiber optic,Electronic check,No,No,Yes,No,Yes,0
-0.62591876415828,0.5230774451333633,Month-to-month,Fiber optic,Bank transfer (automatic),Yes,No,No,No,No,2
-0.5444780367182193,-0.1383177609327537,Month-to-month,DSL,Electronic check,Yes,No,Yes,No,Yes,2
1.125056875803025,1.2093996062019723,Two year,Fiber optic,Credit card (automatic),No,No,No,Yes,Yes,0
0.758573602322752,-1.3231790220511994,Two year,No,Mailed check,Yes,No internet service,No internet service,No internet service,No internet service,1
-0.1779947632379461,-1.477726143066649,Two year,No,Credit card (automatic),Yes,No internet service,No internet service,No internet service,No internet service,1
0.43281069256250915,-0.1582593249347472,Two year,DSL,Electronic check,Yes,No,No,No,No,0
0.3920903288424788,-1.479387940066815,Two year,No,Electronic check,No,No internet service,No internet service,No internet service,No internet service,1
-1.1960038562387048,0.45660556512671835,Month-to-month,Fiber optic,Electronic check,Yes,No,No,Yes,No,2
-1.2774445836787656,-0.6651074099854147,Month-to-month,DSL,Mailed check,No,No,No,No,No,2
-1.1960038562387048,-1.4926823160681442,Month-to-month,No,Mailed check,No,No internet service,No internet service,No internet service,No internet service,1
1.247217966963116,1.1047063951915064,Two year,Fiber optic,Credit card (automatic),No,No,Yes,Yes,Yes,0
-1.1960038562387048,0.50313588113137,Month-to-month,Fiber optic,Electronic check,Yes,No,No,Yes,No,2
1.4508197855632678,1.4270950132237343,Month-to-month,Fiber optic,Electronic check,Yes,Yes,Yes,Yes,No,2
-0.0965540357978854,1.1612074931971548,Month-to-month,Fiber optic,Electronic check,Yes,No,No,Yes,No,2
1.125056875803025,1.327387193213767,Two year,Fiber optic,Electronic check,No,No,No,Yes,Yes,0
-0.7073594915983407,-0.2047896409393986,Month-to-month,DSL,Credit card (automatic),Yes,Yes,No,No,No,2
0.5142514200025698,0.9684390411778845,Month-to-month,Fiber optic,Bank transfer (automatic),Yes,No,No,Yes,No,2
1.5322605130033284,0.720831288153132,Two year,DSL,Credit card (automatic),No,Yes,Yes,Yes,Yes,0
-0.9109613101984924,1.1213243651931677,Month-to-month,Fiber optic,Electronic check,Yes,No,No,Yes,Yes,2
-1.1552834925186746,-1.5076384890696393,Month-to-month,No,Mailed check,No,No internet service,No internet service,No internet service,No internet service,1
-1.2774445836787656,-0.4756625519664766,Month-to-month,DSL,Mailed check,Yes,No,No,No,Yes,2
1.4508197855632678,-1.3231790220511994,Two year,No,Credit card (automatic),Yes,No internet service,No internet service,No internet service,No internet service,1
-0.4223169455581282,0.3402797751150897,Month-to-month,Fiber optic,Bank transfer (automatic),No,No,Yes,No,No,2
0.22920887396235737,0.9933659961803764,Month-to-month,Fiber optic,Electronic check,Yes,No,No,Yes,Yes,2
-1.2774445836787656,1.1794872601989819,Month-to-month,Fiber optic,Credit card (automatic),Yes,No,No,Yes,No,2
-0.5851984004382496,0.44663478312572175,Month-to-month,Fiber optic,Electronic check,No,Yes,No,No,Yes,0
-0.13727439951791576,0.9784098231788811,Month-to-month,Fiber optic,Electronic check,Yes,Yes,No,Yes,No,2
-0.6666391278783103,0.787303168159777,Month-to-month,Fiber optic,Electronic check,Yes,No,No,No,Yes,2
-1.2774445836787656,0.16911468409797886,Month-to-month,Fiber optic,Electronic check,Yes,No,No,No,No,2
-0.8295205827584317,0.5629605731373504,Month-to-month,Fiber optic,Bank transfer (automatic),No,No,Yes,No,Yes,0
-0.055833672077855064,-0.4889569279678058,One year,DSL,Electronic check,Yes,No,No,Yes,Yes,0
-1.1552834925186746,0.50313588113137,Month-to-month,Fiber optic,Electronic check,Yes,No,No,No,No,2
0.6364125111626608,0.15914390209698223,One year,DSL,Mailed check,Yes,Yes,No,No,Yes,0
-0.7073594915983407,-1.3082228490497045,Month-to-month,No,Credit card (automatic),Yes,No internet service,No internet service,No internet service,No internet service,1
0.7178532386027215,0.8421424691652587,One year,Fiber optic,Credit card (automatic),Yes,Yes,Yes,No,Yes,0
-1.0331224013585834,-0.6684310039857471,Month-to-month,DSL,Bank transfer (automatic),Yes,No,No,No,No,2
0.35136996512244845,0.6310942501441613,Month-to-month,Fiber optic,Bank transfer (automatic),Yes,No,Yes,No,Yes,2
1.4508197855632678,0.5180920541328647,Two year,Fiber optic,Credit card (automatic),No,No,Yes,No,Yes,0
-0.2594354906780068,1.1080299891918384,Month-to-month,Fiber optic,Bank transfer (automatic),Yes,No,No,Yes,Yes,2
1.002895784642934,-0.3792783259568415,Two year,DSL,Credit card (automatic),No,Yes,No,Yes,Yes,0
-1.1960038562387048,-1.502653098069141,Month-to-month,No,Electronic check,No,No internet service,No internet service,No internet service,No internet service,1
-1.2774445836787656,-1.4577845790646555,Month-to-month,No,Mailed check,No,No internet service,No internet service,No internet service,No internet service,1
-0.5444780367182193,-0.5255164619714603,One year,DSL,Bank transfer (automatic),Yes,No,Yes,No,No,0
-1.1960038562387048,-0.3510277769540174,Month-to-month,DSL,Electronic check,Yes,No,No,Yes,No,2
1.0843365120829946,-1.3397969920528607,Two year,No,Electronic check,No,No internet service,No internet service,No internet service,No internet service,1
-1.2774445836787656,0.15415851109648415,Month-to-month,Fiber optic,Mailed check,Yes,No,No,No,No,2
0.3920903288424788,-0.8179927340006982,Month-to-month,DSL,Bank transfer (automatic),Yes,No,Yes,Yes,No,0
-1.0331224013585834,0.33695618111475767,Month-to-month,Fiber optic,Electronic check,Yes,No,No,No,No,2
1.4100994218432374,-1.3015756610490399,Two year,No,Credit card (automatic),No,No internet service,No internet service,No internet service,No internet service,1
-1.2774445836787656,0.1857326540996401,Month-to-month,Fiber optic,Electronic check,Yes,No,No,No,No,2
1.369379058123207,0.895319973170575,Two year,DSL,Bank transfer (automatic),No,Yes,Yes,Yes,Yes,0
1.1657772395230555,0.8122301231622688,Month-to-month,Fiber optic,Mailed check,No,No,No,No,Yes,0
-1.1552834925186746,-1.3514295710540236,One year,No,Credit card (automatic),No,No internet service,No internet service,No internet service,No internet service,1
0.3920903288424788,0.31202922611226586,Month-to-month,Fiber optic,Credit card (automatic),Yes,No,Yes,No,No,2
1.2879383306831464,-0.3626603559551803,One year,DSL,Bank transfer (automatic),Yes,No,No,No,No,0
0.880734693482843,1.6896589392499817,One year,Fiber optic,Bank transfer (automatic),Yes,Yes,Yes,Yes,Yes,0
-1.2774445836787656,-1.4960059100684764,Month-to-month,No,Credit card (automatic),Yes,No internet service,No internet service,No internet service,No internet service,1
0.880734693482843,-1.3530913680541898,Two year,No,Bank transfer (automatic),Yes,No internet service,No internet service,No internet service,No internet service,1
-0.5851984004382496,-1.3115464430500368,Two year,No,Credit card (automatic),No,No internet service,No internet service,No internet service,No internet service,1
-1.1960038562387048,0.6493740171459885,Month-to-month,Fiber optic,Electronic check,No,No,No,No,No,2
-1.2774445836787656,0.1774236690988095,Month-to-month,Fiber optic,Electronic check,Yes,No,No,No,No,2
1.6137012404433893,0.830509890164096,Two year,DSL,Credit card (automatic),No,Yes,Yes,Yes,Yes,0
1.125056875803025,1.1030445981913404,One year,Fiber optic,Electronic check,Yes,No,No,Yes,Yes,0
-0.8702409464784621,-1.4876969250676457,One year,No,Mailed check,Yes,No internet service,No internet service,No internet service,No internet service,1
-0.8295205827584317,0.4499583771260538,Month-to-month,Fiber optic,Electronic check,Yes,No,Yes,No,No,2
1.1657772395230555,1.300798441211109,One year,Fiber optic,Credit card (automatic),No,Yes,No,Yes,Yes,0
0.26992923768238775,-1.46443176706532,Two year,No,Credit card (automatic),No,No internet service,No internet service,No internet service,No internet service,1
0.9214550572028734,1.0648232671875193,Month-to-month,Fiber optic,Electronic check,Yes,No,No,Yes,No,2
-0.62591876415828,0.9850570111795457,Month-to-month,Fiber optic,Electronic check,Yes,No,Yes,Yes,No,2
0.18848851024232702,-1.4827115340671475,One year,No,Credit card (automatic),No,No internet service,No internet service,No internet service,No internet service,1
1.6137012404433893,-1.288281285047711,Two year,No,Mailed check,Yes,No internet service,No internet service,No internet service,No internet service,1
1.6137012404433893,0.4183842341228973,Two year,DSL,Credit card (automatic),No,Yes,No,Yes,Yes,0
-0.9924020376385531,0.042818112085353605,Month-to-month,DSL,Bank transfer (automatic),No,Yes,Yes,No,No,2
-0.4223169455581282,-1.491020519067978,Month-to-month,No,Mailed check,No,No internet service,No internet service,No internet service,No internet service,1
-1.2774445836787656,0.6493740171459885,Month-to-month,Fiber optic,Electronic check,No,No,No,Yes,No,2
0.22920887396235737,0.11261358609233106,Month-to-month,DSL,Credit card (automatic),No,Yes,No,No,No,2
-0.62591876415828,0.534710024134526,One year,DSL,Electronic check,No,Yes,No,Yes,Yes,0
1.5322605130033284,0.356897745116751,Two year,DSL,Bank transfer (automatic),Yes,Yes,No,Yes,Yes,0
1.6137012404433893,0.9202469281730669,Two year,DSL,Credit card (automatic),No,Yes,Yes,Yes,Yes,0
-0.1779947632379461,0.5264010391336954,Month-to-month,Fiber optic,Electronic check,Yes,No,No,No,No,2
-0.7073594915983407,0.612814483142334,Month-to-month,Fiber optic,Bank transfer (automatic),Yes,No,No,Yes,No,2
1.6137012404433893,0.7573908221567865,Two year,DSL,Bank transfer (automatic),Yes,Yes,Yes,Yes,Yes,0
-0.8702409464784621,1.156222102196656,Month-to-month,Fiber optic,Electronic check,Yes,No,No,Yes,Yes,2
-0.9924020376385531,0.5480044001358552,Month-to-month,Fiber optic,Electronic check,Yes,No,No,No,Yes,2
1.002895784642934,1.4835961112293827,One year,Fiber optic,Bank transfer (automatic),Yes,Yes,No,Yes,Yes,0
-1.2774445836787656,-1.4893587220678117,Month-to-month,No,Bank transfer (automatic),No,No internet service,No internet service,No internet service,No internet service,1
0.5549717837226001,-0.6385186579827569,Month-to-month,DSL,Electronic check,No,No,Yes,Yes,No,0
-0.0965540357978854,-1.46443176706532,One year,No,Credit card (automatic),No,No internet service,No internet service,No internet service,No internet service,1
-0.9109613101984924,0.3502505571160864,Month-to-month,Fiber optic,Electronic check,No,No,Yes,No,No,2
-0.38159658183809786,1.1462513201956595,Month-to-month,Fiber optic,Electronic check,Yes,No,Yes,Yes,Yes,0
-0.015113308357824713,0.9518210711762233,Month-to-month,Fiber optic,Credit card (automatic),Yes,No,Yes,No,Yes,2
-0.7888002190384014,0.29873485011093664,Month-to-month,Fiber optic,Credit card (automatic),Yes,No,Yes,No,No,2
0.26992923768238775,0.5214156481331973,Two year,Fiber optic,Electronic check,Yes,Yes,No,No,Yes,2
0.47353105628253944,0.7773323861587803,Month-to-month,Fiber optic,Credit card (automatic),Yes,No,No,Yes,Yes,2
-0.9516816739185228,-0.5172074769706297,Month-to-month,DSL,Mailed check,No,Yes,No,No,No,2
1.4100994218432374,-1.4993295040688086,Two year,No,Mailed check,No,No internet service,No internet service,No internet service,No internet service,1
-0.9516816739185228,0.48485611412954227,Month-to-month,Fiber optic,Bank transfer (automatic),Yes,No,No,No,Yes,2
-0.7073594915983407,0.4981504901308714,Month-to-month,Fiber optic,Electronic check,Yes,No,No,No,No,2
1.5729808767233588,1.3423433662152622,Two year,Fiber optic,Bank transfer (automatic),Yes,No,No,Yes,Yes,0
-1.2774445836787656,-0.5238546649712943,Month-to-month,DSL,Credit card (automatic),No,Yes,No,No,No,2
-0.0965540357978854,1.1728400721983174,Month-to-month,Fiber optic,Electronic check,Yes,No,No,Yes,Yes,2
-1.2774445836787656,0.15249671409631763,Month-to-month,Fiber optic,Electronic check,Yes,No,No,No,No,2
-0.62591876415828,-0.4972659129686364,Month-to-month,DSL,Mailed check,Yes,No,No,Yes,No,2
-1.1960038562387048,0.6992279271509723,Month-to-month,Fiber optic,Electronic check,No,Yes,No,No,No,2
1.4100994218432374,0.4964886931307054,Two year,DSL,Electronic check,Yes,No,Yes,Yes,Yes,0
-1.2774445836787656,-1.4561227820644893,Month-to-month,No,Bank transfer (automatic),No,No internet service,No internet service,No internet service,No internet service,1
-1.2774445836787656,-0.47233895796614456,Month-to-month,DSL,Mailed check,No,No,No,No,No,2
-0.015113308357824713,0.4831943171293762,Month-to-month,Fiber optic,Mailed check,No,No,No,No,Yes,0
0.35136996512244845,-1.504314895069307,One year,No,Bank transfer (automatic),No,No internet service,No internet service,No internet service,No internet service,1
-1.2774445836787656,0.5247392421335293,Month-to-month,Fiber optic,Electronic check,Yes,No,No,Yes,No,2
-1.2774445836787656,-0.6850489739874083,Month-to-month,DSL,Bank transfer (automatic),No,No,No,No,No,2
-0.8295205827584317,0.6560212051466532,Month-to-month,Fiber optic,Electronic check,Yes,No,No,No,Yes,2
1.2064976032430856,1.3539759452164248,Month-to-month,Fiber optic,Electronic check,Yes,No,Yes,Yes,No,2
-0.4223169455581282,0.6493740171459885,Month-to-month,Fiber optic,Mailed check,Yes,No,No,No,No,2
-0.62591876415828,0.9285559131738974,Month-to-month,Fiber optic,Credit card (automatic),Yes,Yes,No,No,Yes,2
1.6137012404433893,-1.2799723000468803,Two year,No,Bank transfer (automatic),Yes,No internet service,No internet service,No internet service,No internet service,1
0.9621754209229036,1.069808658188018,Month-to-month,Fiber optic,Credit card (automatic),Yes,Yes,No,Yes,No,2
-0.9516816739185228,-1.4727407520661506,Month-to-month,No,Credit card (automatic),Yes,No internet service,No internet service,No internet service,No internet service,1
1.6137012404433893,1.6963061272506461,Two year,Fiber optic,Bank transfer (automatic),Yes,Yes,Yes,Yes,Yes,0
-0.5037576729981889,1.4437129832253957,Month-to-month,Fiber optic,Bank transfer (automatic),Yes,Yes,Yes,Yes,Yes,0
-0.5444780367182193,-1.481049737066981,Two year,No,Mailed check,No,No internet service,No internet service,No internet service,No internet service,1
-1.2367242199587352,0.09931921009100189,Month-to-month,Fiber optic,Electronic check,Yes,No,No,No,No,2
0.8400143297628127,-0.32776261895169184,One year,DSL,Credit card (automatic),No,Yes,No,Yes,Yes,0
-0.21871512695797646,0.6809481601491449,Month-to-month,Fiber optic,Electronic check,Yes,No,No,No,No,2
-1.0738427650786138,-1.4827115340671475,Month-to-month,No,Bank transfer (automatic),No,No internet service,No internet service,No internet service,No internet service,1
-0.9516816739185228,0.8504514541660894,One year,Fiber optic,Electronic check,Yes,No,No,Yes,Yes,0
-0.9924020376385531,-0.2995120699488677,Month-to-month,DSL,Electronic check,No,No,No,No,No,2
1.5729808767233588,1.656422999246659,Two year,Fiber optic,Bank transfer (automatic),No,Yes,Yes,Yes,Yes,0
-0.9109613101984924,0.5081212721318681,Month-to-month,Fiber optic,Bank transfer (automatic),Yes,No,No,No,No,2
-1.2774445836787656,-1.4876969250676457,Month-to-month,No,Mailed check,No,No internet service,No internet service,No internet service,No internet service,1
1.5729808767233588,0.06774506708784545,One year,DSL,Bank transfer (automatic),No,Yes,Yes,Yes,Yes,0
1.4508197855632678,1.1811490571991479,One year,Fiber optic,Electronic check,Yes,Yes,No,Yes,No,0
0.06632741908223598,1.3489905542159264,Month-to-month,Fiber optic,Electronic check,Yes,Yes,No,Yes,No,2
-0.2594354906780068,0.6792863631489789,One year,Fiber optic,Electronic check,Yes,Yes,No,No,Yes,2
-0.4223169455581282,-0.5305018529719588,Month-to-month,DSL,Credit card (automatic),Yes,No,Yes,No,No,2
-1.0331224013585834,-1.5225946620711341,Month-to-month,No,Mailed check,Yes,No internet service,No internet service,No internet service,No internet service,1
-0.5037576729981889,0.16745288709781284,Month-to-month,Fiber optic,Bank transfer (automatic),Yes,No,No,No,No,2
1.125056875803025,1.3755793062185846,Month-to-month,Fiber optic,Electronic check,Yes,No,No,Yes,Yes,2
1.6137012404433893,-1.4694171580658184,Two year,No,Electronic check,No,No internet service,No internet service,No internet service,No internet service,1
1.6137012404433893,1.3622849302172555,One year,Fiber optic,Credit card (automatic),Yes,No,No,Yes,Yes,0
-1.1552834925186746,-1.3132082400502028,Month-to-month,No,Mailed check,No,No internet service,No internet service,No internet service,No internet service,1
-0.6666391278783103,-1.4960059100684764,Month-to-month,No,Electronic check,No,No internet service,No internet service,No internet service,No internet service,1
1.2064976032430856,1.332372584214265,One year,Fiber optic,Electronic check,Yes,No,Yes,Yes,Yes,0
-0.9109613101984924,-0.12668518193159078,Month-to-month,DSL,Mailed check,Yes,Yes,No,No,No,2
-0.055833672077855064,0.544680806135523,Month-to-month,Fiber optic,Electronic check,Yes,No,No,No,No,2
1.5729808767233588,-1.517609271070636,Two year,No,Credit card (automatic),No,No internet service,No internet service,No internet service,No internet service,1
1.0436161483629645,-1.461108173064988,Two year,No,Mailed check,No,No internet service,No internet service,No internet service,No internet service,1
1.5322605130033284,0.8438042661654253,Two year,DSL,Credit card (automatic),Yes,Yes,Yes,Yes,Yes,0
1.5729808767233588,0.8421424691652587,Two year,DSL,Electronic check,No,Yes,Yes,Yes,Yes,0
1.4915401492832983,0.31036742911209936,Two year,DSL,Credit card (automatic),No,Yes,Yes,No,Yes,0
-1.2774445836787656,0.6743009721484804,Month-to-month,Fiber optic,Electronic check,Yes,No,No,No,No,2
1.6137012404433893,1.7943521502604476,Two year,Fiber optic,Bank transfer (automatic),Yes,Yes,Yes,Yes,Yes,0
-0.2594354906780068,0.7025515211513048,Month-to-month,Fiber optic,Credit card (automatic),No,Yes,No,No,No,2
0.025607055362205634,1.0049985751815391,Month-to-month,Fiber optic,Credit card (automatic),Yes,Yes,No,No,Yes,2
-0.9109613101984924,-1.4827115340671475,Two year,No,Mailed check,No,No internet service,No internet service,No internet service,No internet service,1
1.002895784642934,1.2143849972024705,Two year,Fiber optic,Credit card (automatic),No,Yes,Yes,No,Yes,0
-0.9109613101984924,-1.4478137970636586,Month-to-month,No,Electronic check,Yes,No internet service,No internet service,No internet service,No internet service,1
0.26992923768238775,-1.3481059770536914,One year,No,Mailed check,Yes,No internet service,No internet service,No internet service,No internet service,1
-0.8702409464784621,-1.477726143066649,Month-to-month,No,Bank transfer (automatic),No,No internet service,No internet service,No internet service,No internet service,1
-0.46303730927815856,1.2642389072074542,Month-to-month,Fiber optic,Electronic check,Yes,Yes,No,Yes,Yes,2
1.4508197855632678,0.682609957149311,Two year,DSL,Bank transfer (automatic),No,Yes,No,Yes,Yes,0
-0.5851984004382496,0.8255244991635975,One year,Fiber optic,Credit card (automatic),Yes,No,No,Yes,Yes,0
-1.0738427650786138,1.1695164781979852,Month-to-month,Fiber optic,Mailed check,Yes,Yes,No,Yes,Yes,2
-0.5851984004382496,-0.28289409994720643,Month-to-month,DSL,Mailed check,No,No,Yes,No,No,2
0.7992939660427822,-0.4590445819648154,One year,DSL,Bank transfer (automatic),Yes,No,No,No,Yes,0
0.9621754209229036,1.697967924250812,Two year,Fiber optic,Mailed check,No,Yes,Yes,Yes,Yes,0
0.5142514200025698,1.2924894562102784,Month-to-month,Fiber optic,Bank transfer (automatic),Yes,Yes,No,Yes,Yes,2
1.4100994218432374,-1.2849576910473786,Two year,No,Mailed check,Yes,No internet service,No internet service,No internet service,No internet service,1
-1.1960038562387048,-0.9858342310174765,Month-to-month,DSL,Mailed check,No,Yes,Yes,No,No,2
1.3286586944031769,1.141265929195161,Month-to-month,Fiber optic,Bank transfer (automatic),Yes,No,No,Yes,Yes,2
1.247217966963116,0.08270124008934066,Two year,DSL,Mailed check,No,Yes,No,No,No,0
-0.8702409464784621,-1.3215172250510334,Two year,No,Mailed check,No,No internet service,No internet service,No internet service,No internet service,1
-1.2774445836787656,-0.1732154979362424,Month-to-month,DSL,Mailed check,Yes,Yes,No,No,No,2
0.9214550572028734,0.43334040712439253,Two year,DSL,Bank transfer (automatic),Yes,No,No,Yes,Yes,0
-0.30015585439803716,-0.32111543095102724,One year,DSL,Mailed check,Yes,Yes,No,No,No,0
1.6137012404433893,1.7627780072572912,One year,Fiber optic,Bank transfer (automatic),Yes,Yes,Yes,Yes,Yes,0
1.6137012404433893,-1.3497677740538576,Two year,No,Credit card (automatic),Yes,No internet service,No internet service,No internet service,No internet service,1
1.3286586944031769,-0.6484894399837535,Two year,DSL,Mailed check,No,Yes,No,Yes,No,0
0.880734693482843,0.4898415051300408,Month-to-month,Fiber optic,Electronic check,Yes,No,No,No,No,2
-1.0331224013585834,-1.479387940066815,Month-to-month,No,Mailed check,No,No internet service,No internet service,No internet service,No internet service,1
1.6137012404433893,-0.00038860991896550476,Two year,DSL,Bank transfer (automatic),No,Yes,Yes,No,No,0
-0.46303730927815856,-0.33773340095268845,Month-to-month,DSL,Bank transfer (automatic),No,No,No,Yes,No,2
-1.2367242199587352,-1.46443176706532,Month-to-month,No,Bank transfer (automatic),Yes,No internet service,No internet service,No internet service,No internet service,1
-1.1552834925186746,0.9966895901807084,Month-to-month,Fiber optic,Electronic check,Yes,No,No,Yes,Yes,2
-1.1960038562387048,0.4948268961305394,Month-to-month,Fiber optic,Bank transfer (automatic),Yes,Yes,No,No,No,2
1.6137012404433893,1.6963061272506461,Two year,Fiber optic,Credit card (automatic),No,Yes,Yes,Yes,Yes,0
-1.0738427650786138,-0.5088984919697991,Month-to-month,DSL,Electronic check,Yes,No,Yes,No,No,2
0.7992939660427822,0.6327560471443273,Month-to-month,Fiber optic,Credit card (automatic),Yes,No,No,No,Yes,2
1.4915401492832983,1.0166311541827018,Month-to-month,Fiber optic,Bank transfer (automatic),Yes,No,No,No,Yes,2
-0.9924020376385531,0.9950277931805424,Month-to-month,Fiber optic,Electronic check,Yes,No,No,Yes,Yes,2
-0.9924020376385531,0.3087056321119333,Month-to-month,Fiber optic,Bank transfer (automatic),Yes,No,No,No,Yes,2
1.247217966963116,0.8255244991635975,Month-to-month,Fiber optic,Bank transfer (automatic),Yes,No,No,No,Yes,2
1.125056875803025,1.722894879253304,One year,Fiber optic,Credit card (automatic),Yes,Yes,Yes,Yes,Yes,0
-0.8295205827584317,-0.3510277769540174,Month-to-month,DSL,Bank transfer (automatic),No,Yes,Yes,No,No,2
-0.7888002190384014,-1.5109620830699715,Month-to-month,No,Mailed check,Yes,No internet service,No internet service,No internet service,No internet service,1
-0.4223169455581282,0.00958217208203114,Month-to-month,DSL,Mailed check,No,No,Yes,No,Yes,2
-1.1145631287986442,0.9219087251732329,Month-to-month,Fiber optic,Electronic check,Yes,No,No,Yes,Yes,2
-1.2774445836787656,-1.505976692069473,Month-to-month,No,Mailed check,No,No internet service,No internet service,No internet service,No internet service,1
1.6137012404433893,-1.3530913680541898,Two year,No,Bank transfer (automatic),Yes,No internet service,No internet service,No internet service,No internet service,1
-1.2367242199587352,-1.5292418500717988,Month-to-month,No,Bank transfer (automatic),No,No internet service,No internet service,No internet service,No internet service,1
0.3106496014024181,-1.4827115340671475,Two year,No,Bank transfer (automatic),No,No internet service,No internet service,No internet service,No internet service,1
0.47353105628253944,-1.4876969250676457,One year,No,Bank transfer (automatic),No,No internet service,No internet service,No internet service,No internet service,1
1.5729808767233588,0.2073360151017999,One year,DSL,Bank transfer (automatic),Yes,Yes,Yes,Yes,No,0
-1.2367242199587352,0.358559542116917,Month-to-month,Fiber optic,Electronic check,Yes,No,No,No,No,2
-0.2594354906780068,0.9584682591768874,Month-to-month,Fiber optic,Electronic check,Yes,No,No,Yes,No,2
-1.2774445836787656,0.17410007509847744,Month-to-month,Fiber optic,Electronic check,Yes,No,No,No,No,2
-1.2774445836787656,-1.341458789053027,Month-to-month,DSL,Mailed check,No,No,No,No,No,2
1.3286586944031769,0.33363258711442517,Two year,DSL,Bank transfer (automatic),Yes,Yes,Yes,Yes,No,0
-1.1960038562387048,0.016229360082695727,Month-to-month,DSL,Mailed check,Yes,Yes,No,Yes,No,2
-0.7888002190384014,-0.47233895796614456,Month-to-month,DSL,Mailed check,Yes,Yes,No,No,No,2
0.025607055362205634,1.3174164112127704,Month-to-month,Fiber optic,Electronic check,Yes,No,No,Yes,Yes,2
-1.2774445836787656,0.19736523310080326,Month-to-month,Fiber optic,Mailed check,Yes,No,No,No,No,2
-1.1552834925186746,-0.6484894399837535,Month-to-month,DSL,Mailed check,No,No,No,No,No,2
-1.2367242199587352,0.18407085709947407,Month-to-month,Fiber optic,Electronic check,Yes,No,No,No,No,2
1.6137012404433893,1.4686399382278874,Two year,Fiber optic,Credit card (automatic),Yes,Yes,Yes,Yes,No,0
0.18848851024232702,-1.2733251120462157,Month-to-month,No,Mailed check,No,No internet service,No internet service,No internet service,No internet service,1
-0.7073594915983407,0.7125223031523015,Month-to-month,Fiber optic,Electronic check,No,No,Yes,Yes,No,2
-0.38159658183809786,-1.4993295040688086,One year,No,Credit card (automatic),Yes,No internet service,No internet service,No internet service,No internet service,1
-0.0965540357978854,-0.4507355969639848,Month-to-month,DSL,Credit card (automatic),No,Yes,No,Yes,No,0
0.3920903288424788,-1.5192710680708021,One year,No,Electronic check,Yes,No internet service,No internet service,No internet service,No internet service,1
-0.015113308357824713,0.3319707901142591,One year,DSL,Mailed check,No,No,Yes,Yes,No,0
-0.4223169455581282,0.36686852711774764,Month-to-month,Fiber optic,Bank transfer (automatic),Yes,No,No,No,No,2
0.3920903288424788,-1.3181936310507012,Month-to-month,DSL,Credit card (automatic),Yes,No,No,No,No,2
-0.9924020376385531,-0.6750781919864114,Month-to-month,DSL,Mailed check,No,No,No,No,No,2
1.3286586944031769,1.3140928172124378,Two year,Fiber optic,Credit card (automatic),Yes,No,Yes,Yes,Yes,0
-1.2367242199587352,-1.504314895069307,Month-to-month,No,Mailed check,No,No internet service,No internet service,No internet service,No internet service,1
1.5322605130033284,0.8055829351616043,Two year,DSL,Bank transfer (automatic),Yes,Yes,Yes,Yes,Yes,0
-0.4223169455581282,-1.4827115340671475,Month-to-month,No,Credit card (automatic),No,No internet service,No internet service,No internet service,No internet service,1
-1.1552834925186746,0.33695618111475767,Month-to-month,Fiber optic,Electronic check,Yes,No,No,No,No,2
-1.2367242199587352,0.33695618111475767,Month-to-month,Fiber optic,Credit card (automatic),No,No,No,No,No,2
1.4100994218432374,-0.950936494013988,Two year,DSL,Bank transfer (automatic),No,No,Yes,No,No,0
-0.30015585439803716,-1.5142856770703037,Month-to-month,No,Credit card (automatic),Yes,No internet service,No internet service,No internet service,No internet service,1
-0.5037576729981889,-1.5126238800701375,Month-to-month,No,Bank transfer (automatic),No,No internet service,No internet service,No internet service,No internet service,1
-1.2367242199587352,-0.11837619693076015,Month-to-month,DSL,Credit card (automatic),Yes,No,Yes,No,No,2
0.758573602322752,-1.4727407520661506,Two year,No,Mailed check,No,No internet service,No internet service,No internet service,No internet service,1
0.5549717837226001,-0.9874960280176428,Month-to-month,DSL,Bank transfer (automatic),No,No,Yes,No,No,2
-0.30015585439803716,1.1794872601989819,Month-to-month,Fiber optic,Electronic check,Yes,No,No,Yes,No,2
-0.7888002190384014,-0.6900343649879066,Month-to-month,DSL,Mailed check,No,No,No,No,No,2
-0.30015585439803716,1.2642389072074542,Month-to-month,Fiber optic,Mailed check,Yes,No,Yes,Yes,No,2
-0.2594354906780068,-0.47898614596680894,One year,DSL,Mailed check,No,No,No,No,Yes,2
0.43281069256250915,1.1711782751981514,One year,Fiber optic,Electronic check,Yes,Yes,No,Yes,No,0
-0.5444780367182193,-1.4876969250676457,Month-to-month,No,Electronic check,Yes,No internet service,No internet service,No internet service,No internet service,1
-0.9109613101984924,1.1661928841976528,Month-to-month,Fiber optic,Electronic check,Yes,Yes,No,Yes,No,2
-1.2367242199587352,0.9784098231788811,Month-to-month,Fiber optic,Bank transfer (automatic),Yes,No,No,Yes,No,2
1.6137012404433893,0.719169491152966,Two year,DSL,Bank transfer (automatic),Yes,Yes,Yes,Yes,No,0
-0.5851984004382496,-0.2114368289400632,Month-to-month,DSL,Credit card (automatic),Yes,No,Yes,No,No,2
-0.9516816739185228,0.6344178441444933,Month-to-month,Fiber optic,Electronic check,Yes,No,No,No,No,2
-0.21871512695797646,0.7823177771592784,Month-to-month,Fiber optic,Credit card (automatic),No,No,No,No,Yes,0
-0.3408762181180675,0.9750862291785486,Month-to-month,Fiber optic,Electronic check,Yes,No,No,Yes,No,2
1.4915401492832983,1.3057838322116073,One year,Fiber optic,Bank transfer (automatic),Yes,Yes,No,Yes,Yes,0
0.5549717837226001,1.4669781412277214,Two year,Fiber optic,Credit card (automatic),Yes,Yes,No,Yes,Yes,0
1.6137012404433893,1.4171242312227377,Two year,Fiber optic,Bank transfer (automatic),Yes,Yes,Yes,No,Yes,0
-0.4223169455581282,0.9950277931805424,Month-to-month,Fiber optic,Credit card (automatic),Yes,No,No,Yes,Yes,2
1.5322605130033284,0.8670694241677506,Month-to-month,Fiber optic,Electronic check,Yes,No,Yes,No,No,2
-1.2367242199587352,-1.491020519067978,Month-to-month,No,Electronic check,No,No internet service,No internet service,No internet service,No internet service,1
-0.055833672077855064,0.05445069108651675,Month-to-month,DSL,Credit card (automatic),Yes,Yes,No,No,Yes,2
0.9621754209229036,1.1927816362003112,Month-to-month,Fiber optic,Bank transfer (automatic),Yes,No,No,Yes,Yes,2
-0.6666391278783103,1.1944434332004772,Month-to-month,Fiber optic,Bank transfer (automatic),No,No,Yes,Yes,Yes,0
0.7992939660427822,-1.3015756610490399,Two year,No,Credit card (automatic),No,No internet service,No internet service,No internet service,No internet service,1
-0.7888002190384014,-1.4926823160681442,Month-to-month,No,Mailed check,Yes,No internet service,No internet service,No internet service,No internet service,1
0.10704778280226633,-1.462769970065154,One year,No,Mailed check,No,No internet service,No internet service,No internet service,No internet service,1
1.0843365120829946,1.0315873271841969,Two year,Fiber optic,Electronic check,No,No,No,Yes,Yes,0
1.6137012404433893,0.9933659961803764,Month-to-month,Fiber optic,Electronic check,Yes,No,No,Yes,Yes,2
1.369379058123207,0.5247392421335293,Two year,DSL,Bank transfer (automatic),Yes,No,No,Yes,Yes,0
0.6771328748826912,1.392197276220246,Two year,Fiber optic,Credit card (automatic),No,Yes,Yes,No,Yes,0
-1.2367242199587352,-0.62854787598176,Month-to-month,DSL,Mailed check,Yes,No,No,No,No,2
-0.46303730927815856,1.3157546142126038,Month-to-month,Fiber optic,Electronic check,Yes,No,No,Yes,Yes,2
0.880734693482843,-0.3094828519498643,One year,DSL,Electronic check,Yes,No,No,Yes,Yes,0
-0.3408762181180675,0.46823814412788106,Month-to-month,Fiber optic,Electronic check,Yes,No,Yes,No,No,2
-1.2774445836787656,-0.12003799393092641,Month-to-month,DSL,Electronic check,No,No,Yes,No,No,2
-1.0738427650786138,0.47156173812821356,Month-to-month,Fiber optic,Electronic check,Yes,No,Yes,No,No,2
-1.2774445836787656,-0.6750781919864114,Month-to-month,DSL,Mailed check,Yes,No,No,No,No,2
0.6771328748826912,1.476948923228718,One year,Fiber optic,Credit card (automatic),Yes,No,Yes,Yes,Yes,0
0.9621754209229036,-0.1150526029304281,Two year,DSL,Credit card (automatic),Yes,No,Yes,No,Yes,0
0.9621754209229036,1.0664850641876853,Month-to-month,Fiber optic,Electronic check,Yes,No,Yes,No,No,2
-1.0738427650786138,-0.8046983579993692,Two year,DSL,Mailed check,No,Yes,No,No,Yes,2
-0.015113308357824713,-1.4943441130683104,One year,No,Mailed check,No,No internet service,No internet service,No internet service,No internet service,1
0.7178532386027215,1.4453747802255617,One year,Fiber optic,Electronic check,Yes,No,Yes,Yes,Yes,0
1.0436161483629645,1.3390197722149297,One year,Fiber optic,Bank transfer (automatic),Yes,Yes,No,Yes,Yes,0
1.3286586944031769,0.8537750481664219,Two year,DSL,Mailed check,Yes,Yes,Yes,Yes,Yes,0
1.2879383306831464,0.719169491152966,Two year,DSL,Credit card (automatic),Yes,Yes,Yes,Yes,Yes,0
1.369379058123207,0.07106866108817798,Two year,DSL,Bank transfer (automatic),No,No,Yes,No,Yes,0
0.22920887396235737,1.5268028332337018,One year,Fiber optic,Electronic check,Yes,Yes,Yes,Yes,Yes,0
-0.5037576729981889,-1.4876969250676457,One year,No,Mailed check,Yes,No internet service,No internet service,No internet service,No internet service,1
0.14776814652229667,0.6693155811479823,Month-to-month,Fiber optic,Electronic check,Yes,No,No,No,No,2
1.2879383306831464,1.2409737492051283,One year,Fiber optic,Electronic check,No,Yes,No,Yes,Yes,0
-1.2774445836787656,-1.479387940066815,Month-to-month,No,Mailed check,No,No internet service,No internet service,No internet service,No internet service,1
1.125056875803025,0.179085466098976,One year,DSL,Credit card (automatic),Yes,Yes,No,Yes,Yes,0
-1.2774445836787656,0.31867641411292996,Month-to-month,Fiber optic,Electronic check,Yes,No,No,No,No,2
0.7178532386027215,0.5081212721318681,One year,DSL,Bank transfer (automatic),Yes,Yes,Yes,No,Yes,0
-1.2774445836787656,-0.09012564792793624,Month-to-month,DSL,Mailed check,No,Yes,No,No,Yes,2
1.6137012404433893,-0.5172074769706297,Two year,DSL,Electronic check,Yes,No,Yes,No,Yes,0
1.125056875803025,-1.4710789550659844,Two year,No,Bank transfer (automatic),Yes,No internet service,No internet service,No internet service,No internet service,1
0.5549717837226001,-0.8811410200070108,Two year,DSL,Mailed check,No,Yes,Yes,No,Yes,0
1.4915401492832983,-0.32610082195152557,Two year,DSL,Credit card (automatic),Yes,No,No,Yes,Yes,0
-0.055833672077855064,1.0581760791868549,Month-to-month,Fiber optic,Bank transfer (automatic),Yes,Yes,No,Yes,Yes,2
-0.5444780367182193,-1.491020519067978,One year,No,Mailed check,No,No internet service,No internet service,No internet service,No internet service,1
1.5729808767233588,-1.491020519067978,Two year,No,Credit card (automatic),No,No internet service,No internet service,No internet service,No internet service,1
-0.8295205827584317,0.6593447991469852,Month-to-month,Fiber optic,Electronic check,Yes,No,Yes,No,Yes,2
0.26992923768238775,0.5064594751317021,One year,DSL,Credit card (automatic),No,Yes,Yes,Yes,Yes,0
0.47353105628253944,0.6809481601491449,One year,DSL,Bank transfer (automatic),Yes,Yes,No,Yes,Yes,0
0.9621754209229036,0.5480044001358552,Two year,DSL,Credit card (automatic),No,Yes,Yes,Yes,Yes,0
1.6137012404433893,1.6863353452496495,Two year,Fiber optic,Bank transfer (automatic),Yes,Yes,Yes,Yes,Yes,0
-1.1145631287986442,1.3074456292117733,Month-to-month,Fiber optic,Mailed check,No,No,No,Yes,Yes,2
-0.8702409464784621,0.4732235351283796,Month-to-month,Fiber optic,Bank transfer (automatic),Yes,No,Yes,No,No,2
-0.3408762181180675,-0.8528904710041867,Month-to-month,DSL,Bank transfer (automatic),No,No,Yes,No,No,2
-0.7073594915983407,0.9933659961803764,Month-to-month,Fiber optic,Electronic check,Yes,No,No,Yes,No,2
1.6137012404433893,-1.461108173064988,Two year,No,Mailed check,Yes,No internet service,No internet service,No internet service,No internet service,1
0.9621754209229036,-0.17487729493640844,Two year,DSL,Credit card (automatic),No,No,No,No,Yes,2
1.2879383306831464,-1.4860351280674797,Two year,No,Bank transfer (automatic),Yes,No internet service,No internet service,No internet service,No internet service,1
0.06632741908223598,1.1861344481996465,Month-to-month,Fiber optic,Electronic check,Yes,No,No,Yes,Yes,2
-1.2367242199587352,0.39013368512007346,Month-to-month,Fiber optic,Electronic check,Yes,No,No,No,No,2
0.10704778280226633,-1.4677553610656522,One year,No,Bank transfer (automatic),No,No internet service,No internet service,No internet service,No internet service,1
-0.4223169455581282,-1.477726143066649,One year,No,Credit card (automatic),No,No internet service,No internet service,No internet service,No internet service,1
-1.1145631287986442,-0.5172074769706297,Month-to-month,DSL,Electronic check,Yes,Yes,No,No,No,2
-0.9516816739185228,-0.8379342980026917,One year,DSL,Mailed check,No,No,Yes,No,Yes,0
-0.8702409464784621,-1.38300371405718,Month-to-month,No,Credit card (automatic),No,No internet service,No internet service,No internet service,No internet service,1
-0.38159658183809786,-1.4727407520661506,One year,No,Mailed check,No,No internet service,No internet service,No internet service,No internet service,1
-1.1552834925186746,0.534710024134526,Month-to-month,Fiber optic,Electronic check,No,No,No,No,No,2
1.4508197855632678,-1.3132082400502028,Two year,No,Bank transfer (automatic),No,No internet service,No internet service,No internet service,No internet service,1
0.025607055362205634,0.8803638001690798,Month-to-month,Fiber optic,Electronic check,No,No,No,Yes,No,2
-0.055833672077855064,0.25552812810661757,Month-to-month,DSL,Bank transfer (automatic),Yes,Yes,Yes,Yes,Yes,0
-1.2774445836787656,-0.1549357309344149,Month-to-month,DSL,Mailed check,No,Yes,No,No,No,2
0.9621754209229036,-1.4976677070686424,Two year,No,Bank transfer (automatic),No,No internet service,No internet service,No internet service,No internet service,1
-1.2774445836787656,0.47156173812821356,Month-to-month,Fiber optic,Electronic check,Yes,No,No,Yes,No,2
1.369379058123207,0.3436033691154218,One year,DSL,Electronic check,Yes,Yes,Yes,Yes,Yes,0
1.6137012404433893,-1.3215172250510334,Two year,No,Bank transfer (automatic),No,No internet service,No internet service,No internet service,No internet service,1
0.06632741908223598,0.14584952609565352,Month-to-month,Fiber optic,Credit card (automatic),No,No,No,No,No,2
1.0436161483629645,0.8903345821700764,Month-to-month,Fiber optic,Electronic check,Yes,No,No,Yes,Yes,2
-1.2367242199587352,-0.6518130339840859,Month-to-month,DSL,Electronic check,Yes,No,No,No,No,2
0.18848851024232702,-0.9625690730151509,Two year,DSL,Credit card (automatic),No,No,No,Yes,No,0
1.5729808767233588,1.608230886241842,Two year,Fiber optic,Credit card (automatic),Yes,Yes,Yes,Yes,Yes,0
-1.2774445836787656,-1.4926823160681442,One year,No,Credit card (automatic),No,No internet service,No internet service,No internet service,No internet service,1
1.5729808767233588,-1.4943441130683104,Two year,No,Credit card (automatic),No,No internet service,No internet service,No internet service,No internet service,1
0.10704778280226633,-1.491020519067978,One year,No,Electronic check,No,No internet service,No internet service,No internet service,No internet service,1
-1.0738427650786138,-1.4976677070686424,One year,No,Mailed check,No,No internet service,No internet service,No internet service,No internet service,1
-1.1960038562387048,0.48651791112970877,Month-to-month,Fiber optic,Electronic check,Yes,No,No,Yes,No,2
1.4915401492832983,-0.18817167093773737,One year,DSL,Bank transfer (automatic),No,Yes,No,No,Yes,0
0.47353105628253944,-0.35933676195484804,One year,DSL,Mailed check,Yes,No,No,Yes,Yes,0
0.8400143297628127,0.8770402061687477,One year,Fiber optic,Electronic check,Yes,Yes,No,No,No,2
-0.3408762181180675,1.1479131171958254,Month-to-month,Fiber optic,Credit card (automatic),Yes,No,No,Yes,Yes,2
-1.1145631287986442,0.13920233809498894,Month-to-month,Fiber optic,Electronic check,Yes,No,No,No,No,2
-1.2367242199587352,-0.43910301796282214,Month-to-month,DSL,Mailed check,No,No,No,No,No,2
1.2064976032430856,-1.341458789053027,Two year,No,Mailed check,Yes,No internet service,No internet service,No internet service,No internet service,1
-0.5444780367182193,1.0648232671875193,Month-to-month,Fiber optic,Electronic check,Yes,No,No,Yes,Yes,2
-0.9516816739185228,0.17576187209864347,Month-to-month,Fiber optic,Mailed check,No,No,No,No,No,2
0.8400143297628127,-1.504314895069307,Two year,No,Credit card (automatic),No,No internet service,No internet service,No internet service,No internet service,1
-1.1145631287986442,0.464914550127549,Month-to-month,Fiber optic,Mailed check,No,No,No,No,No,2
1.5729808767233588,0.14751132309581955,One year,DSL,Electronic check,No,No,Yes,Yes,No,0
-1.2774445836787656,-1.502653098069141,Month-to-month,No,Mailed check,Yes,No internet service,No internet service,No internet service,No internet service,1
-0.5851984004382496,0.5280628361338618,Month-to-month,Fiber optic,Electronic check,Yes,No,No,No,No,2
1.6137012404433893,1.2924894562102784,Two year,Fiber optic,Electronic check,Yes,No,No,Yes,Yes,0
-1.1552834925186746,-0.33440980695235617,Month-to-month,DSL,Mailed check,No,No,Yes,No,No,2
1.0843365120829946,-0.35268957395418365,Two year,DSL,Credit card (automatic),No,No,No,No,Yes,2
-1.2774445836787656,0.21065960910213194,Month-to-month,Fiber optic,Mailed check,No,No,No,No,No,2
-0.055833672077855064,0.6676537841478158,Month-to-month,Fiber optic,Electronic check,Yes,No,No,No,No,2
-1.1960038562387048,-1.4876969250676457,Month-to-month,No,Bank transfer (automatic),No,No internet service,No internet service,No internet service,No internet service,1
1.3286586944031769,1.3789029002189168,One year,Fiber optic,Electronic check,Yes,No,No,Yes,Yes,0
0.6771328748826912,1.1462513201956595,One year,Fiber optic,Credit card (automatic),Yes,Yes,No,Yes,Yes,0
-1.2367242199587352,-1.5093002860698053,Month-to-month,No,Mailed check,No,No internet service,No internet service,No internet service,No internet service,1
0.8400143297628127,-1.461108173064988,One year,No,Bank transfer (automatic),No,No internet service,No internet service,No internet service,No internet service,1
0.9214550572028734,0.9966895901807084,One year,Fiber optic,Electronic check,Yes,No,Yes,Yes,No,0
1.6137012404433893,1.638143232244832,Two year,Fiber optic,Credit card (automatic),Yes,Yes,Yes,Yes,Yes,0
0.14776814652229667,0.33695618111475767,Month-to-month,Fiber optic,Bank transfer (automatic),Yes,No,No,No,No,2
-0.9109613101984924,-1.4943441130683104,Month-to-month,No,Bank transfer (automatic),Yes,No internet service,No internet service,No internet service,No internet service,1
-1.2774445836787656,0.9717626351782166,Month-to-month,Fiber optic,Electronic check,Yes,No,No,Yes,No,2
1.6137012404433893,0.534710024134526,Two year,DSL,Bank transfer (automatic),No,Yes,Yes,No,Yes,0
-0.1779947632379461,-0.33607160395252245,Month-to-month,DSL,Bank transfer (automatic),No,Yes,No,No,No,2
0.22920887396235737,0.895319973170575,Month-to-month,Fiber optic,Bank transfer (automatic),No,No,Yes,Yes,No,2
1.1657772395230555,1.789366759259949,One year,Fiber optic,Electronic check,Yes,Yes,Yes,Yes,Yes,0
0.7992939660427822,-1.3364733980525287,Two year,No,Mailed check,No,No internet service,No internet service,No internet service,No internet service,1
1.4100994218432374,-1.505976692069473,One year,No,Mailed check,Yes,No internet service,No internet service,No internet service,No internet service,1
0.06632741908223598,1.7079387062518092,Two year,Fiber optic,Credit card (automatic),Yes,Yes,Yes,Yes,Yes,0
0.880734693482843,0.5264010391336954,Two year,DSL,Electronic check,No,Yes,Yes,Yes,Yes,0
-1.2774445836787656,-1.477726143066649,Month-to-month,No,Bank transfer (automatic),Yes,No internet service,No internet service,No internet service,No internet service,1
-0.7073594915983407,0.8338334841644282,Month-to-month,Fiber optic,Electronic check,No,No,No,No,No,2
-1.1552834925186746,-0.6235624849812617,Month-to-month,DSL,Mailed check,Yes,No,No,No,No,2
-0.9516816739185228,0.04946530008601819,Month-to-month,DSL,Mailed check,No,Yes,No,Yes,No,0
0.5549717837226001,1.1645310871974868,Month-to-month,Fiber optic,Electronic check,Yes,No,No,Yes,Yes,2
-0.4223169455581282,0.8388188751649267,Month-to-month,Fiber optic,Electronic check,Yes,Yes,No,Yes,No,2
0.22920887396235737,0.18905624809997262,One year,Fiber optic,Bank transfer (automatic),Yes,No,No,No,No,0
0.9214550572028734,0.3402797751150897,One year,DSL,Credit card (automatic),Yes,Yes,Yes,Yes,No,0
-1.2774445836787656,-1.491020519067978,Month-to-month,No,Mailed check,No,No internet service,No internet service,No internet service,No internet service,1
1.2879383306831464,0.5164302571326987,One year,Fiber optic,Credit card (automatic),No,No,Yes,No,Yes,0
0.8400143297628127,-1.4960059100684764,Two year,No,Bank transfer (automatic),No,No internet service,No internet service,No internet service,No internet service,1
1.0436161483629645,0.6493740171459885,Two year,DSL,Electronic check,Yes,Yes,Yes,Yes,Yes,0
0.9621754209229036,-0.35601316795451593,One year,DSL,Bank transfer (automatic),Yes,Yes,No,Yes,Yes,0
1.6137012404433893,1.3340343812144315,Two year,Fiber optic,Credit card (automatic),Yes,Yes,Yes,Yes,Yes,0
-1.2774445836787656,-0.35933676195484804,Month-to-month,DSL,Electronic check,Yes,Yes,Yes,No,No,2
1.6137012404433893,1.0797794401890146,One year,Fiber optic,Credit card (automatic),Yes,No,No,Yes,No,0
-0.4223169455581282,0.6078290921418354,Month-to-month,Fiber optic,Electronic check,No,No,No,No,No,2
-0.9924020376385531,1.3539759452164248,Month-to-month,Fiber optic,Electronic check,Yes,No,No,Yes,Yes,2
-0.6666391278783103,0.5396954151350245,Month-to-month,Fiber optic,Electronic check,Yes,No,No,Yes,No,2
0.26992923768238775,-0.7864185909975417,Month-to-month,DSL,Bank transfer (automatic),No,Yes,No,No,Yes,2
-0.8295205827584317,-0.6567984249845842,Month-to-month,DSL,Bank transfer (automatic),Yes,No,No,No,No,2
0.880734693482843,0.32532360211359457,Two year,DSL,Bank transfer (automatic),Yes,No,Yes,Yes,No,0
-0.5851984004382496,-0.8163309370005319,One year,DSL,Mailed check,Yes,Yes,Yes,No,No,0
-0.015113308357824713,0.19071804510013865,One year,DSL,Mailed check,No,Yes,Yes,No,No,0
0.35136996512244845,-1.4960059100684764,One year,No,Mailed check,Yes,No internet service,No internet service,No internet service,No internet service,1
1.4100994218432374,-1.3331498040521963,Two year,No,Bank transfer (automatic),No,No internet service,No internet service,No internet service,No internet service,1
1.3286586944031769,1.3124310202122718,Month-to-month,Fiber optic,Electronic check,Yes,No,Yes,Yes,Yes,0
-0.30015585439803716,0.4516201741262198,Month-to-month,DSL,Bank transfer (automatic),Yes,Yes,Yes,Yes,Yes,0
-1.2774445836787656,0.16745288709781284,Month-to-month,Fiber optic,Electronic check,Yes,No,No,No,No,2
1.4100994218432374,1.4935668932303794,One year,Fiber optic,Credit card (automatic),Yes,Yes,No,Yes,Yes,0
-1.0331224013585834,0.29873485011093664,Month-to-month,Fiber optic,Mailed check,No,No,No,No,No,2
0.43281069256250915,-1.0406735320229585,Month-to-month,DSL,Credit card (automatic),Yes,No,Yes,No,No,2
-0.3408762181180675,0.9917041991802098,Month-to-month,Fiber optic,Electronic check,Yes,No,Yes,Yes,No,2
-0.9516816739185228,-0.3393951979528547,Month-to-month,DSL,Electronic check,No,No,Yes,No,No,2
1.4915401492832983,-1.481049737066981,Two year,No,Bank transfer (automatic),No,No internet service,No internet service,No internet service,No internet service,1
0.18848851024232702,-1.477726143066649,One year,No,Bank transfer (automatic),No,No internet service,No internet service,No internet service,No internet service,1
-0.5037576729981889,-0.84291968900319,Two year,DSL,Credit card (automatic),Yes,Yes,Yes,No,Yes,0
-1.0331224013585834,0.14584952609565352,Month-to-month,Fiber optic,Bank transfer (automatic),No,No,No,No,No,2
0.18848851024232702,0.3818247001192428,Month-to-month,Fiber optic,Electronic check,Yes,No,No,No,No,2
-1.1145631287986442,0.9684390411778845,Month-to-month,Fiber optic,Mailed check,Yes,No,No,Yes,No,2
0.35136996512244845,-0.44575020596348647,One year,DSL,Electronic check,Yes,No,No,Yes,Yes,0
0.880734693482843,1.1728400721983174,One year,Fiber optic,Credit card (automatic),Yes,No,Yes,Yes,No,0
-1.1960038562387048,0.1873944510998066,Month-to-month,Fiber optic,Electronic check,Yes,No,No,No,No,2
1.4915401492832983,-1.477726143066649,Two year,No,Credit card (automatic),No,No internet service,No internet service,No internet service,No internet service,1
0.8400143297628127,0.9867188081797118,One year,Fiber optic,Credit card (automatic),Yes,Yes,No,No,Yes,0
-0.5851984004382496,-0.6102681089799328,One year,DSL,Credit card (automatic),No,No,No,Yes,Yes,0
1.2879383306831464,1.3057838322116073,Two year,Fiber optic,Credit card (automatic),Yes,Yes,Yes,Yes,No,0
-0.055833672077855064,0.8770402061687477,Month-to-month,Fiber optic,Electronic check,Yes,No,No,No,No,2
-0.5037576729981889,-1.3248408190513656,Month-to-month,DSL,Credit card (automatic),No,No,No,No,No,2
1.002895784642934,-0.17155370093607614,One year,DSL,Mailed check,No,Yes,Yes,No,No,0
1.247217966963116,1.4536837652263923,Two year,Fiber optic,Credit card (automatic),No,No,Yes,Yes,Yes,0
-0.7888002190384014,-0.8046983579993692,Two year,DSL,Mailed check,No,Yes,Yes,No,No,0
0.6364125111626608,-0.1931570619382357,One year,DSL,Bank transfer (automatic),Yes,No,No,No,No,0
-1.2367242199587352,0.20567421810163386,Month-to-month,Fiber optic,Electronic check,Yes,No,No,No,No,2
1.002895784642934,-1.462769970065154,Two year,No,Mailed check,No,No internet service,No internet service,No internet service,No internet service,1
1.5729808767233588,1.608230886241842,One year,Fiber optic,Bank transfer (automatic),Yes,Yes,No,Yes,Yes,0
-1.0331224013585834,-0.5305018529719588,Month-to-month,DSL,Electronic check,No,No,No,No,No,2
-0.6666391278783103,-0.056889707924613786,Month-to-month,DSL,Bank transfer (automatic),Yes,No,No,No,No,2
0.06632741908223598,1.1994288242009752,Month-to-month,Fiber optic,Electronic check,No,No,No,Yes,Yes,2
0.18848851024232702,1.15456030519649,Month-to-month,Fiber optic,Electronic check,Yes,No,No,Yes,Yes,2
-0.6666391278783103,0.5247392421335293,Month-to-month,Fiber optic,Mailed check,Yes,No,No,No,No,2
0.6364125111626608,-0.012021188920128179,One year,DSL,Bank transfer (automatic),Yes,No,Yes,No,Yes,0
1.0436161483629645,0.3469269631157543,One year,DSL,Credit card (automatic),Yes,Yes,No,Yes,No,0
1.6137012404433893,0.6693155811479823,Two year,DSL,Bank transfer (automatic),Yes,Yes,Yes,Yes,Yes,0
-1.0331224013585834,-1.5109620830699715,Month-to-month,No,Mailed check,No,No internet service,No internet service,No internet service,No internet service,1
0.22920887396235737,0.6360796411446599,Month-to-month,Fiber optic,Credit card (automatic),Yes,No,Yes,No,Yes,2
0.6364125111626608,1.7511454282561285,Month-to-month,Fiber optic,Electronic check,No,Yes,Yes,Yes,Yes,2
-0.9109613101984924,1.3174164112127704,Month-to-month,Fiber optic,Electronic check,Yes,No,Yes,Yes,Yes,0
-0.0965540357978854,0.32864719611392706,One year,DSL,Credit card (automatic),No,Yes,Yes,Yes,Yes,0
-0.055833672077855064,-0.18983346793790365,Month-to-month,DSL,Credit card (automatic),Yes,No,No,Yes,No,2
0.5549717837226001,0.14418772909548702,One year,DSL,Credit card (automatic),Yes,Yes,No,No,Yes,0
0.7178532386027215,-1.4694171580658184,Two year,No,Mailed check,No,No internet service,No internet service,No internet service,No internet service,1
-0.1779947632379461,0.39179548212023946,Month-to-month,Fiber optic,Bank transfer (automatic),No,Yes,No,No,No,2
1.369379058123207,-0.07516947492644105,Two year,DSL,Bank transfer (automatic),Yes,Yes,Yes,Yes,Yes,0
-0.9924020376385531,-1.1752790890364146,Month-to-month,DSL,Electronic check,Yes,No,No,No,Yes,2
0.35136996512244845,1.001674981181207,Month-to-month,Fiber optic,Bank transfer (automatic),Yes,No,No,Yes,Yes,2
1.6137012404433893,1.5583769762368582,Two year,Fiber optic,Bank transfer (automatic),Yes,Yes,No,Yes,Yes,0
-1.0331224013585834,-1.491020519067978,One year,No,Mailed check,No,No internet service,No internet service,No internet service,No internet service,1
0.22920887396235737,-1.4727407520661506,Month-to-month,No,Mailed check,No,No internet service,No internet service,No internet service,No internet service,1
0.47353105628253944,1.3722557122182522,One year,Fiber optic,Electronic check,Yes,No,Yes,Yes,Yes,0
0.5956921474426305,1.6182016682428386,One year,Fiber optic,Bank transfer (automatic),Yes,Yes,Yes,Yes,Yes,0
0.8400143297628127,0.9235705221733989,Month-to-month,Fiber optic,Electronic check,Yes,Yes,No,Yes,No,2
-1.1552834925186746,0.0278619390838584,Month-to-month,DSL,Electronic check,No,No,No,Yes,Yes,2
-0.5037576729981889,0.6510358141461546,Month-to-month,Fiber optic,Electronic check,Yes,No,No,Yes,No,2
-1.2367242199587352,-0.6684310039857471,Month-to-month,DSL,Mailed check,No,No,No,No,No,2
1.002895784642934,0.21065960910213194,One year,DSL,Credit card (automatic),Yes,No,No,Yes,Yes,0
0.47353105628253944,0.677624566148813,Month-to-month,Fiber optic,Electronic check,Yes,Yes,Yes,No,No,2
-0.3408762181180675,-0.5005895069689685,Month-to-month,DSL,Mailed check,Yes,No,No,No,Yes,2
-0.7073594915983407,-1.1486903370337564,Month-to-month,DSL,Bank transfer (automatic),Yes,No,Yes,No,No,2
-1.1960038562387048,-1.3132082400502028,Month-to-month,DSL,Electronic check,No,No,No,No,No,2
-1.1552834925186746,0.641065032145158,Month-to-month,Fiber optic,Bank transfer (automatic),No,No,No,No,Yes,0
0.18848851024232702,0.6959043331506402,Month-to-month,Fiber optic,Electronic check,Yes,No,No,Yes,No,2
-1.2774445836787656,0.3303089931140931,Month-to-month,Fiber optic,Electronic check,Yes,No,No,No,No,2
-0.3408762181180675,-0.27957050594687416,Month-to-month,DSL,Credit card (automatic),No,Yes,Yes,No,No,2
-1.1145631287986442,0.8654076271675846,Month-to-month,Fiber optic,Electronic check,Yes,No,No,Yes,No,2
0.025607055362205634,1.422109622223236,Month-to-month,Fiber optic,Electronic check,No,No,No,Yes,Yes,2
1.0436161483629645,-1.4926823160681442,Two year,No,Mailed check,Yes,No internet service,No internet service,No internet service,No internet service,1
1.6137012404433893,1.0349109211845293,Two year,Fiber optic,Bank transfer (automatic),Yes,No,Yes,Yes,No,0
1.5729808767233588,-1.3597385560548543,Two year,No,Mailed check,No,No internet service,No internet service,No internet service,No internet service,1
-0.1779947632379461,1.3755793062185846,Month-to-month,Fiber optic,Electronic check,Yes,No,No,Yes,Yes,2
0.758573602322752,0.6344178441444933,Two year,DSL,Credit card (automatic),Yes,Yes,Yes,Yes,Yes,0
-0.0965540357978854,0.684271754149477,One year,DSL,Bank transfer (automatic),No,Yes,Yes,Yes,Yes,0
1.6137012404433893,0.6659919871476498,Two year,Fiber optic,Credit card (automatic),Yes,Yes,Yes,No,No,0
0.14776814652229667,0.8670694241677506,Month-to-month,Fiber optic,Electronic check,Yes,No,Yes,Yes,No,2
-0.748079855318371,0.37683930911874425,Two year,DSL,Bank transfer (automatic),No,Yes,Yes,No,Yes,0
1.6137012404433893,0.32532360211359457,Two year,DSL,Mailed check,No,Yes,Yes,Yes,No,0
-0.4223169455581282,-0.8495668770038544,Month-to-month,DSL,Electronic check,No,No,No,Yes,No,2
-1.2367242199587352,0.4915033021302069,Month-to-month,Fiber optic,Electronic check,No,No,No,No,No,2
-0.7073594915983407,-1.5009913010689746,Month-to-month,No,Mailed check,No,No internet service,No internet service,No internet service,No internet service,1
0.758573602322752,-1.502653098069141,Two year,No,Credit card (automatic),No,No internet service,No internet service,No internet service,No internet service,1
1.5322605130033284,-0.8512286740040206,Two year,DSL,Credit card (automatic),Yes,Yes,Yes,No,Yes,0
1.5729808767233588,-1.4843733310673135,Two year,No,Bank transfer (automatic),No,No internet service,No internet service,No internet service,No internet service,1
0.26992923768238775,1.1695164781979852,Month-to-month,Fiber optic,Credit card (automatic),Yes,Yes,No,Yes,No,2
1.1657772395230555,-0.16490651293541178,Month-to-month,DSL,Electronic check,No,No,Yes,No,No,2
0.7992939660427822,-0.4989277099688025,Month-to-month,DSL,Bank transfer (automatic),Yes,No,Yes,No,No,2
-1.2774445836787656,-0.9642308700153169,Month-to-month,DSL,Electronic check,Yes,No,No,Yes,No,2
1.2879383306831464,1.4536837652263923,One year,Fiber optic,Mailed check,Yes,Yes,Yes,Yes,Yes,0
1.2064976032430856,-0.15327393393424887,Two year,DSL,Credit card (automatic),Yes,Yes,No,No,Yes,0
-0.0965540357978854,-1.5192710680708021,Two year,No,Mailed check,No,No internet service,No internet service,No internet service,No internet service,1
-1.1552834925186746,-0.6235624849812617,Month-to-month,DSL,Electronic check,No,No,No,No,No,2
1.247217966963116,0.6394032351449919,One year,DSL,Bank transfer (automatic),Yes,Yes,Yes,Yes,Yes,0
-1.2774445836787656,-0.6717545979860794,Month-to-month,DSL,Credit card (automatic),Yes,No,No,No,No,2
-0.7073594915983407,1.285842268209614,Month-to-month,Fiber optic,Electronic check,Yes,Yes,No,Yes,Yes,2
-0.21871512695797646,0.5280628361338618,One year,Fiber optic,Credit card (automatic),Yes,No,Yes,No,No,0
-1.1552834925186746,-0.25131995694405,Month-to-month,DSL,Mailed check,Yes,No,Yes,Yes,Yes,0
1.6137012404433893,1.5284646302338678,Two year,Fiber optic,Electronic check,Yes,No,Yes,Yes,Yes,0
0.5142514200025698,-1.33148800705203,One year,No,Credit card (automatic),No,No internet service,No internet service,No internet service,No internet service,1
0.5142514200025698,1.07313225218835,Month-to-month,Fiber optic,Electronic check,Yes,Yes,Yes,Yes,No,2
0.14776814652229667,0.3851482941195749,One year,DSL,Mailed check,Yes,Yes,Yes,Yes,Yes,0
-0.62591876415828,0.8188773111629334,Month-to-month,Fiber optic,Electronic check,Yes,No,Yes,Yes,Yes,0
-1.2774445836787656,-1.5242564590713006,Month-to-month,No,Mailed check,No,No internet service,No internet service,No internet service,No internet service,1
-0.6666391278783103,0.32200000811326246,Month-to-month,Fiber optic,Bank transfer (automatic),Yes,No,No,No,No,2
-1.1960038562387048,-1.4943441130683104,Month-to-month,No,Mailed check,Yes,No internet service,No internet service,No internet service,No internet service,1
-1.1552834925186746,-0.4607063789649817,Month-to-month,DSL,Electronic check,Yes,No,No,No,No,2
1.5729808767233588,0.6526976111463211,Two year,DSL,Credit card (automatic),Yes,Yes,Yes,Yes,Yes,0
-0.9109613101984924,-1.341458789053027,Month-to-month,No,Mailed check,Yes,No internet service,No internet service,No internet service,No internet service,1
-0.5037576729981889,-1.4860351280674797,Two year,No,Mailed check,No,No internet service,No internet service,No internet service,No internet service,1
-1.1552834925186746,0.5396954151350245,Month-to-month,Fiber optic,Electronic check,Yes,No,No,Yes,No,2
-0.2594354906780068,1.116338974192669,Month-to-month,Fiber optic,Electronic check,Yes,No,No,Yes,Yes,2
-1.1552834925186746,-0.3078210549496983,Month-to-month,DSL,Credit card (automatic),No,No,No,Yes,No,2
-1.1145631287986442,-0.4573827849646494,Month-to-month,DSL,Mailed check,Yes,No,No,Yes,No,2
-1.1552834925186746,0.893658176170409,Month-to-month,Fiber optic,Electronic check,Yes,No,No,Yes,No,2
-0.13727439951791576,0.6493740171459885,Month-to-month,Fiber optic,Electronic check,Yes,No,No,No,No,2
-1.2367242199587352,1.1778254631988159,Month-to-month,Fiber optic,Electronic check,No,No,Yes,Yes,No,2
-0.13727439951791576,-1.5076384890696393,Two year,No,Mailed check,No,No internet service,No internet service,No internet service,No internet service,1
-1.2774445836787656,0.8670694241677506,Month-to-month,Fiber optic,Electronic check,Yes,No,No,Yes,No,2
-1.2774445836787656,0.15415851109648415,Month-to-month,Fiber optic,Mailed check,No,No,No,No,No,2
-0.9924020376385531,0.9867188081797118,Month-to-month,Fiber optic,Credit card (automatic),Yes,No,No,Yes,Yes,2
-0.7888002190384014,-1.4744025490663168,Month-to-month,No,Electronic check,Yes,No internet service,No internet service,No internet service,No internet service,1
1.0843365120829946,0.9966895901807084,Month-to-month,Fiber optic,Electronic check,Yes,No,Yes,Yes,No,2
-1.2774445836787656,-1.4827115340671475,Month-to-month,No,Credit card (automatic),Yes,No internet service,No internet service,No internet service,No internet service,1
0.7178532386027215,1.0282637331838649,Month-to-month,Fiber optic,Electronic check,Yes,No,No,Yes,No,2
-0.5851984004382496,-0.6784017859867437,Month-to-month,DSL,Bank transfer (automatic),Yes,No,No,No,No,2
-0.62591876415828,0.32532360211359457,Month-to-month,DSL,Mailed check,No,No,Yes,Yes,No,0
0.5956921474426305,0.2937494591104381,Two year,DSL,Electronic check,No,No,No,Yes,Yes,2
-0.2594354906780068,0.3386179781149237,Month-to-month,Fiber optic,Bank transfer (automatic),Yes,No,No,No,No,2
-1.0738427650786138,-0.5587524019747828,Month-to-month,DSL,Electronic check,Yes,No,No,Yes,Yes,2
-0.5444780367182193,-0.48729513096763954,Month-to-month,DSL,Credit card (automatic),No,No,No,No,No,2
-1.1960038562387048,-0.03860994092278629,Month-to-month,DSL,Electronic check,Yes,Yes,No,Yes,No,2
1.4508197855632678,-0.39091090495800446,Two year,DSL,Electronic check,Yes,No,No,Yes,Yes,0
-1.2367242199587352,-1.4926823160681442,Month-to-month,No,Bank transfer (automatic),No,No internet service,No internet service,No internet service,No internet service,1
-1.0331224013585834,-1.343120586053193,One year,DSL,Credit card (automatic),Yes,No,No,No,No,0
-0.5851984004382496,-1.502653098069141,Month-to-month,No,Mailed check,Yes,No internet service,No internet service,No internet service,No internet service,1
1.5729808767233588,-1.3198554280508674,Two year,No,Credit card (automatic),No,No internet service,No internet service,No internet service,No internet service,1
-0.7888002190384014,0.9651154471775519,Month-to-month,Fiber optic,Credit card (automatic),No,No,Yes,No,No,2
-1.1960038562387048,-0.9276713360116622,Month-to-month,DSL,Mailed check,Yes,Yes,No,No,No,2
1.6137012404433893,1.2958130502106107,Two year,Fiber optic,Bank transfer (automatic),Yes,No,No,Yes,Yes,0
1.369379058123207,-0.2662761299455452,Two year,DSL,Credit card (automatic),Yes,No,No,Yes,Yes,0
-0.3408762181180675,-1.461108173064988,One year,No,Credit card (automatic),Yes,No internet service,No internet service,No internet service,No internet service,1
-1.2774445836787656,-0.6867107709875744,Month-to-month,DSL,Electronic check,Yes,No,No,No,No,2
0.9621754209229036,-1.3397969920528607,Two year,No,Mailed check,Yes,No internet service,No internet service,No internet service,No internet service,1
-0.4223169455581282,-1.3015756610490399,One year,No,Bank transfer (automatic),No,No internet service,No internet service,No internet service,No internet service,1
-0.748079855318371,-0.46569176996548,Month-to-month,DSL,Electronic check,Yes,No,No,Yes,Yes,2
1.1657772395230555,1.3174164112127704,One year,Fiber optic,Credit card (automatic),Yes,No,No,Yes,Yes,0
0.3106496014024181,-0.8462432830035223,Month-to-month,DSL,Electronic check,Yes,No,No,Yes,No,2
0.3920903288424788,-0.1698919039359101,Month-to-month,DSL,Bank transfer (automatic),No,No,Yes,No,Yes,2
1.6137012404433893,0.6161380771426661,Two year,DSL,Bank transfer (automatic),Yes,Yes,Yes,Yes,Yes,0
-0.8295205827584317,0.4915033021302069,Month-to-month,Fiber optic,Credit card (automatic),Yes,Yes,No,No,No,2
1.5729808767233588,-1.3397969920528607,Two year,No,Bank transfer (automatic),No,No internet service,No internet service,No internet service,No internet service,1
-0.2594354906780068,-1.5142856770703037,One year,No,Mailed check,No,No internet service,No internet service,No internet service,No internet service,1
-1.0331224013585834,-1.1619847130350858,Month-to-month,DSL,Mailed check,No,No,Yes,No,No,2
-1.0738427650786138,-0.640180454982923,Month-to-month,DSL,Mailed check,No,No,No,No,No,2
1.0436161483629645,1.3855500882195813,One year,Fiber optic,Electronic check,Yes,No,Yes,Yes,Yes,0
0.758573602322752,-1.153675728034255,Month-to-month,DSL,Credit card (automatic),Yes,No,No,No,No,2
1.6137012404433893,0.0295237360840249,Two year,DSL,Bank transfer (automatic),Yes,Yes,Yes,Yes,Yes,0
-0.5851984004382496,1.0398963121850275,Month-to-month,Fiber optic,Electronic check,Yes,No,Yes,Yes,No,2
-1.0331224013585834,0.3436033691154218,Month-to-month,Fiber optic,Bank transfer (automatic),Yes,No,No,No,No,2
0.5956921474426305,0.3087056321119333,Two year,DSL,Mailed check,No,Yes,Yes,No,No,0
-1.2367242199587352,-0.6667692069855808,Month-to-month,DSL,Electronic check,Yes,No,No,No,No,2
1.2064976032430856,1.5284646302338678,One year,Fiber optic,Bank transfer (automatic),Yes,Yes,No,Yes,Yes,0
-0.6666391278783103,-1.4976677070686424,Two year,No,Mailed check,No,No internet service,No internet service,No internet service,No internet service,1
-1.0738427650786138,-0.5072366949696331,Month-to-month,DSL,Credit card (automatic),Yes,Yes,No,No,No,2
-0.5444780367182193,-0.3244390249513595,Month-to-month,DSL,Credit card (automatic),Yes,Yes,No,No,Yes,2
1.4915401492832983,-0.6916961619880726,Two year,DSL,Credit card (automatic),Yes,No,Yes,No,Yes,0
-0.8702409464784621,0.31867641411292996,Month-to-month,Fiber optic,Electronic check,Yes,No,No,No,No,2
1.2879383306831464,1.541759006235197,Month-to-month,Fiber optic,Electronic check,Yes,Yes,No,Yes,Yes,2
0.26992923768238775,1.327387193213767,One year,Fiber optic,Credit card (automatic),Yes,Yes,Yes,Yes,Yes,0
-0.7073594915983407,-0.3011738669490337,Month-to-month,DSL,Mailed check,Yes,No,Yes,No,No,2
-0.30015585439803716,-1.4677553610656522,Month-to-month,No,Mailed check,No,No internet service,No internet service,No internet service,No internet service,1
-1.0738427650786138,-1.4993295040688086,Two year,No,Credit card (automatic),No,No internet service,No internet service,No internet service,No internet service,1
1.369379058123207,1.6963061272506461,One year,Fiber optic,Bank transfer (automatic),No,Yes,Yes,Yes,Yes,0
1.1657772395230555,0.7939503561604415,Two year,DSL,Credit card (automatic),No,Yes,No,Yes,Yes,0
0.43281069256250915,0.9883806051798778,Month-to-month,Fiber optic,Electronic check,Yes,No,Yes,Yes,No,2
-0.8295205827584317,-1.4843733310673135,Month-to-month,No,Mailed check,No,No internet service,No internet service,No internet service,No internet service,1
-0.38159658183809786,-1.0007904040189717,Month-to-month,DSL,Bank transfer (automatic),Yes,No,No,No,No,2
1.5729808767233588,-0.41417606296033027,Month-to-month,DSL,Bank transfer (automatic),Yes,No,No,Yes,Yes,2
0.06632741908223598,0.00792037508186511,Month-to-month,DSL,Mailed check,No,Yes,No,Yes,No,0
-1.1145631287986442,-1.4926823160681442,Month-to-month,No,Credit card (automatic),No,No internet service,No internet service,No internet service,No internet service,1
0.35136996512244845,-0.9742016520163136,One year,DSL,Mailed check,No,Yes,No,No,No,0
1.6137012404433893,-1.4976677070686424,Two year,No,Credit card (automatic),No,No internet service,No internet service,No internet service,No internet service,1
-0.748079855318371,1.0249401391835322,Month-to-month,Fiber optic,Electronic check,Yes,No,No,Yes,No,2
0.35136996512244845,-1.4926823160681442,Two year,No,Mailed check,Yes,No internet service,No internet service,No internet service,No internet service,1
-0.38159658183809786,0.5679459641378485,One year,Fiber optic,Credit card (automatic),No,No,Yes,No,No,0
1.5729808767233588,1.48027251722905,Two year,Fiber optic,Credit card (automatic),No,Yes,Yes,Yes,Yes,0
-1.2774445836787656,0.18407085709947407,Month-to-month,Fiber optic,Electronic check,Yes,No,No,No,No,2
1.6137012404433893,-1.3082228490497045,Two year,No,Mailed check,No,No internet service,No internet service,No internet service,No internet service,1
-1.0738427650786138,0.16745288709781284,Month-to-month,Fiber optic,Electronic check,Yes,No,No,No,No,2
-0.38159658183809786,-1.4876969250676457,One year,No,Credit card (automatic),Yes,No internet service,No internet service,No internet service,No internet service,1
-0.9109613101984924,0.6909189421501416,Month-to-month,Fiber optic,Electronic check,No,No,No,No,No,2
1.6137012404433893,1.5002140812310438,Two year,Fiber optic,Electronic check,Yes,Yes,Yes,Yes,Yes,0
-1.0331224013585834,-0.4806479429669752,Month-to-month,DSL,Bank transfer (automatic),Yes,No,Yes,No,No,2
-1.0738427650786138,0.9883806051798778,Month-to-month,Fiber optic,Mailed check,No,No,No,Yes,Yes,2
-0.9516816739185228,1.221032185203135,Month-to-month,Fiber optic,Electronic check,Yes,Yes,No,Yes,No,2
-0.8295205827584317,0.8105683261621028,Month-to-month,Fiber optic,Electronic check,Yes,No,No,No,No,2
-1.2774445836787656,-1.5076384890696393,Month-to-month,No,Mailed check,Yes,No internet service,No internet service,No internet service,No internet service,1
0.6364125111626608,-1.1586611190347533,One year,DSL,Bank transfer (automatic),No,No,No,No,No,0
-0.5037576729981889,0.466576347127715,Month-to-month,Fiber optic,Electronic check,No,No,No,Yes,No,2
-0.6666391278783103,0.684271754149477,Month-to-month,Fiber optic,Credit card (automatic),Yes,No,No,No,No,2
-1.2367242199587352,0.4948268961305394,Month-to-month,Fiber optic,Mailed check,Yes,No,No,Yes,No,2
-0.9109613101984924,-1.5109620830699715,One year,No,Mailed check,Yes,No internet service,No internet service,No internet service,No internet service,1
-1.2367242199587352,0.4931650991303729,Month-to-month,Fiber optic,Electronic check,Yes,No,No,No,No,2
-0.5037576729981889,1.0648232671875193,Month-to-month,Fiber optic,Mailed check,No,Yes,No,Yes,No,2
-0.5037576729981889,-1.4660935640654862,One year,No,Mailed check,No,No internet service,No internet service,No internet service,No internet service,1
-0.5444780367182193,-1.4943441130683104,One year,No,Mailed check,No,No internet service,No internet service,No internet service,No internet service,1
-0.5444780367182193,0.85876043916692,Month-to-month,Fiber optic,Electronic check,Yes,No,Yes,Yes,No,2
-0.4223169455581282,1.3240635992134344,Month-to-month,Fiber optic,Electronic check,Yes,Yes,Yes,Yes,No,2
0.10704778280226633,0.5081212721318681,Month-to-month,Fiber optic,Credit card (automatic),No,Yes,No,No,No,2
-1.2774445836787656,-0.6518130339840859,Month-to-month,DSL,Mailed check,No,No,No,No,No,2
0.26992923768238775,0.2787932861089434,Month-to-month,Fiber optic,Credit card (automatic),Yes,No,No,No,No,2
0.880734693482843,1.141265929195161,One year,Fiber optic,Electronic check,Yes,Yes,No,Yes,Yes,0
-1.2774445836787656,-1.481049737066981,Month-to-month,No,Bank transfer (automatic),Yes,No internet service,No internet service,No internet service,No internet service,1
1.369379058123207,1.3722557122182522,Two year,Fiber optic,Credit card (automatic),Yes,No,Yes,Yes,Yes,0
0.9621754209229036,1.3489905542159264,Month-to-month,Fiber optic,Mailed check,Yes,Yes,Yes,Yes,No,2
-0.5851984004382496,-0.6351950639824246,Month-to-month,DSL,Credit card (automatic),Yes,No,No,No,No,2
-0.6666391278783103,0.5047976781315361,Month-to-month,Fiber optic,Credit card (automatic),Yes,No,No,No,No,2
1.4508197855632678,-0.3427187919531868,One year,DSL,Credit card (automatic),Yes,No,Yes,No,Yes,0
0.8400143297628127,-1.3181936310507012,Two year,No,Credit card (automatic),No,No internet service,No internet service,No internet service,No internet service,1
1.6137012404433893,0.6626683931473177,Two year,DSL,Credit card (automatic),No,Yes,Yes,Yes,Yes,0
-0.9516816739185228,0.36853032411791364,Month-to-month,Fiber optic,Electronic check,Yes,No,No,No,No,2
-0.0965540357978854,-0.5305018529719588,Month-to-month,DSL,Mailed check,Yes,No,Yes,No,No,2
0.14776814652229667,1.1429277261953275,Month-to-month,Fiber optic,Electronic check,Yes,No,No,Yes,No,2
-0.5851984004382496,-0.9825106370171443,Month-to-month,DSL,Electronic check,Yes,Yes,No,No,Yes,2
0.9214550572028734,0.3818247001192428,One year,DSL,Electronic check,No,Yes,Yes,Yes,Yes,0
0.26992923768238775,-0.29452667894836937,Month-to-month,DSL,Electronic check,No,No,Yes,Yes,Yes,0
-0.46303730927815856,0.5845639341395097,Month-to-month,Fiber optic,Electronic check,Yes,No,No,No,No,2
-1.2367242199587352,-0.8096837489998675,Month-to-month,DSL,Credit card (automatic),Yes,Yes,No,No,Yes,2
0.025607055362205634,-1.3248408190513656,One year,No,Bank transfer (automatic),Yes,No internet service,No internet service,No internet service,No internet service,1
0.47353105628253944,-0.3477041829536853,Two year,DSL,Bank transfer (automatic),No,No,No,Yes,Yes,0
-0.0965540357978854,0.051127097086184216,Month-to-month,DSL,Bank transfer (automatic),No,Yes,Yes,No,No,2
1.5729808767233588,-1.4577845790646555,Two year,No,Bank transfer (automatic),Yes,No internet service,No internet service,No internet service,No internet service,1
-1.1552834925186746,0.35191235411625243,Month-to-month,Fiber optic,Electronic check,No,No,No,No,No,2
0.10704778280226633,0.677624566148813,One year,Fiber optic,Electronic check,Yes,No,No,Yes,Yes,0
-1.2774445836787656,0.35191235411625243,Month-to-month,Fiber optic,Credit card (automatic),No,No,No,No,Yes,0
-0.38159658183809786,1.3190782082129364,Month-to-month,Fiber optic,Electronic check,Yes,No,No,Yes,Yes,2
-0.4223169455581282,-0.5088984919697991,One year,DSL,Credit card (automatic),Yes,No,No,Yes,Yes,0
0.6771328748826912,-1.505976692069473,One year,No,Credit card (automatic),No,No internet service,No internet service,No internet service,No internet service,1
0.3920903288424788,0.9102761461720702,Month-to-month,Fiber optic,Electronic check,Yes,No,No,Yes,Yes,2
0.025607055362205634,0.9651154471775519,One year,Fiber optic,Electronic check,Yes,No,No,Yes,Yes,0
-1.0331224013585834,-1.4926823160681442,Two year,No,Mailed check,No,No internet service,No internet service,No internet service,No internet service,1
1.4100994218432374,1.1794872601989819,One year,Fiber optic,Bank transfer (automatic),Yes,Yes,Yes,No,Yes,0
-0.7073594915983407,1.0282637331838649,Month-to-month,Fiber optic,Electronic check,No,Yes,No,No,No,2
1.4100994218432374,0.9435120861753926,Two year,Fiber optic,Electronic check,Yes,No,No,No,Yes,0
0.8400143297628127,0.16412929309748078,Two year,DSL,Mailed check,Yes,Yes,Yes,Yes,No,0
-0.46303730927815856,-1.4943441130683104,One year,No,Mailed check,No,No internet service,No internet service,No internet service,No internet service,1
0.3106496014024181,0.21896859410296257,Month-to-month,DSL,Mailed check,Yes,Yes,Yes,No,No,2
-0.4223169455581282,-1.462769970065154,One year,No,Bank transfer (automatic),No,No internet service,No internet service,No internet service,No internet service,1
0.26992923768238775,-0.803036560999203,Month-to-month,DSL,Electronic check,Yes,Yes,No,No,No,2
0.5142514200025698,-1.4744025490663168,One year,No,Electronic check,Yes,No internet service,No internet service,No internet service,No internet service,1
-1.2367242199587352,-1.4760643460664828,Month-to-month,No,Mailed check,No,No internet service,No internet service,No internet service,No internet service,1
1.002895784642934,-1.4960059100684764,Two year,No,Bank transfer (automatic),No,No internet service,No internet service,No internet service,No internet service,1
-0.9924020376385531,-0.34438058895335305,Month-to-month,DSL,Electronic check,Yes,No,No,Yes,No,2
-1.0331224013585834,0.9950277931805424,Month-to-month,Fiber optic,Credit card (automatic),Yes,No,Yes,No,No,2
-1.0738427650786138,-1.1387195550327598,Month-to-month,DSL,Credit card (automatic),Yes,No,No,No,No,2
-1.0331224013585834,-1.4727407520661506,Month-to-month,No,Mailed check,No,No internet service,No internet service,No internet service,No internet service,1
0.6771328748826912,0.046141706085686136,Two year,DSL,Bank transfer (automatic),Yes,Yes,No,Yes,No,0
1.3286586944031769,0.8338334841644282,One year,Fiber optic,Electronic check,Yes,Yes,Yes,No,No,0
0.9214550572028734,-0.6551366279844181,One year,DSL,Bank transfer (automatic),No,No,No,No,No,0
1.5729808767233588,0.7341256641544608,Two year,DSL,Bank transfer (automatic),No,Yes,Yes,Yes,Yes,0
0.10704778280226633,1.0631614701873533,Month-to-month,Fiber optic,Mailed check,Yes,Yes,Yes,No,Yes,2
-1.1960038562387048,0.40675165512173467,Month-to-month,Fiber optic,Electronic check,Yes,No,No,No,No,2
-0.8702409464784621,-1.4843733310673135,Month-to-month,No,Credit card (automatic),No,No internet service,No internet service,No internet service,No internet service,1
-1.2774445836787656,0.3502505571160864,Month-to-month,Fiber optic,Electronic check,No,No,No,No,Yes,2
-0.62591876415828,1.392197276220246,Month-to-month,Fiber optic,Bank transfer (automatic),Yes,Yes,Yes,Yes,Yes,0
1.6137012404433893,1.5085230662318745,Two year,Fiber optic,Credit card (automatic),Yes,Yes,Yes,Yes,Yes,0
-0.1779947632379461,0.6011819041411709,One year,Fiber optic,Bank transfer (automatic),Yes,No,Yes,No,No,0
-0.5851984004382496,-1.4843733310673135,Two year,No,Mailed check,No,No internet service,No internet service,No internet service,No internet service,1
0.3106496014024181,1.1445895231954935,One year,Fiber optic,Credit card (automatic),Yes,Yes,No,Yes,No,0
0.7992939660427822,-0.17653909193657447,Month-to-month,DSL,Electronic check,Yes,No,No,No,Yes,2
0.5956921474426305,-0.2047896409393986,Month-to-month,DSL,Bank transfer (automatic),Yes,No,No,Yes,No,0
-0.38159658183809786,-0.5005895069689685,Month-to-month,DSL,Credit card (automatic),No,No,No,No,Yes,2
1.369379058123207,0.03617092408468901,Two year,DSL,Mailed check,No,Yes,Yes,No,Yes,0
-0.9924020376385531,0.29042586511010604,Month-to-month,Fiber optic,Electronic check,Yes,No,No,No,No,2
0.5956921474426305,0.6892571451499756,Month-to-month,Fiber optic,Mailed check,No,No,Yes,No,No,2
-1.0331224013585834,-1.4860351280674797,Month-to-month,No,Mailed check,No,No internet service,No internet service,No internet service,No internet service,1
1.5729808767233588,1.624848856243503,Two year,Fiber optic,Credit card (automatic),No,Yes,Yes,Yes,Yes,0
0.7178532386027215,0.6194616711429987,Month-to-month,Fiber optic,Electronic check,Yes,No,Yes,No,No,2
0.5549717837226001,0.0295237360840249,Two year,DSL,Mailed check,No,Yes,Yes,No,Yes,0
-1.2774445836787656,0.1873944510998066,Month-to-month,Fiber optic,Electronic check,No,No,No,No,No,2
1.369379058123207,-0.11339080593026184,Two year,DSL,Bank transfer (automatic),Yes,Yes,Yes,Yes,Yes,0
0.3920903288424788,0.7025515211513048,Month-to-month,Fiber optic,Credit card (automatic),Yes,Yes,No,No,Yes,2
-1.1145631287986442,0.36188313611724954,Month-to-month,Fiber optic,Mailed check,Yes,Yes,No,No,No,2
-1.0331224013585834,-0.4989277099688025,One year,DSL,Electronic check,Yes,No,Yes,No,No,0
-0.13727439951791576,0.20401242110146783,One year,DSL,Credit card (automatic),No,No,No,No,Yes,2
-0.21871512695797646,-0.49560411596847015,Month-to-month,DSL,Mailed check,No,No,No,No,No,2
-0.7073594915983407,0.3502505571160864,Month-to-month,Fiber optic,Credit card (automatic),Yes,No,No,No,No,2
-0.30015585439803716,-1.4843733310673135,Two year,No,Mailed check,No,No internet service,No internet service,No internet service,No internet service,1
-0.8702409464784621,0.9717626351782166,Month-to-month,Fiber optic,Electronic check,Yes,No,No,Yes,No,2
1.002895784642934,1.2725478922082847,Month-to-month,Fiber optic,Electronic check,Yes,Yes,Yes,Yes,Yes,0
1.4100994218432374,1.7810577742591183,One year,Fiber optic,Bank transfer (automatic),Yes,Yes,Yes,Yes,Yes,0
0.5956921474426305,1.1612074931971548,Month-to-month,Fiber optic,Electronic check,No,No,No,Yes,Yes,2
-0.7888002190384014,0.5696077611380149,Month-to-month,Fiber optic,Mailed check,Yes,No,No,Yes,No,2
-0.9924020376385531,-1.140381352032926,Month-to-month,DSL,Electronic check,Yes,No,Yes,No,No,2
0.47353105628253944,1.0415581091851935,Month-to-month,Fiber optic,Electronic check,Yes,No,No,Yes,No,2
1.5729808767233588,0.04780350308585216,One year,DSL,Electronic check,Yes,No,Yes,Yes,No,0
-0.3408762181180675,1.3124310202122718,Month-to-month,Fiber optic,Electronic check,Yes,No,No,Yes,Yes,2
-0.7073594915983407,0.5131066631323666,Month-to-month,Fiber optic,Electronic check,Yes,No,No,No,No,2
-1.2774445836787656,-1.4960059100684764,Month-to-month,No,Electronic check,No,No internet service,No internet service,No internet service,No internet service,1
-1.2367242199587352,0.2605135191071156,Month-to-month,Fiber optic,Mailed check,Yes,No,No,No,No,2
0.9214550572028734,1.7195712852529719,Month-to-month,Fiber optic,Electronic check,Yes,Yes,Yes,Yes,Yes,0
1.5729808767233588,1.397182667220744,Two year,Fiber optic,Electronic check,Yes,Yes,No,Yes,No,0
0.7178532386027215,-1.3231790220511994,Two year,No,Mailed check,No,No internet service,No internet service,No internet service,No internet service,1
-1.2774445836787656,0.8138919201624348,Month-to-month,Fiber optic,Electronic check,Yes,No,No,Yes,No,2
-1.1145631287986442,-1.5126238800701375,Month-to-month,No,Mailed check,Yes,No internet service,No internet service,No internet service,No internet service,1
1.369379058123207,1.3224018022132684,One year,Fiber optic,Bank transfer (automatic),Yes,Yes,Yes,Yes,Yes,0
0.6771328748826912,0.7457582431556239,One year,DSL,Mailed check,Yes,Yes,Yes,Yes,Yes,0
-1.1960038562387048,-1.1304105700319294,Month-to-month,DSL,Electronic check,Yes,No,No,No,No,2
1.369379058123207,-1.2982520670487077,One year,No,Credit card (automatic),Yes,No internet service,No internet service,No internet service,No internet service,1
-0.8702409464784621,0.7125223031523015,Month-to-month,Fiber optic,Electronic check,No,No,No,No,No,2
-0.1779947632379461,-1.152013931034089,Month-to-month,DSL,Credit card (automatic),Yes,Yes,No,No,No,2
1.3286586944031769,1.1495749141959914,Two year,Fiber optic,Electronic check,Yes,No,Yes,Yes,Yes,0
1.2064976032430856,-1.5142856770703037,Two year,No,Credit card (automatic),Yes,No internet service,No internet service,No internet service,No internet service,1
-1.2367242199587352,-1.4843733310673135,Month-to-month,No,Bank transfer (automatic),No,No internet service,No internet service,No internet service,No internet service,1
-1.2367242199587352,-1.4760643460664828,Month-to-month,No,Credit card (automatic),No,No internet service,No internet service,No internet service,No internet service,1
0.9214550572028734,-1.2999138640488739,Two year,No,Credit card (automatic),Yes,No internet service,No internet service,No internet service,No internet service,1
0.35136996512244845,0.9900424021800438,Month-to-month,Fiber optic,Electronic check,Yes,No,No,Yes,No,2
-0.62591876415828,1.3107692232121058,Month-to-month,Fiber optic,Electronic check,Yes,No,Yes,Yes,Yes,0
-0.0965540357978854,0.9850570111795457,One year,Fiber optic,Bank transfer (automatic),Yes,Yes,No,Yes,No,0
-0.62591876415828,-0.28787949094770476,One year,DSL,Mailed check,No,No,Yes,No,No,0
-0.6666391278783103,0.11593718009266311,Two year,DSL,Bank transfer (automatic),No,Yes,Yes,No,No,0
1.6137012404433893,-1.329826210051864,Two year,No,Bank transfer (automatic),No,No internet service,No internet service,No internet service,No internet service,1
-0.9516816739185228,0.3818247001192428,Month-to-month,Fiber optic,Electronic check,Yes,No,No,No,No,2
-1.2774445836787656,0.31867641411292996,Month-to-month,Fiber optic,Electronic check,No,No,No,No,No,2
-0.38159658183809786,-0.35268957395418365,Month-to-month,DSL,Electronic check,No,Yes,No,No,No,2
-0.9924020376385531,-1.505976692069473,Month-to-month,No,Bank transfer (automatic),No,No internet service,No internet service,No internet service,No internet service,1
-0.5444780367182193,-0.9908196220179748,Month-to-month,DSL,Mailed check,Yes,No,Yes,No,No,2
-1.0331224013585834,-0.3693075439558449,Month-to-month,DSL,Electronic check,Yes,No,Yes,No,No,2
-1.2774445836787656,0.16246749609731476,Month-to-month,Fiber optic,Electronic check,Yes,No,No,No,No,2
1.1657772395230555,1.304122035211441,One year,Fiber optic,Electronic check,No,No,Yes,Yes,Yes,0
1.002895784642934,0.1857326540996401,Two year,DSL,Credit card (automatic),Yes,Yes,Yes,Yes,No,0
-0.9516816739185228,0.53304822713436,Month-to-month,Fiber optic,Electronic check,Yes,No,No,No,No,2
-0.7073594915983407,0.0029349840813665527,One year,DSL,Mailed check,No,No,Yes,No,Yes,0
-1.2774445836787656,-1.4993295040688086,Month-to-month,No,Mailed check,No,No internet service,No internet service,No internet service,No internet service,1
-0.8295205827584317,-0.626886078981594,Month-to-month,DSL,Bank transfer (automatic),No,No,No,No,No,2
0.880734693482843,-1.4876969250676457,Two year,No,Mailed check,No,No internet service,No internet service,No internet service,No internet service,1
-1.1552834925186746,-0.6634456129852487,Month-to-month,DSL,Electronic check,No,No,No,No,No,2
-1.0331224013585834,0.5164302571326987,Month-to-month,Fiber optic,Mailed check,Yes,No,No,Yes,No,2
-0.5037576729981889,-1.4760643460664828,One year,No,Mailed check,No,No internet service,No internet service,No internet service,No internet service,1
-0.2594354906780068,-0.6302096729819263,Month-to-month,DSL,Mailed check,No,Yes,Yes,No,No,2
0.14776814652229667,0.642726829145324,Month-to-month,Fiber optic,Electronic check,Yes,No,No,No,No,2
0.8400143297628127,1.4686399382278874,One year,Fiber optic,Bank transfer (automatic),Yes,Yes,No,Yes,Yes,0
-1.1960038562387048,0.15249671409631763,Month-to-month,DSL,Electronic check,Yes,Yes,No,Yes,No,2
1.4508197855632678,-0.013682985920294679,Two year,DSL,Credit card (automatic),No,Yes,Yes,Yes,Yes,0
1.6137012404433893,0.8654076271675846,Two year,DSL,Credit card (automatic),Yes,Yes,Yes,Yes,Yes,0
-0.8295205827584317,-1.3231790220511994,One year,No,Credit card (automatic),No,No internet service,No internet service,No internet service,No internet service,1
0.06632741908223598,0.4931650991303729,Month-to-month,Fiber optic,Mailed check,Yes,No,No,No,No,2
1.4508197855632678,0.6626683931473177,Two year,Fiber optic,Bank transfer (automatic),Yes,No,Yes,No,No,0
0.7178532386027215,0.2006888271011353,One year,DSL,Credit card (automatic),Yes,Yes,Yes,Yes,Yes,0
-1.2774445836787656,-0.9409657120129912,Month-to-month,DSL,Electronic check,Yes,No,No,Yes,No,2
0.35136996512244845,1.3174164112127704,Month-to-month,Fiber optic,Electronic check,Yes,No,No,Yes,Yes,2
-0.0965540357978854,1.221032185203135,Month-to-month,Fiber optic,Electronic check,Yes,Yes,No,Yes,No,2
-1.2774445836787656,-0.3477041829536853,Month-to-month,DSL,Electronic check,No,No,No,No,No,2
-0.13727439951791576,1.302460238211275,Month-to-month,Fiber optic,Electronic check,Yes,No,No,Yes,Yes,2
-0.38159658183809786,0.8753784091685812,Two year,DSL,Credit card (automatic),Yes,Yes,Yes,Yes,Yes,0
1.125056875803025,-1.4893587220678117,Two year,No,Mailed check,No,No internet service,No internet service,No internet service,No internet service,1
1.6137012404433893,-1.2733251120462157,Two year,No,Credit card (automatic),No,No internet service,No internet service,No internet service,No internet service,1
-0.4223169455581282,0.8188773111629334,Month-to-month,Fiber optic,Electronic check,Yes,No,No,Yes,Yes,2
1.6137012404433893,0.3436033691154218,Two year,DSL,Bank transfer (automatic),Yes,Yes,Yes,Yes,Yes,0
1.369379058123207,1.440389389225063,One year,Fiber optic,Bank transfer (automatic),No,No,No,Yes,Yes,0
1.6137012404433893,1.5085230662318745,Two year,Fiber optic,Electronic check,Yes,Yes,No,Yes,Yes,0
0.5956921474426305,0.5180920541328647,Month-to-month,Fiber optic,Electronic check,No,No,Yes,No,No,2
0.758573602322752,1.5533915852363596,One year,Fiber optic,Electronic check,Yes,Yes,No,Yes,Yes,0
1.5322605130033284,1.3872118852197473,One year,Fiber optic,Electronic check,Yes,No,No,Yes,Yes,0
-0.9516816739185228,-1.491020519067978,One year,No,Electronic check,Yes,No internet service,No internet service,No internet service,No internet service,1
1.0843365120829946,1.5400972092350305,Two year,Fiber optic,Mailed check,Yes,Yes,Yes,Yes,No,0
-1.1960038562387048,0.19736523310080326,Month-to-month,DSL,Mailed check,No,Yes,No,Yes,No,0
0.22920887396235737,-1.3265026160515319,Month-to-month,DSL,Electronic check,Yes,No,No,No,No,2
0.18848851024232702,0.8787020031689138,Month-to-month,Fiber optic,Bank transfer (automatic),No,No,Yes,No,Yes,0
0.18848851024232702,0.0278619390838584,Two year,DSL,Bank transfer (automatic),No,Yes,Yes,No,Yes,0
-0.3408762181180675,-0.801374763999037,Month-to-month,DSL,Credit card (automatic),Yes,No,No,No,Yes,2
-0.748079855318371,-0.17653909193657447,Month-to-month,DSL,Bank transfer (automatic),No,Yes,Yes,No,No,2
1.6137012404433893,1.5018758782312098,Two year,Fiber optic,Credit card (automatic),Yes,Yes,Yes,Yes,No,0
0.8400143297628127,-0.143303151933252,One year,DSL,Electronic check,Yes,Yes,No,Yes,Yes,0
-0.9924020376385531,0.6693155811479823,Month-to-month,Fiber optic,Electronic check,Yes,No,No,No,No,2
1.6137012404433893,-0.8728320350061801,Two year,DSL,Credit card (automatic),No,No,Yes,No,Yes,0
-0.62591876415828,0.9235705221733989,Month-to-month,Fiber optic,Electronic check,Yes,No,No,Yes,No,2
-1.2367242199587352,0.2920876621102721,Month-to-month,Fiber optic,Bank transfer (automatic),Yes,No,No,No,No,2
-0.9924020376385531,-1.4827115340671475,Month-to-month,No,Bank transfer (automatic),No,No internet service,No internet service,No internet service,No internet service,1
0.6364125111626608,-0.9991286070188055,One year,DSL,Mailed check,No,No,No,No,Yes,2
-0.9109613101984924,-1.3381351950526947,Month-to-month,No,Mailed check,Yes,No internet service,No internet service,No internet service,No internet service,1
-1.318164947398796,-1.4976677070686424,One year,No,Mailed check,Yes,No internet service,No internet service,No internet service,No internet service,1
-1.2774445836787656,-1.4677553610656522,Month-to-month,No,Mailed check,No,No internet service,No internet service,No internet service,No internet service,1
-0.13727439951791576,-0.22473120494139212,One year,DSL,Credit card (automatic),No,Yes,Yes,No,Yes,0
1.3286586944031769,1.4187860282229037,One year,Fiber optic,Electronic check,Yes,No,No,Yes,Yes,0
-0.9924020376385531,0.02453834508352634,Month-to-month,DSL,Bank transfer (automatic),Yes,No,Yes,No,Yes,2
1.1657772395230555,-1.3065610520495383,Two year,No,Bank transfer (automatic),No,No internet service,No internet service,No internet service,No internet service,1
0.5142514200025698,1.1761636661986499,One year,Fiber optic,Bank transfer (automatic),Yes,No,No,Yes,Yes,0
1.6137012404433893,1.3190782082129364,One year,Fiber optic,Credit card (automatic),Yes,No,No,Yes,Yes,0
-0.8295205827584317,-1.4494755940638249,Month-to-month,No,Electronic check,Yes,No internet service,No internet service,No internet service,No internet service,1
-1.0331224013585834,1.044881703185526,Month-to-month,Fiber optic,Electronic check,No,No,No,Yes,No,2
-0.9516816739185228,-0.6767399889865777,Month-to-month,DSL,Mailed check,Yes,No,No,No,No,2
0.43281069256250915,1.422109622223236,One year,Fiber optic,Electronic check,Yes,Yes,No,Yes,Yes,0
1.0436161483629645,0.9833952141793793,Two year,Fiber optic,Bank transfer (automatic),No,Yes,No,No,Yes,0
-0.6666391278783103,1.1296333501939984,Month-to-month,Fiber optic,Electronic check,Yes,No,No,Yes,Yes,2
-1.2367242199587352,-1.477726143066649,Month-to-month,No,Mailed check,No,No internet service,No internet service,No internet service,No internet service,1
-0.9924020376385531,1.2093996062019723,Month-to-month,Fiber optic,Electronic check,No,No,No,Yes,Yes,2
0.3106496014024181,1.3622849302172555,One year,Fiber optic,Bank transfer (automatic),No,No,Yes,Yes,Yes,0
-0.9516816739185228,0.544680806135523,Month-to-month,Fiber optic,Electronic check,Yes,No,Yes,No,No,2
0.35136996512244845,0.8238627021634315,One year,Fiber optic,Electronic check,Yes,Yes,No,Yes,No,0
-0.2594354906780068,-0.3327480099521901,Month-to-month,DSL,Credit card (automatic),Yes,No,No,No,Yes,2
0.025607055362205634,-0.3659839499555126,One year,DSL,Credit card (automatic),Yes,Yes,No,No,No,0
1.4508197855632678,1.3622849302172555,One year,Fiber optic,Credit card (automatic),No,Yes,No,Yes,Yes,0
1.3286586944031769,1.3656085242175875,Two year,Fiber optic,Credit card (automatic),Yes,Yes,No,Yes,Yes,0
0.9214550572028734,-0.018668376920792765,One year,DSL,Electronic check,Yes,Yes,No,No,No,0
-0.5037576729981889,0.7956121531606076,Month-to-month,Fiber optic,Electronic check,Yes,No,No,Yes,Yes,2
-0.5444780367182193,0.7623762131572851,One year,Fiber optic,Credit card (automatic),Yes,Yes,No,No,No,2
0.5142514200025698,0.8155537171626008,Month-to-month,Fiber optic,Credit card (automatic),Yes,No,No,No,Yes,2
1.5322605130033284,-1.4827115340671475,Two year,No,Credit card (automatic),Yes,No internet service,No internet service,No internet service,No internet service,1
-1.2367242199587352,0.4981504901308714,Month-to-month,Fiber optic,Electronic check,Yes,No,No,Yes,No,2
-0.21871512695797646,0.9900424021800438,Month-to-month,Fiber optic,Mailed check,Yes,No,No,Yes,No,2
-0.8295205827584317,-1.4860351280674797,Two year,No,Electronic check,Yes,No internet service,No internet service,No internet service,No internet service,1
1.6137012404433893,0.08103944308917463,Two year,DSL,Credit card (automatic),No,Yes,Yes,Yes,Yes,0
-0.8295205827584317,0.9900424021800438,Month-to-month,Fiber optic,Electronic check,No,No,No,Yes,No,2
-1.1145631287986442,0.142525932095321,Month-to-month,Fiber optic,Mailed check,Yes,No,No,No,No,2
1.5729808767233588,1.42044782522307,Month-to-month,Fiber optic,Electronic check,Yes,No,Yes,Yes,Yes,0
0.10704778280226633,0.27380789510844483,One year,DSL,Electronic check,Yes,Yes,No,Yes,Yes,0
1.5322605130033284,1.6614083902471577,Two year,Fiber optic,Credit card (automatic),No,Yes,Yes,Yes,Yes,0
-0.055833672077855064,0.37517751211857825,Month-to-month,Fiber optic,Electronic check,Yes,No,No,No,No,2
0.7992939660427822,1.0465435001856922,Two year,Fiber optic,Bank transfer (automatic),Yes,Yes,No,No,Yes,0
0.18848851024232702,1.2077378092018058,Month-to-month,Fiber optic,Electronic check,Yes,No,No,Yes,Yes,2
1.4915401492832983,1.327387193213767,One year,Fiber optic,Bank transfer (automatic),Yes,Yes,No,Yes,No,0
-0.0965540357978854,0.4366640011247251,Month-to-month,Fiber optic,Mailed check,No,No,No,No,No,2
0.025607055362205634,0.8604222361670865,Month-to-month,Fiber optic,Electronic check,Yes,No,Yes,No,No,2
0.880734693482843,1.5184938482328711,Two year,Fiber optic,Electronic check,Yes,Yes,No,Yes,Yes,0
1.0843365120829946,0.1308933530941583,One year,DSL,Bank transfer (automatic),No,Yes,Yes,No,No,0
0.9214550572028734,-0.6617838159850825,Month-to-month,DSL,Electronic check,Yes,No,Yes,Yes,No,0
1.4915401492832983,-1.1619847130350858,One year,DSL,Credit card (automatic),Yes,No,No,No,Yes,0
1.369379058123207,0.8022593411612722,One year,Fiber optic,Bank transfer (automatic),Yes,No,No,Yes,No,0
0.18848851024232702,-0.19980424993890028,One year,DSL,Mailed check,Yes,Yes,Yes,No,Yes,0
-0.9516816739185228,-1.4926823160681442,One year,No,Credit card (automatic),No,No internet service,No internet service,No internet service,No internet service,1
1.4915401492832983,0.7357874611546272,Two year,DSL,Bank transfer (automatic),No,Yes,Yes,Yes,Yes,0
-0.9109613101984924,-0.1698919039359101,Month-to-month,DSL,Mailed check,Yes,No,No,Yes,No,2
0.3106496014024181,-0.3161300399505289,Month-to-month,DSL,Mailed check,Yes,No,Yes,No,No,2
-0.7888002190384014,0.05445069108651675,Month-to-month,DSL,Credit card (automatic),No,No,No,Yes,No,2
-1.0738427650786138,0.8421424691652587,Month-to-month,Fiber optic,Electronic check,Yes,No,No,Yes,No,2
1.4915401492832983,-1.4827115340671475,Two year,No,Bank transfer (automatic),No,No internet service,No internet service,No internet service,No internet service,1
1.369379058123207,1.440389389225063,One year,Fiber optic,Credit card (automatic),Yes,Yes,No,Yes,Yes,0
-0.8702409464784621,-0.3659839499555126,Month-to-month,DSL,Electronic check,No,No,No,No,Yes,2
0.5549717837226001,-0.2612907389450469,One year,DSL,Mailed check,No,Yes,Yes,No,Yes,0
-1.0738427650786138,0.8155537171626008,Month-to-month,Fiber optic,Electronic check,No,No,No,Yes,No,2
0.9621754209229036,1.4902432992300467,Month-to-month,Fiber optic,Mailed check,Yes,Yes,Yes,Yes,Yes,0
1.5322605130033284,-1.3165318340505352,Two year,No,Credit card (automatic),No,No internet service,No internet service,No internet service,No internet service,1
0.025607055362205634,0.47820892612887816,One year,DSL,Electronic check,Yes,Yes,No,Yes,Yes,0
1.6137012404433893,0.06608327008767942,Two year,DSL,Credit card (automatic),No,Yes,Yes,No,No,0
-1.1960038562387048,1.0116457631822036,Month-to-month,Fiber optic,Electronic check,Yes,No,No,Yes,No,2
-0.5444780367182193,-0.5305018529719588,Month-to-month,DSL,Mailed check,No,Yes,No,No,No,2
-1.1145631287986442,-0.6335332669822583,Month-to-month,DSL,Electronic check,No,No,No,Yes,No,2
1.5729808767233588,0.5297246331340278,Two year,DSL,Credit card (automatic),Yes,Yes,No,Yes,Yes,0
-0.9924020376385531,0.3236618051134285,Month-to-month,Fiber optic,Electronic check,Yes,No,Yes,No,No,2
-1.2774445836787656,-1.4694171580658184,Month-to-month,No,Credit card (automatic),No,No internet service,No internet service,No internet service,No internet service,1
-1.2774445836787656,0.4948268961305394,Month-to-month,Fiber optic,Electronic check,Yes,No,No,Yes,No,2
1.1657772395230555,1.6730409692483204,One year,Fiber optic,Mailed check,Yes,Yes,Yes,Yes,Yes,0
1.5729808767233588,-0.16823010693574386,Two year,DSL,Bank transfer (automatic),No,Yes,Yes,Yes,No,0
1.4508197855632678,0.720831288153132,One year,Fiber optic,Credit card (automatic),No,No,No,No,Yes,0
0.5549717837226001,-1.0323645470221279,One year,DSL,Credit card (automatic),No,Yes,No,No,Yes,0
0.025607055362205634,0.5097830691320341,One year,Fiber optic,Bank transfer (automatic),No,No,Yes,No,No,0
0.8400143297628127,1.3057838322116073,Two year,Fiber optic,Bank transfer (automatic),Yes,Yes,Yes,No,Yes,0
0.7178532386027215,1.461992750227223,Month-to-month,Fiber optic,Bank transfer (automatic),No,No,Yes,Yes,Yes,0
1.002895784642934,-0.7864185909975417,One year,DSL,Credit card (automatic),Yes,Yes,Yes,No,Yes,0
0.880734693482843,-1.4760643460664828,Two year,No,Bank transfer (automatic),Yes,No internet service,No internet service,No internet service,No internet service,1
1.125056875803025,1.3672703212177542,Month-to-month,Fiber optic,Electronic check,Yes,No,No,Yes,Yes,2
-0.1779947632379461,1.2143849972024705,Month-to-month,Fiber optic,Credit card (automatic),Yes,Yes,No,Yes,No,2
-1.2774445836787656,0.5081212721318681,Month-to-month,Fiber optic,Mailed check,Yes,No,No,Yes,No,2
-0.13727439951791576,0.8122301231622688,Month-to-month,Fiber optic,Electronic check,Yes,No,No,No,Yes,2
-0.9109613101984924,0.02453834508352634,Month-to-month,DSL,Electronic check,Yes,Yes,No,No,No,2
0.43281069256250915,-0.8080219519997013,Month-to-month,DSL,Electronic check,Yes,No,Yes,No,Yes,2
-0.7888002190384014,0.18905624809997262,Month-to-month,Fiber optic,Bank transfer (automatic),No,No,No,No,No,2
0.43281069256250915,0.466576347127715,Two year,DSL,Electronic check,Yes,Yes,Yes,Yes,Yes,0
-0.5444780367182193,0.6277706561438292,Month-to-month,Fiber optic,Electronic check,Yes,No,No,No,No,2
-1.2774445836787656,0.8421424691652587,Month-to-month,Fiber optic,Electronic check,Yes,No,No,Yes,No,2
1.4915401492832983,0.5878875281398422,Two year,DSL,Credit card (automatic),Yes,Yes,Yes,Yes,Yes,0
1.1657772395230555,-1.479387940066815,Two year,No,Credit card (automatic),No,No internet service,No internet service,No internet service,No internet service,1
0.43281069256250915,0.04946530008601819,Month-to-month,DSL,Bank transfer (automatic),No,Yes,Yes,No,No,2
-1.0738427650786138,-1.504314895069307,Month-to-month,No,Bank transfer (automatic),No,No internet service,No internet service,No internet service,No internet service,1
-1.2774445836787656,-0.44907379996381874,Month-to-month,DSL,Mailed check,No,Yes,No,No,No,2
0.9621754209229036,0.82884809316393,Month-to-month,Fiber optic,Mailed check,No,No,No,Yes,No,2
1.5322605130033284,-0.007035797919630092,Two year,DSL,Bank transfer (automatic),No,Yes,Yes,Yes,Yes,0
-1.2774445836787656,-0.6368568609825906,Month-to-month,DSL,Electronic check,Yes,No,No,No,No,2
0.6771328748826912,0.9601300561770538,One year,Fiber optic,Electronic check,Yes,No,No,Yes,Yes,0
-1.0738427650786138,-0.5022513039691348,Month-to-month,DSL,Bank transfer (automatic),Yes,Yes,No,No,No,2
-0.015113308357824713,0.2937494591104381,Two year,DSL,Mailed check,No,Yes,Yes,No,Yes,0
1.6137012404433893,1.4952286902305454,Two year,Fiber optic,Mailed check,Yes,Yes,Yes,Yes,Yes,0
0.18848851024232702,-0.11006721192992953,Two year,DSL,Credit card (automatic),No,Yes,Yes,No,No,0
1.4915401492832983,1.3838882912194153,One year,Fiber optic,Credit card (automatic),Yes,Yes,Yes,Yes,No,0
-0.2594354906780068,0.5696077611380149,Month-to-month,DSL,Bank transfer (automatic),No,Yes,No,Yes,Yes,0
1.0436161483629645,1.3440051632154282,One year,Fiber optic,Credit card (automatic),Yes,No,No,Yes,Yes,0
-0.3408762181180675,-0.33773340095268845,One year,DSL,Bank transfer (automatic),No,Yes,No,No,No,0
-1.1145631287986442,-1.4694171580658184,One year,No,Electronic check,No,No internet service,No internet service,No internet service,No internet service,1
-0.7073594915983407,-1.4876969250676457,Month-to-month,No,Electronic check,Yes,No internet service,No internet service,No internet service,No internet service,1
-0.0965540357978854,-1.4976677070686424,Two year,No,Mailed check,No,No internet service,No internet service,No internet service,No internet service,1
0.9214550572028734,0.042818112085353605,One year,DSL,Credit card (automatic),Yes,Yes,Yes,No,No,0
-0.30015585439803716,-1.0223937650211312,Month-to-month,DSL,Bank transfer (automatic),Yes,No,No,Yes,No,0
-0.9109613101984924,0.9219087251732329,Month-to-month,Fiber optic,Mailed check,Yes,Yes,No,Yes,Yes,2
0.47353105628253944,-0.35601316795451593,Two year,DSL,Credit card (automatic),Yes,Yes,Yes,No,Yes,0
0.5956921474426305,-0.19481885893840195,One year,DSL,Mailed check,Yes,Yes,Yes,No,No,0
-0.7888002190384014,0.7839795741594444,Month-to-month,Fiber optic,Electronic check,No,No,No,Yes,No,2
0.6771328748826912,1.435403998224565,Two year,Fiber optic,Bank transfer (automatic),Yes,Yes,No,Yes,Yes,0
1.2879383306831464,1.068146861187852,One year,Fiber optic,Mailed check,Yes,Yes,Yes,Yes,No,0
-1.2774445836787656,-1.517609271070636,Month-to-month,No,Mailed check,No,No internet service,No internet service,No internet service,No internet service,1
-0.5037576729981889,-0.4906187249679718,Month-to-month,DSL,Mailed check,No,Yes,No,No,No,2
0.18848851024232702,-0.6435040489832552,Two year,DSL,Electronic check,No,Yes,Yes,Yes,No,0
-0.0965540357978854,0.6875953481498096,Month-to-month,Fiber optic,Electronic check,No,No,No,Yes,No,2
0.22920887396235737,0.642726829145324,One year,DSL,Bank transfer (automatic),No,No,Yes,Yes,Yes,0
-1.2774445836787656,0.32200000811326246,Month-to-month,Fiber optic,Mailed check,Yes,No,No,No,No,2
0.18848851024232702,-0.00038860991896550476,Month-to-month,DSL,Electronic check,Yes,No,No,Yes,No,2
0.7992939660427822,0.04946530008601819,Two year,DSL,Credit card (automatic),No,Yes,Yes,Yes,Yes,0
1.5729808767233588,0.4034280611214026,Two year,DSL,Credit card (automatic),Yes,Yes,Yes,Yes,Yes,0
-0.2594354906780068,0.8321716871642622,Month-to-month,Fiber optic,Electronic check,No,No,No,Yes,Yes,2
1.369379058123207,0.32698539911376057,Two year,DSL,Credit card (automatic),Yes,No,Yes,No,Yes,0
1.6137012404433893,1.7345274582544672,Two year,Fiber optic,Credit card (automatic),Yes,Yes,Yes,Yes,Yes,0
-0.30015585439803716,-0.801374763999037,One year,DSL,Credit card (automatic),Yes,No,Yes,Yes,No,0
1.4915401492832983,1.6481140142458286,Two year,Fiber optic,Bank transfer (automatic),Yes,Yes,Yes,Yes,Yes,0
0.8400143297628127,0.16412929309748078,Two year,DSL,Bank transfer (automatic),No,No,Yes,No,No,0
-0.8295205827584317,1.0216165451832002,One year,Fiber optic,Mailed check,No,No,No,Yes,Yes,2
-0.2594354906780068,1.1263097561936661,Month-to-month,Fiber optic,Electronic check,Yes,Yes,No,Yes,Yes,2
-0.46303730927815856,-0.10342002392926519,Month-to-month,DSL,Mailed check,No,No,No,No,Yes,2
-1.2774445836787656,0.8172155141627669,Month-to-month,Fiber optic,Electronic check,Yes,No,No,Yes,No,2
0.6364125111626608,1.0182929511828682,Month-to-month,Fiber optic,Electronic check,Yes,Yes,Yes,No,No,2
-0.2594354906780068,-0.9758634490164798,One year,DSL,Credit card (automatic),No,No,Yes,No,Yes,0
1.125056875803025,-1.4893587220678117,Two year,No,Mailed check,No,No internet service,No internet service,No internet service,No internet service,1
-0.5851984004382496,-1.5126238800701375,Month-to-month,No,Mailed check,No,No internet service,No internet service,No internet service,No internet service,1
-0.9109613101984924,-1.166970104035584,Month-to-month,DSL,Electronic check,Yes,Yes,No,No,No,2
-1.1145631287986442,0.6560212051466532,Month-to-month,Fiber optic,Electronic check,Yes,No,Yes,No,Yes,2
-1.1552834925186746,-1.4744025490663168,One year,No,Mailed check,Yes,No internet service,No internet service,No internet service,No internet service,1
1.3286586944031769,-1.329826210051864,Two year,No,Credit card (automatic),No,No internet service,No internet service,No internet service,No internet service,1
1.5322605130033284,-1.3098846460498705,Two year,No,Mailed check,No,No internet service,No internet service,No internet service,No internet service,1
-0.5851984004382496,0.8620840331672525,Month-to-month,Fiber optic,Credit card (automatic),Yes,No,No,No,Yes,2
1.2064976032430856,-1.4876969250676457,Two year,No,Bank transfer (automatic),No,No internet service,No internet service,No internet service,No internet service,1
1.369379058123207,-0.16656830993557784,Two year,DSL,Electronic check,Yes,No,Yes,Yes,No,0
1.3286586944031769,0.5895493251400082,Two year,DSL,Bank transfer (automatic),Yes,Yes,Yes,Yes,No,0
-1.1960038562387048,0.18407085709947407,Month-to-month,Fiber optic,Electronic check,Yes,No,No,No,No,2
0.06632741908223598,-1.4760643460664828,Month-to-month,No,Mailed check,No,No internet service,No internet service,No internet service,No internet service,1
-0.6666391278783103,0.8654076271675846,Month-to-month,Fiber optic,Bank transfer (automatic),Yes,No,No,Yes,Yes,2
0.880734693482843,1.302460238211275,One year,Fiber optic,Bank transfer (automatic),Yes,No,Yes,Yes,Yes,0
0.7178532386027215,1.3356961782145975,Month-to-month,Fiber optic,Electronic check,Yes,Yes,No,Yes,Yes,2
1.5729808767233588,1.3456669602155942,Two year,Fiber optic,Electronic check,Yes,Yes,No,Yes,Yes,0
-0.9109613101984924,0.3319707901142591,Month-to-month,Fiber optic,Electronic check,Yes,No,No,No,No,2
-1.2774445836787656,-0.46402997296531395,Month-to-month,DSL,Electronic check,Yes,Yes,No,No,No,2
-0.5851984004382496,-1.3630621500551865,One year,No,Mailed check,No,No internet service,No internet service,No internet service,No internet service,1
-1.1552834925186746,-0.1150526029304281,Month-to-month,DSL,Electronic check,Yes,Yes,No,Yes,No,2
1.0436161483629645,0.36686852711774764,Two year,DSL,Mailed check,No,Yes,Yes,Yes,Yes,0
0.9621754209229036,1.1047063951915064,One year,Fiber optic,Electronic check,Yes,No,Yes,Yes,No,0
-1.2367242199587352,0.5147684601325326,Month-to-month,Fiber optic,Electronic check,Yes,No,No,Yes,No,2
-0.015113308357824713,0.46989994112804756,Month-to-month,Fiber optic,Electronic check,Yes,No,No,No,Yes,2
0.9621754209229036,-0.42414684496132693,One year,DSL,Mailed check,Yes,Yes,Yes,Yes,No,0
0.14776814652229667,0.6643301901474837,Month-to-month,Fiber optic,Electronic check,Yes,No,No,No,No,2
-1.1552834925186746,-0.012021188920128179,Month-to-month,DSL,Mailed check,Yes,Yes,No,Yes,No,2
0.8400143297628127,0.6875953481498096,Month-to-month,Fiber optic,Bank transfer (automatic),No,No,No,Yes,No,2
-0.9109613101984924,-0.6302096729819263,Month-to-month,DSL,Credit card (automatic),Yes,No,No,No,No,2
-1.1552834925186746,-1.1387195550327598,Month-to-month,DSL,Electronic check,No,Yes,No,No,No,2
-1.2774445836787656,-1.491020519067978,Month-to-month,No,Mailed check,No,No internet service,No internet service,No internet service,No internet service,1
0.758573602322752,0.14584952609565352,Month-to-month,Fiber optic,Mailed check,No,No,No,No,No,2
-0.8295205827584317,1.1528985081963241,Month-to-month,Fiber optic,Electronic check,Yes,No,No,Yes,Yes,2
-1.0738427650786138,-0.5155456799704636,One year,DSL,Mailed check,Yes,Yes,No,Yes,No,0
1.247217966963116,-0.844581486003356,Two year,DSL,Bank transfer (automatic),No,Yes,No,No,Yes,0
-1.2774445836787656,0.19404163910047073,Month-to-month,Fiber optic,Electronic check,Yes,No,No,No,No,2
0.6364125111626608,1.3406815692150957,Month-to-month,Fiber optic,Credit card (automatic),Yes,Yes,No,Yes,No,2
-1.1145631287986442,0.5396954151350245,Month-to-month,Fiber optic,Credit card (automatic),Yes,No,No,Yes,No,2
0.10704778280226633,-1.4843733310673135,One year,No,Credit card (automatic),Yes,No internet service,No internet service,No internet service,No internet service,1
-1.0738427650786138,0.6676537841478158,Month-to-month,Fiber optic,Electronic check,Yes,No,No,Yes,No,2
-1.2367242199587352,-1.4960059100684764,Month-to-month,No,Mailed check,No,No internet service,No internet service,No internet service,No internet service,1
0.7178532386027215,-1.4960059100684764,One year,No,Bank transfer (automatic),No,No internet service,No internet service,No internet service,No internet service,1
0.025607055362205634,0.1873944510998066,Month-to-month,Fiber optic,Bank transfer (automatic),Yes,No,No,No,No,2
-0.055833672077855064,-1.4727407520661506,Two year,No,Mailed check,No,No internet service,No internet service,No internet service,No internet service,1
-0.9516816739185228,-1.4760643460664828,Two year,No,Mailed check,No,No internet service,No internet service,No internet service,No internet service,1
0.880734693482843,0.7125223031523015,Month-to-month,DSL,Electronic check,Yes,Yes,No,Yes,Yes,0
0.5549717837226001,1.0266019361836989,One year,Fiber optic,Credit card (automatic),Yes,No,Yes,Yes,Yes,0
0.06632741908223598,1.2974748472107767,One year,Fiber optic,Electronic check,Yes,No,Yes,Yes,No,0
1.5729808767233588,1.0781176431888486,Two year,Fiber optic,Electronic check,Yes,No,Yes,Yes,No,0
1.247217966963116,-0.04027173792295256,Two year,DSL,Mailed check,No,Yes,Yes,No,Yes,0
0.758573602322752,-1.3231790220511994,Two year,No,Bank transfer (automatic),No,No internet service,No internet service,No internet service,No internet service,1
-0.2594354906780068,0.8105683261621028,Month-to-month,Fiber optic,Electronic check,Yes,No,No,Yes,No,2
1.2879383306831464,1.1379423351948288,Two year,Fiber optic,Bank transfer (automatic),Yes,No,Yes,Yes,Yes,0
-1.2774445836787656,-1.328164413051698,Month-to-month,DSL,Electronic check,Yes,No,No,No,No,2
1.1657772395230555,0.6909189421501416,One year,Fiber optic,Bank transfer (automatic),Yes,Yes,No,No,No,2
-0.7073594915983407,0.9717626351782166,Month-to-month,Fiber optic,Credit card (automatic),Yes,No,No,Yes,Yes,2
1.2879383306831464,1.3589613362169235,One year,Fiber optic,Credit card (automatic),Yes,Yes,No,Yes,No,0
-0.5851984004382496,-0.4806479429669752,Month-to-month,DSL,Electronic check,Yes,No,No,No,No,2
1.002895784642934,1.0049985751815391,One year,Fiber optic,Electronic check,Yes,No,No,Yes,No,0
-0.748079855318371,-0.11172900893009581,Two year,DSL,Bank transfer (automatic),Yes,No,Yes,No,No,0
-0.5851984004382496,0.5247392421335293,Month-to-month,Fiber optic,Credit card (automatic),Yes,No,No,No,No,2
1.6137012404433893,0.45660556512671835,Two year,Fiber optic,Bank transfer (automatic),No,No,Yes,No,No,0
1.5322605130033284,1.6464522172456624,Two year,Fiber optic,Credit card (automatic),No,Yes,Yes,Yes,Yes,0
0.22920887396235737,-1.4860351280674797,Two year,No,Mailed check,No,No internet service,No internet service,No internet service,No internet service,1
1.4508197855632678,-0.07018408392594272,Two year,DSL,Credit card (automatic),No,Yes,Yes,No,Yes,0
-0.7888002190384014,0.534710024134526,Month-to-month,Fiber optic,Electronic check,Yes,No,No,No,No,2
1.3286586944031769,0.9285559131738974,Two year,Fiber optic,Credit card (automatic),Yes,No,Yes,Yes,No,0
-0.0965540357978854,1.1861344481996465,Month-to-month,Fiber optic,Electronic check,No,No,No,Yes,Yes,2
0.758573602322752,0.3469269631157543,Two year,DSL,Bank transfer (automatic),Yes,Yes,No,Yes,No,0
-0.055833672077855064,0.6643301901474837,Month-to-month,Fiber optic,Credit card (automatic),Yes,No,Yes,No,Yes,2
-0.9516816739185228,0.8205391081630994,Month-to-month,Fiber optic,Electronic check,No,No,No,Yes,No,2
1.6137012404433893,0.4898415051300408,Two year,DSL,Bank transfer (automatic),Yes,Yes,Yes,No,Yes,0
-0.9109613101984924,0.2455573461056209,Month-to-month,DSL,Credit card (automatic),Yes,No,No,Yes,No,2
0.18848851024232702,-1.4943441130683104,One year,No,Electronic check,Yes,No internet service,No internet service,No internet service,No internet service,1
-1.2367242199587352,0.3868100911197414,Month-to-month,DSL,Electronic check,No,Yes,No,Yes,Yes,0
0.9214550572028734,1.2010906212011416,One year,Fiber optic,Mailed check,Yes,No,Yes,Yes,No,0
0.025607055362205634,1.0149693571825356,Month-to-month,Fiber optic,Bank transfer (automatic),Yes,No,Yes,No,Yes,2
0.5549717837226001,0.8703930181680831,One year,Fiber optic,Bank transfer (automatic),No,Yes,No,No,Yes,0
-1.2774445836787656,-0.3410569949530208,Month-to-month,DSL,Electronic check,No,Yes,Yes,No,No,2
-0.5037576729981889,-0.10508182092943122,Month-to-month,DSL,Mailed check,Yes,No,No,No,No,2
-0.9516816739185228,0.50313588113137,Month-to-month,Fiber optic,Electronic check,Yes,No,No,No,Yes,2
-0.015113308357824713,1.04321990618536,Month-to-month,Fiber optic,Credit card (automatic),Yes,No,No,Yes,No,2
-0.5444780367182193,-0.5039131009693008,Month-to-month,DSL,Bank transfer (automatic),Yes,No,No,No,Yes,2
1.5322605130033284,0.017891157082861757,Two year,DSL,Credit card (automatic),No,Yes,Yes,No,Yes,0
1.1657772395230555,-1.3215172250510334,Two year,No,Credit card (automatic),Yes,No internet service,No internet service,No internet service,No internet service,1
-0.2594354906780068,-0.641842251983089,Month-to-month,DSL,Electronic check,No,No,No,No,No,2
0.5142514200025698,1.4287568102239003,Month-to-month,Fiber optic,Bank transfer (automatic),Yes,No,No,Yes,Yes,2
1.2064976032430856,0.8089065291619363,Two year,Fiber optic,Credit card (automatic),Yes,No,No,Yes,Yes,0
-1.2774445836787656,-1.4993295040688086,Month-to-month,No,Mailed check,No,No internet service,No internet service,No internet service,No internet service,1
-1.1960038562387048,-0.6651074099854147,Month-to-month,DSL,Mailed check,No,No,No,No,No,2
0.35136996512244845,1.2243557792034672,One year,Fiber optic,Bank transfer (automatic),Yes,No,Yes,No,Yes,0
1.4100994218432374,1.2758714862086173,Two year,Fiber optic,Bank transfer (automatic),No,Yes,No,Yes,Yes,0
-1.2774445836787656,0.6610065961471517,Month-to-month,Fiber optic,Mailed check,Yes,No,No,Yes,No,2
1.5729808767233588,1.0266019361836989,One year,Fiber optic,Mailed check,No,No,Yes,Yes,No,0
0.18848851024232702,0.3436033691154218,One year,DSL,Bank transfer (automatic),No,No,Yes,Yes,No,0
1.125056875803025,-0.11339080593026184,Two year,DSL,Mailed check,Yes,Yes,Yes,No,No,0
-1.2774445836787656,0.15914390209698223,Month-to-month,Fiber optic,Electronic check,Yes,No,No,No,No,2
-1.0738427650786138,-1.4976677070686424,Month-to-month,No,Credit card (automatic),No,No internet service,No internet service,No internet service,No internet service,1
-0.7888002190384014,-1.1204397880309327,Month-to-month,DSL,Electronic check,Yes,No,No,No,No,2
-0.8702409464784621,-0.4573827849646494,Month-to-month,DSL,Bank transfer (automatic),No,No,Yes,No,No,2
-1.0331224013585834,-0.4573827849646494,Month-to-month,DSL,Mailed check,Yes,No,Yes,No,No,2
-0.9109613101984924,0.8005975441611056,Month-to-month,Fiber optic,Electronic check,Yes,No,No,Yes,No,2
0.06632741908223598,-1.4860351280674797,Two year,No,Credit card (automatic),No,No internet service,No internet service,No internet service,No internet service,1
1.2064976032430856,0.011243969082197169,Two year,DSL,Mailed check,Yes,Yes,Yes,No,No,0
1.2879383306831464,0.179085466098976,One year,DSL,Mailed check,Yes,Yes,No,No,No,0
-1.2774445836787656,-0.6784017859867437,Month-to-month,DSL,Bank transfer (automatic),Yes,No,No,No,No,2
-0.30015585439803716,-1.462769970065154,Two year,No,Mailed check,Yes,No internet service,No internet service,No internet service,No internet service,1
-0.2594354906780068,-0.28954128794787104,One year,DSL,Mailed check,Yes,No,No,No,Yes,0
-0.9109613101984924,-1.4893587220678117,One year,No,Bank transfer (automatic),Yes,No internet service,No internet service,No internet service,No internet service,1
0.8400143297628127,1.1246479591934997,One year,Fiber optic,Mailed check,No,No,Yes,Yes,Yes,0
-1.0331224013585834,0.4964886931307054,Month-to-month,Fiber optic,Electronic check,Yes,No,No,Yes,No,2
0.025607055362205634,0.4732235351283796,Month-to-month,Fiber optic,Credit card (automatic),Yes,No,No,No,Yes,2
1.5729808767233588,0.8205391081630994,Two year,Fiber optic,Credit card (automatic),No,No,No,No,Yes,0
-0.13727439951791576,0.31369102311243185,Month-to-month,Fiber optic,Electronic check,Yes,No,No,No,No,2
-0.3408762181180675,0.5396954151350245,Month-to-month,DSL,Bank transfer (automatic),No,Yes,Yes,Yes,No,0
-0.5037576729981889,-0.5039131009693008,Month-to-month,DSL,Electronic check,Yes,No,No,No,Yes,2
-1.2774445836787656,0.6593447991469852,Month-to-month,Fiber optic,Electronic check,Yes,No,No,Yes,No,2
0.880734693482843,-0.3244390249513595,Month-to-month,DSL,Credit card (automatic),Yes,No,No,No,No,2
-1.1145631287986442,0.6676537841478158,Month-to-month,Fiber optic,Mailed check,Yes,No,No,Yes,Yes,2
1.6137012404433893,0.6460504231456565,Two year,DSL,Bank transfer (automatic),Yes,Yes,Yes,Yes,Yes,0
0.7992939660427822,1.3805646972190828,Two year,Fiber optic,Electronic check,Yes,Yes,Yes,Yes,Yes,0
-0.9516816739185228,0.142525932095321,Month-to-month,Fiber optic,Electronic check,No,No,No,No,No,2
-1.2774445836787656,-0.6435040489832552,Month-to-month,DSL,Mailed check,Yes,No,No,No,No,2
-1.2774445836787656,0.2954112561106046,Month-to-month,Fiber optic,Electronic check,Yes,No,No,No,No,2
0.025607055362205634,0.30372024111143525,One year,DSL,Mailed check,Yes,Yes,No,Yes,Yes,0
0.9214550572028734,0.43167861012422654,Month-to-month,Fiber optic,Electronic check,Yes,No,No,No,Yes,2
1.4915401492832983,1.1495749141959914,Two year,Fiber optic,Electronic check,Yes,Yes,No,Yes,No,0
-1.2774445836787656,-0.46569176996548,Month-to-month,DSL,Mailed check,Yes,No,Yes,No,No,2
0.880734693482843,0.7424346491552913,Two year,DSL,Bank transfer (automatic),No,Yes,Yes,Yes,Yes,0
0.025607055362205634,-1.4827115340671475,One year,No,Mailed check,Yes,No internet service,No internet service,No internet service,No internet service,1
0.5142514200025698,1.1279715531938321,One year,Fiber optic,Bank transfer (automatic),Yes,Yes,No,Yes,Yes,0
-0.8702409464784621,-1.3148700370503688,Month-to-month,DSL,Electronic check,No,No,No,No,No,2
-1.0738427650786138,-0.3011738669490337,Month-to-month,DSL,Bank transfer (automatic),Yes,No,Yes,No,No,2
-0.46303730927815856,0.019552954083027783,Month-to-month,DSL,Bank transfer (automatic),No,No,Yes,Yes,Yes,0
1.3286586944031769,-1.3115464430500368,Two year,No,Bank transfer (automatic),Yes,No internet service,No internet service,No internet service,No internet service,1
-1.0738427650786138,0.6510358141461546,Month-to-month,Fiber optic,Electronic check,Yes,No,No,No,No,2
-0.9924020376385531,0.6709773781481484,Month-to-month,Fiber optic,Electronic check,No,No,Yes,Yes,No,2
-0.8702409464784621,0.3020584441112687,Month-to-month,Fiber optic,Electronic check,Yes,Yes,No,No,No,2
0.43281069256250915,-1.3464441800535252,Two year,No,Mailed check,No,No internet service,No internet service,No internet service,No internet service,1
0.6771328748826912,-0.4307940329619915,One year,DSL,Bank transfer (automatic),Yes,No,No,Yes,No,0
-1.2774445836787656,-0.6235624849812617,Month-to-month,DSL,Electronic check,No,No,No,No,No,2
-0.7073594915983407,0.48651791112970877,Month-to-month,Fiber optic,Electronic check,Yes,No,No,No,No,2
1.125056875803025,-0.14164135493308597,Two year,DSL,Bank transfer (automatic),No,No,Yes,No,Yes,0
-0.62591876415828,-1.3181936310507012,Month-to-month,DSL,Credit card (automatic),No,No,No,No,No,2
-0.6666391278783103,0.23392476710445778,Month-to-month,Fiber optic,Bank transfer (automatic),Yes,No,No,No,No,2
0.10704778280226633,-1.4860351280674797,One year,No,Bank transfer (automatic),No,No internet service,No internet service,No internet service,No internet service,1
0.47353105628253944,0.785641371159611,One year,Fiber optic,Mailed check,No,No,No,No,No,0
-0.8295205827584317,-1.1470285400335904,One year,DSL,Credit card (automatic),No,Yes,No,No,No,0
-1.2774445836787656,-1.481049737066981,Month-to-month,No,Mailed check,No,No internet service,No internet service,No internet service,No internet service,1
-0.1779947632379461,-0.1615829189350795,One year,DSL,Electronic check,Yes,Yes,Yes,No,No,0
1.5322605130033284,-1.3165318340505352,Two year,No,Bank transfer (automatic),No,No internet service,No internet service,No internet service,No internet service,1
-1.1145631287986442,-0.6235624849812617,Month-to-month,DSL,Mailed check,No,No,No,No,No,2
-0.5851984004382496,1.2143849972024705,Month-to-month,Fiber optic,Credit card (automatic),No,No,No,Yes,Yes,2
1.5322605130033284,0.40508985812156867,Two year,DSL,Credit card (automatic),Yes,Yes,Yes,Yes,No,0
-0.9516816739185228,-0.31446824295036285,Month-to-month,DSL,Mailed check,Yes,No,No,No,No,2
1.4100994218432374,0.9202469281730669,Two year,Fiber optic,Bank transfer (automatic),Yes,Yes,Yes,Yes,No,0
-1.2774445836787656,-0.5421344319731216,Month-to-month,DSL,Bank transfer (automatic),Yes,No,Yes,No,No,2
-0.5851984004382496,-1.5093002860698053,Two year,No,Mailed check,No,No internet service,No internet service,No internet service,No internet service,1
-1.1552834925186746,-0.43245582996215753,Month-to-month,DSL,Credit card (automatic),No,No,No,No,No,2
1.5729808767233588,0.7291402731539627,One year,Fiber optic,Bank transfer (automatic),Yes,No,Yes,No,Yes,0
-0.0965540357978854,0.9850570111795457,Month-to-month,Fiber optic,Electronic check,Yes,No,Yes,Yes,No,2
-1.2774445836787656,-0.3011738669490337,Month-to-month,DSL,Mailed check,No,No,Yes,No,Yes,2
0.9214550572028734,0.6477122201458225,One year,Fiber optic,Credit card (automatic),Yes,No,Yes,No,Yes,0
1.0843365120829946,-0.003712203919297562,Month-to-month,DSL,Electronic check,Yes,Yes,No,Yes,Yes,0
-1.2774445836787656,0.179085466098976,Month-to-month,Fiber optic,Mailed check,Yes,No,No,No,No,2
-1.0331224013585834,0.14751132309581955,Month-to-month,Fiber optic,Bank transfer (automatic),Yes,No,No,No,No,2
0.5142514200025698,-0.33607160395252245,Two year,DSL,Bank transfer (automatic),No,Yes,Yes,No,No,0
0.880734693482843,-1.329826210051864,One year,No,Bank transfer (automatic),Yes,No internet service,No internet service,No internet service,No internet service,1
0.758573602322752,-1.3564149620545218,One year,No,Mailed check,Yes,No internet service,No internet service,No internet service,No internet service,1
1.6137012404433893,1.3373579752147637,One year,Fiber optic,Credit card (automatic),No,No,No,Yes,Yes,0
0.47353105628253944,-0.16324471593524553,One year,DSL,Bank transfer (automatic),Yes,Yes,Yes,No,No,0
-1.2367242199587352,-1.4860351280674797,Month-to-month,No,Mailed check,No,No internet service,No internet service,No internet service,No internet service,1
1.369379058123207,0.9102761461720702,One year,Fiber optic,Bank transfer (automatic),Yes,No,No,Yes,Yes,0
1.4508197855632678,-0.6634456129852487,One year,DSL,Mailed check,No,No,Yes,Yes,No,0
-0.055833672077855064,-1.4577845790646555,Two year,No,Credit card (automatic),No,No internet service,No internet service,No internet service,No internet service,1
-0.46303730927815856,1.0182929511828682,Month-to-month,Fiber optic,Bank transfer (automatic),Yes,No,No,Yes,No,2
-0.46303730927815856,0.5180920541328647,Month-to-month,Fiber optic,Electronic check,No,No,Yes,No,No,2
0.9214550572028734,0.6759627691486464,Two year,DSL,Bank transfer (automatic),Yes,Yes,Yes,Yes,Yes,0
-0.9516816739185228,-0.9991286070188055,Month-to-month,DSL,Credit card (automatic),Yes,No,No,Yes,No,2
1.5729808767233588,1.6713791722481544,Two year,Fiber optic,Bank transfer (automatic),Yes,Yes,Yes,Yes,Yes,0
-1.2774445836787656,0.5430190091353566,Month-to-month,Fiber optic,Electronic check,Yes,No,No,No,No,2
-0.4223169455581282,-1.4893587220678117,One year,No,Mailed check,No,No internet service,No internet service,No internet service,No internet service,1
-1.2774445836787656,-1.4694171580658184,Month-to-month,No,Mailed check,No,No internet service,No internet service,No internet service,No internet service,1
1.1657772395230555,1.3905354792200795,Two year,Fiber optic,Electronic check,Yes,Yes,No,Yes,Yes,0
1.4100994218432374,0.7108605061521354,Two year,DSL,Bank transfer (automatic),No,Yes,No,Yes,Yes,0
-0.748079855318371,0.46823814412788106,Month-to-month,Fiber optic,Electronic check,No,No,Yes,No,No,2
1.0843365120829946,1.395520870220578,Month-to-month,Fiber optic,Electronic check,Yes,Yes,Yes,Yes,Yes,0
-0.46303730927815856,0.7241548821534641,Month-to-month,Fiber optic,Bank transfer (automatic),No,No,No,Yes,Yes,2
-1.1552834925186746,-0.7432118689932226,Month-to-month,DSL,Mailed check,No,Yes,Yes,No,No,2
-1.1960038562387048,0.8205391081630994,Month-to-month,Fiber optic,Electronic check,Yes,No,No,Yes,No,2
1.5322605130033284,-1.3464441800535252,Two year,No,Bank transfer (automatic),No,No internet service,No internet service,No internet service,No internet service,1
-1.1960038562387048,1.1013828011911744,Month-to-month,Fiber optic,Electronic check,Yes,Yes,No,Yes,No,2
-0.46303730927815856,-1.4710789550659844,One year,No,Bank transfer (automatic),No,No internet service,No internet service,No internet service,No internet service,1
-0.5037576729981889,-1.5009913010689746,Month-to-month,No,Credit card (automatic),Yes,No internet service,No internet service,No internet service,No internet service,1
-0.4223169455581282,-1.479387940066815,One year,No,Bank transfer (automatic),No,No internet service,No internet service,No internet service,No internet service,1
-1.2774445836787656,-0.3011738669490337,Month-to-month,DSL,Mailed check,Yes,No,No,No,No,2
1.247217966963116,-1.4677553610656522,Two year,No,Mailed check,Yes,No internet service,No internet service,No internet service,No internet service,1
1.5322605130033284,-1.4943441130683104,Two year,No,Bank transfer (automatic),No,No internet service,No internet service,No internet service,No internet service,1
-0.7888002190384014,0.4998122871310375,Month-to-month,Fiber optic,Electronic check,Yes,No,No,No,Yes,2
-1.1145631287986442,0.5131066631323666,Month-to-month,Fiber optic,Electronic check,No,No,No,Yes,No,2
1.6137012404433893,1.7162476912526399,Two year,Fiber optic,Credit card (automatic),Yes,Yes,Yes,Yes,Yes,0
-0.7888002190384014,-1.1004982240289392,Month-to-month,DSL,Electronic check,Yes,No,No,No,No,2
1.1657772395230555,0.9767480261787151,Month-to-month,Fiber optic,Credit card (automatic),No,Yes,No,No,Yes,0
-1.2774445836787656,-1.4660935640654862,Month-to-month,No,Electronic check,No,No internet service,No internet service,No internet service,No internet service,1
0.9621754209229036,0.4017662641212361,Month-to-month,Fiber optic,Bank transfer (automatic),Yes,Yes,No,No,No,2
-1.1552834925186746,-1.4827115340671475,Month-to-month,No,Mailed check,No,No internet service,No internet service,No internet service,No internet service,1
0.10704778280226633,-0.3161300399505289,Two year,DSL,Mailed check,No,No,Yes,No,No,0
-0.5851984004382496,-0.8545522680043529,Month-to-month,DSL,Electronic check,Yes,No,No,Yes,Yes,2
1.6137012404433893,0.5779167461388456,Two year,DSL,Bank transfer (automatic),No,No,No,Yes,Yes,0
0.6771328748826912,1.2708860952081187,One year,Fiber optic,Bank transfer (automatic),No,Yes,Yes,No,Yes,0
0.47353105628253944,1.0083221691818711,Month-to-month,Fiber optic,Credit card (automatic),Yes,Yes,Yes,No,Yes,0
-1.1960038562387048,0.6360796411446599,Month-to-month,Fiber optic,Mailed check,Yes,Yes,No,Yes,No,2
0.18848851024232702,1.0099839661820376,Month-to-month,Fiber optic,Electronic check,Yes,No,No,No,Yes,2
1.1657772395230555,0.4998122871310375,One year,DSL,Electronic check,Yes,No,No,Yes,Yes,0
1.5322605130033284,0.33363258711442517,Two year,DSL,Credit card (automatic),Yes,Yes,Yes,No,Yes,0
-1.2774445836787656,0.16911468409797886,Month-to-month,Fiber optic,Electronic check,Yes,No,No,No,No,2
0.35136996512244845,-1.4727407520661506,Month-to-month,No,Electronic check,No,No internet service,No internet service,No internet service,No internet service,1
1.5322605130033284,0.4516201741262198,One year,DSL,Bank transfer (automatic),No,Yes,Yes,No,Yes,0
-1.2774445836787656,-0.3726311379561772,Month-to-month,DSL,Mailed check,Yes,No,No,Yes,No,2
0.758573602322752,-1.517609271070636,One year,No,Electronic check,No,No internet service,No internet service,No internet service,No internet service,1
0.3920903288424788,-1.4876969250676457,Two year,No,Mailed check,No,No internet service,No internet service,No internet service,No internet service,1
1.5322605130033284,0.9684390411778845,Two year,Fiber optic,Bank transfer (automatic),No,Yes,Yes,No,Yes,0
0.6364125111626608,-1.4893587220678117,One year,No,Bank transfer (automatic),No,No internet service,No internet service,No internet service,No internet service,1
1.4508197855632678,1.608230886241842,Two year,Fiber optic,Electronic check,Yes,Yes,Yes,Yes,Yes,0
0.6364125111626608,-1.3547531650543558,Two year,No,Credit card (automatic),No,No internet service,No internet service,No internet service,No internet service,1
-0.2594354906780068,0.6709773781481484,Month-to-month,Fiber optic,Electronic check,No,No,No,No,No,2
-0.8702409464784621,0.5230774451333633,Month-to-month,Fiber optic,Bank transfer (automatic),Yes,No,No,No,No,2
-1.2774445836787656,-1.5109620830699715,Month-to-month,No,Mailed check,Yes,No internet service,No internet service,No internet service,No internet service,1
-0.21871512695797646,-1.51594747407047,One year,No,Mailed check,No,No internet service,No internet service,No internet service,No internet service,1
0.5549717837226001,0.8820255971692458,One year,Fiber optic,Bank transfer (automatic),Yes,No,No,Yes,Yes,0
-1.2774445836787656,-0.5022513039691348,Month-to-month,DSL,Mailed check,Yes,No,No,No,Yes,2
0.5549717837226001,-0.34604238595351905,Two year,DSL,Credit card (automatic),No,Yes,No,No,Yes,0
-0.30015585439803716,-1.51594747407047,Month-to-month,No,Mailed check,Yes,No internet service,No internet service,No internet service,No internet service,1
-1.1552834925186746,0.787303168159777,Month-to-month,Fiber optic,Electronic check,Yes,No,No,Yes,No,2
-0.7888002190384014,-1.4960059100684764,Two year,No,Mailed check,No,No internet service,No internet service,No internet service,No internet service,1
-0.055833672077855064,0.356897745116751,One year,DSL,Credit card (automatic),Yes,Yes,Yes,No,Yes,0
-0.38159658183809786,0.6310942501441613,Month-to-month,Fiber optic,Electronic check,Yes,No,No,Yes,No,2
-1.2367242199587352,-1.5076384890696393,Month-to-month,No,Mailed check,No,No internet service,No internet service,No internet service,No internet service,1
1.3286586944031769,-1.2716633150460497,Two year,No,Bank transfer (automatic),No,No internet service,No internet service,No internet service,No internet service,1
-0.4223169455581282,0.8554368451665879,Month-to-month,Fiber optic,Bank transfer (automatic),Yes,Yes,No,Yes,No,2
0.9214550572028734,-1.51594747407047,One year,No,Credit card (automatic),No,No internet service,No internet service,No internet service,No internet service,1
-0.9516816739185228,1.0000131841810405,Month-to-month,Fiber optic,Mailed check,Yes,Yes,No,Yes,Yes,2
-1.0331224013585834,0.1724382780983114,Month-to-month,Fiber optic,Bank transfer (automatic),Yes,No,No,No,No,2
0.10704778280226633,-0.7930657789982063,One year,DSL,Mailed check,No,Yes,No,Yes,No,0
-1.0738427650786138,0.5147684601325326,Two year,DSL,Mailed check,Yes,Yes,Yes,Yes,Yes,0
-1.2774445836787656,-0.5371490409726233,Month-to-month,DSL,Credit card (automatic),Yes,No,Yes,No,No,2
-0.62591876415828,0.2006888271011353,Month-to-month,Fiber optic,Electronic check,Yes,No,No,No,No,2
-0.9109613101984924,-0.15161213693408263,Month-to-month,DSL,Mailed check,No,No,No,Yes,Yes,2
-0.7073594915983407,-0.31779183695069496,One year,DSL,Credit card (automatic),No,Yes,No,No,Yes,0
0.3106496014024181,-0.29785027294870164,Month-to-month,DSL,Electronic check,Yes,No,Yes,Yes,No,0
-0.7888002190384014,-0.35268957395418365,One year,DSL,Bank transfer (automatic),No,Yes,Yes,No,No,0
-0.13727439951791576,0.5114448661322006,Month-to-month,Fiber optic,Bank transfer (automatic),Yes,No,No,No,No,2
-1.1960038562387048,0.356897745116751,Month-to-month,Fiber optic,Electronic check,Yes,No,No,No,No,2
1.0436161483629645,1.1844726511994805,Month-to-month,Fiber optic,Bank transfer (automatic),Yes,Yes,No,Yes,No,2
0.5142514200025698,-0.07350767792627502,One year,DSL,Credit card (automatic),Yes,Yes,Yes,No,No,0
1.6137012404433893,0.18905624809997262,Two year,DSL,Bank transfer (automatic),Yes,Yes,Yes,No,Yes,0
1.4508197855632678,0.6892571451499756,One year,Fiber optic,Bank transfer (automatic),Yes,No,Yes,No,No,0
-1.2774445836787656,-1.481049737066981,Month-to-month,No,Bank transfer (automatic),Yes,No internet service,No internet service,No internet service,No internet service,1
0.22920887396235737,-0.3410569949530208,Month-to-month,DSL,Electronic check,No,No,Yes,No,No,2
-1.2367242199587352,-1.462769970065154,Month-to-month,No,Mailed check,No,No internet service,No internet service,No internet service,No internet service,1
-0.8702409464784621,-1.4760643460664828,Month-to-month,No,Mailed check,No,No internet service,No internet service,No internet service,No internet service,1
-0.5037576729981889,0.8720548151682491,One year,Fiber optic,Bank transfer (automatic),Yes,No,No,Yes,No,0
1.6137012404433893,1.330710787214099,Two year,Fiber optic,Bank transfer (automatic),Yes,No,No,Yes,Yes,0
-1.1960038562387048,0.3319707901142591,Month-to-month,Fiber optic,Credit card (automatic),Yes,No,No,No,No,2
-0.38159658183809786,1.3057838322116073,Month-to-month,Fiber optic,Mailed check,Yes,Yes,No,Yes,Yes,2
0.3106496014024181,-0.45405919096431707,Month-to-month,DSL,Electronic check,Yes,Yes,No,No,No,2
1.2064976032430856,0.8321716871642622,Month-to-month,Fiber optic,Bank transfer (automatic),Yes,No,No,No,No,2
-0.4223169455581282,-1.4694171580658184,Month-to-month,No,Electronic check,Yes,No internet service,No internet service,No internet service,No internet service,1
-0.8702409464784621,-0.023653767921291324,Month-to-month,DSL,Bank transfer (automatic),No,No,Yes,No,Yes,2
-1.0331224013585834,0.33529438411459117,Month-to-month,Fiber optic,Electronic check,Yes,No,No,No,No,2
-0.7888002190384014,1.0598378761870213,Month-to-month,Fiber optic,Electronic check,Yes,No,Yes,Yes,No,2
-1.2774445836787656,-1.4860351280674797,Month-to-month,No,Mailed check,No,No internet service,No internet service,No internet service,No internet service,1
0.26992923768238775,1.285842268209614,Month-to-month,Fiber optic,Electronic check,Yes,No,No,Yes,Yes,2
-1.1960038562387048,-1.3215172250510334,Month-to-month,DSL,Mailed check,No,No,No,No,No,2
1.0436161483629645,-1.477726143066649,Two year,No,Credit card (automatic),No,No internet service,No internet service,No internet service,No internet service,1
-1.0738427650786138,-1.2766487060465481,Month-to-month,No,Mailed check,No,No internet service,No internet service,No internet service,No internet service,1
-1.2774445836787656,-1.491020519067978,Month-to-month,No,Electronic check,Yes,No internet service,No internet service,No internet service,No internet service,1
-0.4223169455581282,-0.33440980695235617,Month-to-month,DSL,Mailed check,Yes,No,No,No,Yes,2
-0.748079855318371,-0.6119299059800988,Month-to-month,DSL,Electronic check,No,No,No,Yes,No,2
1.2879383306831464,0.8471278601657574,One year,Fiber optic,Credit card (automatic),No,No,No,No,Yes,0
-1.2774445836787656,-1.4893587220678117,Month-to-month,No,Electronic check,No,No internet service,No internet service,No internet service,No internet service,1
-1.0738427650786138,-1.4660935640654862,Month-to-month,No,Mailed check,No,No internet service,No internet service,No internet service,No internet service,1
-1.2774445836787656,0.4931650991303729,Month-to-month,Fiber optic,Electronic check,No,No,No,No,No,2
0.26992923768238775,-1.3065610520495383,One year,No,Bank transfer (automatic),No,No internet service,No internet service,No internet service,No internet service,1
-0.5037576729981889,-1.504314895069307,One year,No,Mailed check,No,No internet service,No internet service,No internet service,No internet service,1
-1.2774445836787656,0.37019212111808014,Month-to-month,Fiber optic,Electronic check,Yes,Yes,No,No,No,2
-1.2774445836787656,0.3801629031190768,Month-to-month,Fiber optic,Electronic check,No,No,No,No,Yes,2
1.2879383306831464,0.046141706085686136,One year,DSL,Credit card (automatic),Yes,No,Yes,Yes,No,0
-1.2774445836787656,-1.5126238800701375,Month-to-month,No,Mailed check,No,No internet service,No internet service,No internet service,No internet service,1
0.5549717837226001,0.14418772909548702,Month-to-month,DSL,Credit card (automatic),Yes,No,No,Yes,No,2
-0.1779947632379461,-0.8528904710041867,One year,DSL,Electronic check,Yes,No,No,No,No,0
0.025607055362205634,-1.4860351280674797,Month-to-month,No,Mailed check,No,No internet service,No internet service,No internet service,No internet service,1
0.26992923768238775,-0.16490651293541178,One year,DSL,Electronic check,No,No,Yes,No,Yes,0
0.3920903288424788,0.6493740171459885,Month-to-month,Fiber optic,Electronic check,Yes,Yes,No,No,Yes,2
-1.2774445836787656,-0.5371490409726233,Month-to-month,DSL,Electronic check,Yes,No,No,No,No,2
-1.0331224013585834,0.4732235351283796,Month-to-month,Fiber optic,Electronic check,Yes,No,No,Yes,No,2
1.5322605130033284,1.3489905542159264,Two year,Fiber optic,Credit card (automatic),No,No,Yes,Yes,Yes,0
1.3286586944031769,-1.3181936310507012,Two year,No,Bank transfer (automatic),Yes,No internet service,No internet service,No internet service,No internet service,1
-1.2774445836787656,-0.4989277099688025,Month-to-month,DSL,Electronic check,No,No,Yes,No,No,2
-0.5851984004382496,0.9966895901807084,Month-to-month,Fiber optic,Electronic check,Yes,No,No,Yes,No,2
-0.3408762181180675,0.9385266951748941,Month-to-month,Fiber optic,Electronic check,Yes,No,No,Yes,No,2
1.247217966963116,0.2372483611047903,Two year,DSL,Bank transfer (automatic),Yes,Yes,Yes,No,Yes,0
0.47353105628253944,0.42503142212356193,One year,DSL,Mailed check,Yes,No,No,Yes,No,0
-1.1552834925186746,-1.4926823160681442,Month-to-month,No,Electronic check,Yes,No internet service,No internet service,No internet service,No internet service,1
-1.2774445836787656,0.18240906009930805,Month-to-month,Fiber optic,Electronic check,Yes,No,No,No,No,2
0.18848851024232702,1.0133075601823696,Month-to-month,Fiber optic,Electronic check,Yes,No,No,Yes,No,2
-0.9109613101984924,0.6593447991469852,Month-to-month,Fiber optic,Credit card (automatic),Yes,No,No,No,Yes,2
0.06632741908223598,-1.3198554280508674,Month-to-month,DSL,Bank transfer (automatic),Yes,No,No,No,No,2
0.10704778280226633,-0.3859255139575061,One year,DSL,Credit card (automatic),No,No,Yes,Yes,Yes,0
-1.1552834925186746,-1.4827115340671475,Month-to-month,No,Electronic check,No,No internet service,No internet service,No internet service,No internet service,1
0.26992923768238775,1.2127232002023045,Month-to-month,Fiber optic,Electronic check,Yes,Yes,No,Yes,No,2
0.43281069256250915,1.1894580421999785,One year,Fiber optic,Bank transfer (automatic),Yes,No,No,Yes,Yes,0
-0.62591876415828,-1.3514295710540236,Month-to-month,No,Mailed check,No,No internet service,No internet service,No internet service,No internet service,1
1.1657772395230555,-1.3115464430500368,Two year,No,Bank transfer (automatic),No,No internet service,No internet service,No internet service,No internet service,1
0.6771328748826912,0.23392476710445778,One year,DSL,Electronic check,No,No,Yes,No,Yes,0
-1.1552834925186746,-1.4976677070686424,One year,No,Mailed check,No,No internet service,No internet service,No internet service,No internet service,1
1.2879383306831464,-0.49560411596847015,Two year,DSL,Electronic check,No,Yes,No,No,Yes,0
-1.1960038562387048,0.16080569909714826,Month-to-month,Fiber optic,Mailed check,Yes,No,No,No,No,2
-1.2774445836787656,-1.4960059100684764,Month-to-month,No,Electronic check,No,No internet service,No internet service,No internet service,No internet service,1
0.3106496014024181,0.53304822713436,One year,Fiber optic,Electronic check,No,No,No,No,Yes,0
-1.2774445836787656,-0.1582593249347472,Month-to-month,DSL,Electronic check,Yes,Yes,Yes,No,No,2
-0.9924020376385531,0.7241548821534641,Month-to-month,Fiber optic,Electronic check,Yes,No,No,No,No,2
-1.2774445836787656,-1.4594463760648215,Month-to-month,No,Mailed check,Yes,No internet service,No internet service,No internet service,No internet service,1
0.06632741908223598,-0.018668376920792765,One year,DSL,Bank transfer (automatic),No,Yes,No,Yes,Yes,0
-1.2774445836787656,-0.9891578250178088,Month-to-month,DSL,Electronic check,No,No,No,No,No,2
0.26992923768238775,-0.46569176996548,Month-to-month,DSL,Electronic check,Yes,No,No,Yes,Yes,2
1.0436161483629645,1.3539759452164248,One year,Fiber optic,Credit card (automatic),Yes,Yes,Yes,Yes,No,0
0.5142514200025698,-1.5142856770703037,Two year,No,Electronic check,No,No internet service,No internet service,No internet service,No internet service,1
-1.0738427650786138,0.677624566148813,Month-to-month,Fiber optic,Bank transfer (automatic),Yes,No,Yes,Yes,No,2
0.43281069256250915,0.8604222361670865,One year,Fiber optic,Credit card (automatic),Yes,Yes,Yes,No,Yes,0
0.35136996512244845,-1.4876969250676457,Two year,No,Mailed check,Yes,No internet service,No internet service,No internet service,No internet service,1
-1.1145631287986442,0.32864719611392706,Month-to-month,Fiber optic,Electronic check,Yes,No,No,No,No,2
1.6137012404433893,-0.11837619693076015,Two year,DSL,Credit card (automatic),Yes,Yes,Yes,Yes,Yes,0
-1.1552834925186746,-1.4893587220678117,One year,No,Mailed check,No,No internet service,No internet service,No internet service,No internet service,1
-0.9516816739185228,-0.3310862129520241,Month-to-month,DSL,Mailed check,No,Yes,No,No,No,2
1.6137012404433893,0.28876406810994004,Two year,DSL,Credit card (automatic),Yes,No,No,Yes,Yes,0
0.025607055362205634,-0.4424266119631542,One year,DSL,Mailed check,Yes,Yes,No,No,No,0
1.6137012404433893,0.5214156481331973,Two year,Fiber optic,Bank transfer (automatic),No,No,Yes,No,No,0
-0.4223169455581282,-0.3510277769540174,Month-to-month,DSL,Electronic check,Yes,Yes,Yes,No,No,2
1.5322605130033284,1.4869197052297147,One year,Fiber optic,Electronic check,Yes,Yes,No,Yes,Yes,0
-0.46303730927815856,1.3174164112127704,Month-to-month,Fiber optic,Electronic check,No,No,No,Yes,Yes,2
-0.7073594915983407,0.682609957149311,Month-to-month,Fiber optic,Electronic check,No,No,No,Yes,Yes,2
-0.13727439951791576,0.4831943171293762,Month-to-month,Fiber optic,Electronic check,Yes,Yes,No,No,No,2
-0.7073594915983407,0.39013368512007346,Month-to-month,DSL,Bank transfer (automatic),No,Yes,No,Yes,Yes,0
1.5729808767233588,1.3406815692150957,Month-to-month,Fiber optic,Credit card (automatic),Yes,No,Yes,Yes,No,2
1.6137012404433893,-1.3082228490497045,Two year,No,Bank transfer (automatic),No,No internet service,No internet service,No internet service,No internet service,1
-0.5444780367182193,0.7341256641544608,Month-to-month,Fiber optic,Electronic check,Yes,No,No,Yes,No,2
-1.2774445836787656,-1.4993295040688086,Month-to-month,No,Mailed check,No,No internet service,No internet service,No internet service,No internet service,1
-1.2774445836787656,0.36354493311741554,Month-to-month,Fiber optic,Electronic check,Yes,No,No,No,No,2
-1.2367242199587352,-0.6385186579827569,Month-to-month,DSL,Electronic check,No,No,No,No,No,2
-0.8702409464784621,0.4433111891253892,Month-to-month,Fiber optic,Credit card (automatic),Yes,No,No,No,Yes,2
-0.8295205827584317,-1.5109620830699715,One year,No,Mailed check,No,No internet service,No internet service,No internet service,No internet service,1
1.5322605130033284,1.5201556452330371,Two year,Fiber optic,Electronic check,Yes,Yes,No,Yes,Yes,0
-0.5037576729981889,0.8654076271675846,Month-to-month,Fiber optic,Electronic check,No,No,No,Yes,Yes,2
-0.38159658183809786,-1.477726143066649,Month-to-month,No,Bank transfer (automatic),Yes,No internet service,No internet service,No internet service,No internet service,1
0.6771328748826912,0.5513279941361872,Two year,DSL,Credit card (automatic),No,Yes,Yes,No,Yes,0
-1.1552834925186746,1.1030445981913404,Month-to-month,Fiber optic,Electronic check,Yes,No,No,Yes,No,2
-0.015113308357824713,1.4420511862252297,Month-to-month,Fiber optic,Credit card (automatic),Yes,Yes,Yes,Yes,No,2
-1.2367242199587352,-0.31446824295036285,Month-to-month,DSL,Electronic check,Yes,No,No,No,No,2
1.4915401492832983,-0.2729233179462098,Two year,DSL,Credit card (automatic),No,No,Yes,Yes,No,0
-1.0738427650786138,0.5230774451333633,Month-to-month,Fiber optic,Credit card (automatic),Yes,No,No,Yes,No,2
-0.3408762181180675,-1.4976677070686424,Two year,No,Mailed check,Yes,No internet service,No internet service,No internet service,No internet service,1
-0.015113308357824713,1.3057838322116073,One year,Fiber optic,Credit card (automatic),Yes,No,No,Yes,Yes,0
-0.21871512695797646,-0.3958962959585028,Two year,DSL,Bank transfer (automatic),No,No,Yes,No,No,0
-0.21871512695797646,1.3140928172124378,Month-to-month,Fiber optic,Bank transfer (automatic),Yes,Yes,Yes,Yes,No,2
1.0436161483629645,0.5280628361338618,Month-to-month,Fiber optic,Bank transfer (automatic),No,Yes,No,No,No,2
-1.2774445836787656,0.21896859410296257,Month-to-month,Fiber optic,Mailed check,Yes,No,No,No,No,2
-0.5851984004382496,-1.3331498040521963,Two year,No,Credit card (automatic),Yes,No internet service,No internet service,No internet service,No internet service,1
0.5956921474426305,-1.4444902030633266,Two year,No,Bank transfer (automatic),Yes,No internet service,No internet service,No internet service,No internet service,1
1.5322605130033284,1.5101848632320405,Two year,Fiber optic,Electronic check,Yes,Yes,No,Yes,Yes,0
-0.7888002190384014,0.8188773111629334,Month-to-month,Fiber optic,Electronic check,No,Yes,No,No,Yes,0
0.14776814652229667,-0.45572098796448335,Month-to-month,DSL,Credit card (automatic),No,No,Yes,No,No,2
1.4100994218432374,-1.4943441130683104,Two year,No,Mailed check,Yes,No internet service,No internet service,No internet service,No internet service,1
-0.9109613101984924,-1.491020519067978,Month-to-month,No,Mailed check,Yes,No internet service,No internet service,No internet service,No internet service,1
-0.5444780367182193,0.749081837155956,Month-to-month,Fiber optic,Electronic check,Yes,No,Yes,No,No,2
1.5729808767233588,-1.4926823160681442,Two year,No,Bank transfer (automatic),No,No internet service,No internet service,No internet service,No internet service,1
1.6137012404433893,0.8188773111629334,Two year,DSL,Mailed check,Yes,Yes,Yes,Yes,Yes,0
0.6364125111626608,-1.4876969250676457,Two year,No,Mailed check,No,No internet service,No internet service,No internet service,No internet service,1
-1.2774445836787656,-1.4860351280674797,Month-to-month,No,Mailed check,No,No internet service,No internet service,No internet service,No internet service,1
-0.5851984004382496,0.6144762801425001,Month-to-month,DSL,Electronic check,No,Yes,Yes,Yes,Yes,0
-1.2774445836787656,-1.4677553610656522,Month-to-month,No,Mailed check,No,No internet service,No internet service,No internet service,No internet service,1
1.4100994218432374,1.2675625012077867,Two year,Fiber optic,Bank transfer (automatic),No,Yes,No,Yes,No,0
1.4915401492832983,-0.8528904710041867,Two year,DSL,Mailed check,No,Yes,Yes,No,Yes,0
-0.5444780367182193,1.1695164781979852,Month-to-month,Fiber optic,Electronic check,Yes,No,No,Yes,No,2
1.6137012404433893,1.653099405246327,Two year,Fiber optic,Mailed check,Yes,Yes,Yes,Yes,Yes,0
0.22920887396235737,-1.481049737066981,Two year,No,Mailed check,No,No internet service,No internet service,No internet service,No internet service,1
0.3106496014024181,-0.29785027294870164,One year,DSL,Electronic check,No,No,No,No,No,0
1.1657772395230555,-1.3481059770536914,Two year,No,Mailed check,Yes,No internet service,No internet service,No internet service,No internet service,1
-0.9109613101984924,0.5396954151350245,Month-to-month,Fiber optic,Credit card (automatic),Yes,No,No,No,No,2
-0.015113308357824713,0.2671607071077802,One year,DSL,Credit card (automatic),Yes,Yes,Yes,Yes,No,0
-0.46303730927815856,1.1661928841976528,Month-to-month,Fiber optic,Credit card (automatic),Yes,No,No,Yes,No,2
1.0843365120829946,1.15456030519649,One year,Fiber optic,Electronic check,Yes,No,No,Yes,Yes,0
-0.7888002190384014,0.179085466098976,Month-to-month,Fiber optic,Electronic check,Yes,No,No,No,No,2
0.5956921474426305,-1.479387940066815,Two year,No,Credit card (automatic),No,No internet service,No internet service,No internet service,No internet service,1
1.4915401492832983,-1.288281285047711,Two year,No,Bank transfer (automatic),Yes,No internet service,No internet service,No internet service,No internet service,1
-1.2367242199587352,-1.491020519067978,Month-to-month,No,Credit card (automatic),Yes,No internet service,No internet service,No internet service,No internet service,1
-0.4223169455581282,-1.5192710680708021,Month-to-month,No,Bank transfer (automatic),No,No internet service,No internet service,No internet service,No internet service,1
-0.7073594915983407,1.0548524851865226,Month-to-month,Fiber optic,Electronic check,Yes,No,Yes,Yes,Yes,0
0.8400143297628127,-1.4926823160681442,Two year,No,Credit card (automatic),No,No internet service,No internet service,No internet service,No internet service,1
-0.1779947632379461,-1.2982520670487077,Month-to-month,No,Mailed check,No,No internet service,No internet service,No internet service,No internet service,1
-0.4223169455581282,-1.477726143066649,One year,No,Mailed check,No,No internet service,No internet service,No internet service,No internet service,1
-1.2774445836787656,0.179085466098976,Month-to-month,Fiber optic,Mailed check,Yes,No,No,No,No,2
-0.6666391278783103,0.8903345821700764,Month-to-month,Fiber optic,Electronic check,Yes,Yes,No,No,Yes,2
0.6364125111626608,-0.84291968900319,Two year,DSL,Mailed check,No,Yes,Yes,No,No,0
-0.0965540357978854,1.3606231332170895,Month-to-month,Fiber optic,Bank transfer (automatic),Yes,Yes,Yes,Yes,Yes,0
-1.1960038562387048,0.18240906009930805,Month-to-month,Fiber optic,Electronic check,Yes,No,No,No,No,2
1.002895784642934,0.9634536501773859,Two year,Fiber optic,Electronic check,No,Yes,Yes,No,No,0
1.4508197855632678,1.0565142821866886,One year,Fiber optic,Credit card (automatic),Yes,No,Yes,No,No,0
-0.38159658183809786,-0.1582593249347472,One year,DSL,Bank transfer (automatic),No,Yes,No,Yes,No,0
1.3286586944031769,-0.16490651293541178,Two year,DSL,Credit card (automatic),Yes,Yes,No,Yes,No,0
0.47353105628253944,0.8604222361670865,One year,Fiber optic,Bank transfer (automatic),Yes,No,No,Yes,No,0
1.5729808767233588,1.4703017352280534,Two year,Fiber optic,Bank transfer (automatic),Yes,No,Yes,Yes,Yes,0
0.18848851024232702,0.11095178909216456,One year,DSL,Credit card (automatic),No,Yes,Yes,No,Yes,0
-0.8295205827584317,-1.4744025490663168,Month-to-month,No,Mailed check,No,No internet service,No internet service,No internet service,No internet service,1
1.4915401492832983,0.5712695581381809,Two year,DSL,Bank transfer (automatic),Yes,Yes,No,Yes,Yes,0
0.10704778280226633,-0.13997955793291994,Month-to-month,DSL,Electronic check,No,No,Yes,No,Yes,2
-1.1145631287986442,0.0278619390838584,Month-to-month,DSL,Bank transfer (automatic),Yes,Yes,No,No,No,2
1.0436161483629645,0.5895493251400082,Two year,Fiber optic,Bank transfer (automatic),No,No,No,Yes,No,0
1.6137012404433893,0.5829021371393436,Two year,DSL,Bank transfer (automatic),Yes,Yes,Yes,No,Yes,0
1.6137012404433893,0.11261358609233106,Two year,DSL,Mailed check,No,Yes,Yes,No,Yes,0
-1.2774445836787656,-1.477726143066649,Month-to-month,No,Credit card (automatic),No,No internet service,No internet service,No internet service,No internet service,1
0.26992923768238775,1.0232783421833662,One year,Fiber optic,Electronic check,Yes,Yes,Yes,Yes,Yes,0
0.8400143297628127,-1.481049737066981,One year,No,Credit card (automatic),No,No internet service,No internet service,No internet service,No internet service,1
-0.21871512695797646,0.8122301231622688,Month-to-month,Fiber optic,Electronic check,Yes,Yes,No,No,Yes,2
-1.2774445836787656,0.16246749609731476,Month-to-month,Fiber optic,Electronic check,Yes,No,No,No,No,2
-1.2774445836787656,0.8155537171626008,Month-to-month,Fiber optic,Electronic check,Yes,No,No,Yes,No,2
-0.5851984004382496,0.33363258711442517,Month-to-month,Fiber optic,Electronic check,No,No,Yes,No,No,2
0.5549717837226001,-1.481049737066981,Two year,No,Mailed check,Yes,No internet service,No internet service,No internet service,No internet service,1
1.6137012404433893,0.6526976111463211,Two year,DSL,Credit card (automatic),Yes,Yes,Yes,Yes,Yes,0
0.14776814652229667,0.7573908221567865,Month-to-month,Fiber optic,Electronic check,Yes,Yes,No,No,Yes,2
-1.1552834925186746,-1.3165318340505352,Month-to-month,DSL,Electronic check,Yes,No,No,No,No,2
-0.30015585439803716,-1.4943441130683104,Two year,No,Credit card (automatic),No,No internet service,No internet service,No internet service,No internet service,1
0.3106496014024181,-0.4623681759651477,Month-to-month,DSL,Electronic check,Yes,No,No,Yes,No,2
1.247217966963116,1.2509445312061254,Month-to-month,Fiber optic,Electronic check,Yes,No,No,Yes,Yes,2
-0.7073594915983407,1.0482052971858582,Month-to-month,Fiber optic,Mailed check,Yes,Yes,Yes,No,Yes,2
-0.748079855318371,-0.3078210549496983,Month-to-month,DSL,Credit card (automatic),Yes,No,No,No,No,2
1.6137012404433893,1.4952286902305454,Two year,Fiber optic,Bank transfer (automatic),Yes,Yes,No,Yes,Yes,0
0.26992923768238775,1.3838882912194153,Month-to-month,Fiber optic,Electronic check,Yes,No,Yes,Yes,No,2
0.5956921474426305,-0.1582593249347472,Two year,DSL,Credit card (automatic),Yes,No,Yes,Yes,Yes,0
-0.5444780367182193,0.7989357471609396,Month-to-month,Fiber optic,Credit card (automatic),Yes,Yes,Yes,No,No,0
-1.1145631287986442,0.6792863631489789,Month-to-month,Fiber optic,Electronic check,Yes,No,No,Yes,No,2
-0.7888002190384014,-0.9858342310174765,Month-to-month,DSL,Electronic check,Yes,No,No,No,No,2
-0.62591876415828,0.5081212721318681,Month-to-month,Fiber optic,Bank transfer (automatic),No,No,No,No,Yes,0
0.06632741908223598,0.358559542116917,Month-to-month,Fiber optic,Electronic check,Yes,No,No,No,No,2
0.3920903288424788,-0.5055748979694671,Month-to-month,DSL,Electronic check,Yes,No,No,No,No,2
-1.1145631287986442,0.5496661971360212,Month-to-month,Fiber optic,Electronic check,Yes,No,No,No,No,2
1.5729808767233588,-1.3580767590546883,Two year,No,Credit card (automatic),No,No internet service,No internet service,No internet service,No internet service,1
-0.5444780367182193,0.05445069108651675,Month-to-month,DSL,Bank transfer (automatic),No,No,Yes,Yes,Yes,0
-1.2367242199587352,-1.5009913010689746,Month-to-month,No,Electronic check,Yes,No internet service,No internet service,No internet service,No internet service,1
1.002895784642934,-1.5275800530716328,Two year,No,Credit card (automatic),No,No internet service,No internet service,No internet service,No internet service,1
1.6137012404433893,1.4503601712260603,Two year,Fiber optic,Electronic check,Yes,Yes,No,Yes,Yes,0
-1.0738427650786138,0.7042133181514708,Month-to-month,Fiber optic,Mailed check,Yes,No,No,No,No,2
-0.62591876415828,0.6875953481498096,Month-to-month,Fiber optic,Electronic check,Yes,No,No,No,No,2
1.1657772395230555,0.5363718211346925,Two year,DSL,Bank transfer (automatic),No,No,No,Yes,Yes,0
-1.2774445836787656,0.2073360151017999,Month-to-month,Fiber optic,Electronic check,Yes,No,No,No,No,2
0.6364125111626608,1.5633623672373562,Two year,Fiber optic,Credit card (automatic),No,Yes,Yes,Yes,Yes,0
-0.6666391278783103,-1.4677553610656522,Month-to-month,No,Credit card (automatic),Yes,No internet service,No internet service,No internet service,No internet service,1
-0.9516816739185228,0.6743009721484804,Month-to-month,Fiber optic,Electronic check,Yes,No,No,No,No,2
-1.1960038562387048,-0.6700928009859131,Month-to-month,DSL,Electronic check,No,No,No,No,No,2
-1.2774445836787656,-0.6767399889865777,Month-to-month,DSL,Electronic check,Yes,No,No,No,No,2
1.3286586944031769,1.3406815692150957,Two year,Fiber optic,Credit card (automatic),No,No,No,Yes,Yes,0
1.5322605130033284,1.6747027662484868,Two year,Fiber optic,Credit card (automatic),Yes,Yes,Yes,Yes,Yes,0
1.125056875803025,-0.16490651293541178,One year,DSL,Mailed check,Yes,No,Yes,Yes,No,0
1.4915401492832983,-1.2783105030467143,One year,No,Electronic check,Yes,No internet service,No internet service,No internet service,No internet service,1
0.10704778280226633,0.19237984210030468,Month-to-month,Fiber optic,Electronic check,No,No,No,No,No,2
-0.4223169455581282,-1.4860351280674797,Month-to-month,No,Mailed check,Yes,No internet service,No internet service,No internet service,No internet service,1
1.369379058123207,0.5014740841312035,Two year,DSL,Bank transfer (automatic),No,No,No,Yes,Yes,0
-1.2774445836787656,0.18407085709947407,Month-to-month,Fiber optic,Electronic check,Yes,No,No,No,No,2
-1.2774445836787656,0.48485611412954227,Month-to-month,Fiber optic,Bank transfer (automatic),Yes,No,No,Yes,No,2
0.06632741908223598,0.8404806721650927,Month-to-month,Fiber optic,Credit card (automatic),Yes,No,No,No,Yes,2
1.6137012404433893,-1.3397969920528607,Two year,No,Bank transfer (automatic),No,No internet service,No internet service,No internet service,No internet service,1
-0.055833672077855064,-0.15992112193491323,One year,DSL,Electronic check,No,Yes,Yes,Yes,Yes,0
-0.0965540357978854,-1.3098846460498705,One year,No,Bank transfer (automatic),No,No internet service,No internet service,No internet service,No internet service,1
-0.9516816739185228,0.8654076271675846,Month-to-month,Fiber optic,Bank transfer (automatic),Yes,No,No,Yes,No,2
-0.5037576729981889,0.18905624809997262,Month-to-month,Fiber optic,Electronic check,Yes,No,No,No,No,2
-0.5444780367182193,-1.0124229830201346,Month-to-month,DSL,Credit card (automatic),Yes,No,No,No,Yes,2
1.3286586944031769,1.3390197722149297,Month-to-month,Fiber optic,Electronic check,Yes,No,Yes,Yes,Yes,0
-0.0965540357978854,-1.5109620830699715,Two year,No,Mailed check,No,No internet service,No internet service,No internet service,No internet service,1
-1.0738427650786138,-1.51594747407047,One year,No,Mailed check,No,No internet service,No internet service,No internet service,No internet service,1
-1.2367242199587352,-0.4440884089633204,Month-to-month,DSL,Electronic check,No,No,No,Yes,No,2
0.8400143297628127,0.2355865641046238,Month-to-month,DSL,Electronic check,No,Yes,Yes,No,No,2
-1.0331224013585834,0.35357415111641893,Month-to-month,Fiber optic,Electronic check,Yes,No,No,No,No,2
1.1657772395230555,-0.5005895069689685,One year,DSL,Bank transfer (automatic),Yes,No,Yes,No,No,0
1.5322605130033284,-0.6484894399837535,One year,DSL,Electronic check,Yes,No,No,Yes,No,0
-0.7888002190384014,0.464914550127549,Month-to-month,DSL,Electronic check,Yes,No,Yes,Yes,Yes,0
0.10704778280226633,0.5596369791370178,One year,Fiber optic,Bank transfer (automatic),Yes,No,No,No,Yes,0
-1.2367242199587352,0.1873944510998066,Month-to-month,Fiber optic,Credit card (automatic),Yes,No,No,No,No,2
-1.1960038562387048,0.36686852711774764,Month-to-month,Fiber optic,Electronic check,Yes,No,No,No,No,2
-1.1960038562387048,0.37683930911874425,Month-to-month,Fiber optic,Electronic check,No,No,No,No,No,2
1.2064976032430856,0.9717626351782166,One year,Fiber optic,Bank transfer (automatic),Yes,No,No,Yes,No,0
1.6137012404433893,1.302460238211275,Two year,Fiber optic,Credit card (automatic),No,Yes,Yes,No,Yes,0
1.247217966963116,-1.4893587220678117,Two year,No,Bank transfer (automatic),Yes,No internet service,No internet service,No internet service,No internet service,1
-0.5037576729981889,0.21730679710279655,Month-to-month,Fiber optic,Credit card (automatic),No,No,No,No,No,2
0.10704778280226633,1.5301264272340338,One year,Fiber optic,Bank transfer (automatic),Yes,Yes,Yes,Yes,Yes,0
-0.46303730927815856,0.14418772909548702,Month-to-month,Fiber optic,Electronic check,Yes,No,No,No,No,2
1.2064976032430856,1.0415581091851935,One year,Fiber optic,Electronic check,No,No,Yes,No,No,0
-0.7073594915983407,-0.5305018529719588,Month-to-month,DSL,Mailed check,Yes,No,No,No,No,2
0.9214550572028734,-0.47233895796614456,Month-to-month,DSL,Credit card (automatic),Yes,No,Yes,No,No,2
-0.8702409464784621,-0.6684310039857471,Month-to-month,DSL,Mailed check,Yes,No,No,No,No,2
-0.62591876415828,0.7806559801591124,Month-to-month,Fiber optic,Electronic check,No,No,No,Yes,Yes,2
1.1657772395230555,-1.505976692069473,One year,No,Bank transfer (automatic),No,No internet service,No internet service,No internet service,No internet service,1
1.5729808767233588,0.8155537171626008,Two year,DSL,Credit card (automatic),No,Yes,Yes,Yes,Yes,0
-1.2367242199587352,0.17410007509847744,Month-to-month,Fiber optic,Bank transfer (automatic),No,No,No,No,No,2
0.10704778280226633,-1.5126238800701375,Two year,No,Mailed check,No,No internet service,No internet service,No internet service,No internet service,1
-0.62591876415828,0.19071804510013865,Month-to-month,Fiber optic,Bank transfer (automatic),No,No,No,No,No,2
-0.46303730927815856,1.0831030341893466,Month-to-month,Fiber optic,Electronic check,Yes,No,No,Yes,No,2
0.5956921474426305,-1.4993295040688086,Two year,No,Bank transfer (automatic),No,No internet service,No internet service,No internet service,No internet service,1
-1.1960038562387048,-1.4594463760648215,Month-to-month,No,Mailed check,No,No internet service,No internet service,No internet service,No internet service,1
-1.1960038562387048,-1.4993295040688086,Month-to-month,No,Mailed check,Yes,No internet service,No internet service,No internet service,No internet service,1
0.47353105628253944,-1.5093002860698053,Two year,No,Credit card (automatic),Yes,No internet service,No internet service,No internet service,No internet service,1
-1.2774445836787656,-0.6900343649879066,Month-to-month,DSL,Mailed check,Yes,No,No,No,No,2
0.47353105628253944,0.9850570111795457,One year,Fiber optic,Electronic check,No,No,No,No,Yes,0
-1.1145631287986442,-1.2916048790480432,Month-to-month,No,Bank transfer (automatic),Yes,No internet service,No internet service,No internet service,No internet service,1
-0.3408762181180675,-0.3028356639492,Month-to-month,DSL,Bank transfer (automatic),Yes,No,Yes,No,No,2
-1.2774445836787656,0.16246749609731476,Month-to-month,Fiber optic,Electronic check,Yes,No,No,No,No,2
-0.5851984004382496,0.35357415111641893,Month-to-month,Fiber optic,Electronic check,Yes,No,Yes,No,No,2
-0.9109613101984924,1.1911198392001445,Month-to-month,Fiber optic,Electronic check,Yes,No,No,Yes,Yes,2
1.3286586944031769,0.2073360151017999,Two year,DSL,Bank transfer (automatic),No,No,Yes,No,Yes,0
-1.2774445836787656,0.7058751151516368,Month-to-month,Fiber optic,Electronic check,Yes,No,No,No,No,2
0.8400143297628127,1.4021680582212426,One year,Fiber optic,Credit card (automatic),Yes,No,Yes,Yes,Yes,0
-1.1960038562387048,-1.4478137970636586,One year,No,Mailed check,No,No internet service,No internet service,No internet service,No internet service,1
0.025607055362205634,-0.12336158793125872,Two year,DSL,Mailed check,Yes,Yes,Yes,No,No,0
-1.1960038562387048,-1.16863190103575,Month-to-month,DSL,Electronic check,Yes,No,No,No,No,2
0.06632741908223598,0.5047976781315361,One year,DSL,Bank transfer (automatic),Yes,Yes,Yes,Yes,Yes,0
-0.748079855318371,-1.4976677070686424,Two year,No,Mailed check,Yes,No internet service,No internet service,No internet service,No internet service,1
-0.7888002190384014,-1.477726143066649,Month-to-month,No,Mailed check,Yes,No internet service,No internet service,No internet service,No internet service,1
0.5549717837226001,-0.1615829189350795,One year,DSL,Bank transfer (automatic),Yes,Yes,No,Yes,Yes,0
-0.38159658183809786,-1.343120586053193,One year,No,Mailed check,No,No internet service,No internet service,No internet service,No internet service,1
0.5956921474426305,-1.4960059100684764,Two year,No,Mailed check,No,No internet service,No internet service,No internet service,No internet service,1
-0.62591876415828,-0.4806479429669752,Month-to-month,DSL,Mailed check,Yes,No,Yes,No,No,2
0.6771328748826912,1.0249401391835322,Month-to-month,Fiber optic,Electronic check,Yes,No,No,Yes,No,2
1.0843365120829946,-0.4823097399671412,Month-to-month,DSL,Electronic check,Yes,No,No,Yes,No,2
1.4915401492832983,0.684271754149477,Two year,DSL,Credit card (automatic),Yes,Yes,Yes,Yes,Yes,0
-0.8702409464784621,-0.7698006209958805,One year,DSL,Electronic check,Yes,No,No,Yes,Yes,0
-0.9109613101984924,-0.4357794239624898,Month-to-month,DSL,Mailed check,Yes,No,Yes,No,No,2
-0.8295205827584317,-1.3547531650543558,Two year,No,Bank transfer (automatic),Yes,No internet service,No internet service,No internet service,No internet service,1
0.5142514200025698,1.1994288242009752,Month-to-month,Fiber optic,Credit card (automatic),Yes,No,No,Yes,No,2
0.26992923768238775,-0.16324471593524553,Month-to-month,DSL,Mailed check,Yes,No,No,Yes,Yes,2
1.5729808767233588,-1.3065610520495383,Two year,No,Credit card (automatic),No,No internet service,No internet service,No internet service,No internet service,1
1.5729808767233588,-1.3580767590546883,Two year,No,Credit card (automatic),No,No internet service,No internet service,No internet service,No internet service,1
0.025607055362205634,-1.3497677740538576,One year,No,Credit card (automatic),No,No internet service,No internet service,No internet service,No internet service,1
1.4100994218432374,0.36354493311741554,Month-to-month,Fiber optic,Mailed check,Yes,No,No,No,No,2
0.18848851024232702,-0.8163309370005319,Month-to-month,DSL,Bank transfer (automatic),No,No,Yes,No,Yes,2
0.6771328748826912,0.6560212051466532,Month-to-month,Fiber optic,Electronic check,No,No,No,Yes,No,2
-0.9516816739185228,-0.4623681759651477,Month-to-month,DSL,Mailed check,No,No,No,No,No,2
0.7992939660427822,0.8919963791702424,Two year,Fiber optic,Credit card (automatic),Yes,Yes,Yes,No,Yes,0
1.5322605130033284,1.1346187411944968,One year,Fiber optic,Electronic check,No,No,No,Yes,No,0
-1.2774445836787656,0.6726391751483144,Month-to-month,Fiber optic,Electronic check,Yes,No,No,No,No,2
-0.748079855318371,0.47156173812821356,Month-to-month,Fiber optic,Electronic check,Yes,No,No,No,No,2
-1.2774445836787656,-0.6800635829869099,Month-to-month,DSL,Mailed check,Yes,No,No,No,No,2
-1.2774445836787656,-1.481049737066981,Month-to-month,No,Mailed check,No,No internet service,No internet service,No internet service,No internet service,1
0.7992939660427822,0.5131066631323666,One year,Fiber optic,Mailed check,Yes,No,No,No,No,0
-1.0738427650786138,-0.12834697893175703,Month-to-month,DSL,Mailed check,No,No,No,Yes,Yes,2
-1.0331224013585834,-1.0157465770204666,Month-to-month,DSL,Mailed check,No,No,Yes,No,No,2
0.5956921474426305,0.6792863631489789,Month-to-month,Fiber optic,Bank transfer (automatic),Yes,No,No,No,Yes,2
-0.2594354906780068,0.7440964461554579,One year,Fiber optic,Credit card (automatic),Yes,Yes,Yes,No,Yes,0
-0.30015585439803716,-0.3477041829536853,Month-to-month,DSL,Electronic check,No,Yes,Yes,No,No,2
1.4915401492832983,-1.517609271070636,Two year,No,Mailed check,Yes,No internet service,No internet service,No internet service,No internet service,1
1.6137012404433893,1.5949365102405126,Two year,Fiber optic,Credit card (automatic),Yes,Yes,Yes,Yes,Yes,0
-1.1552834925186746,-1.4893587220678117,Month-to-month,No,Mailed check,Yes,No internet service,No internet service,No internet service,No internet service,1
1.0843365120829946,-1.504314895069307,Two year,No,Mailed check,No,No internet service,No internet service,No internet service,No internet service,1
1.4100994218432374,0.02620014208369237,Two year,DSL,Bank transfer (automatic),No,No,Yes,No,Yes,0
-0.2594354906780068,0.466576347127715,Month-to-month,Fiber optic,Electronic check,Yes,No,No,No,No,2
-0.21871512695797646,0.44663478312572175,One year,DSL,Mailed check,No,Yes,No,Yes,Yes,0
1.6137012404433893,1.3456669602155942,Two year,Fiber optic,Bank transfer (automatic),No,No,Yes,Yes,Yes,0
-1.0738427650786138,0.8138919201624348,Month-to-month,Fiber optic,Electronic check,Yes,Yes,No,No,Yes,2
1.2064976032430856,-1.4660935640654862,Two year,No,Credit card (automatic),No,No internet service,No internet service,No internet service,No internet service,1
-0.5037576729981889,0.1308933530941583,One year,DSL,Electronic check,Yes,Yes,No,Yes,No,0
-1.0738427650786138,0.4615909561272169,Month-to-month,DSL,Credit card (automatic),No,Yes,Yes,Yes,Yes,0
0.758573602322752,-1.329826210051864,Two year,No,Mailed check,No,No internet service,No internet service,No internet service,No internet service,1
1.1657772395230555,-1.4960059100684764,Two year,No,Credit card (automatic),No,No internet service,No internet service,No internet service,No internet service,1
1.2064976032430856,0.8089065291619363,Month-to-month,Fiber optic,Electronic check,Yes,No,Yes,No,Yes,2
1.6137012404433893,0.6626683931473177,Two year,Fiber optic,Bank transfer (automatic),Yes,Yes,Yes,No,No,0
-0.7888002190384014,1.1047063951915064,Month-to-month,Fiber optic,Electronic check,Yes,No,No,Yes,Yes,2
-1.1145631287986442,0.9867188081797118,Month-to-month,Fiber optic,Electronic check,Yes,No,No,Yes,Yes,2
-1.1960038562387048,1.3373579752147637,Month-to-month,Fiber optic,Electronic check,Yes,No,No,Yes,Yes,2
-0.2594354906780068,0.966777244177718,Month-to-month,Fiber optic,Electronic check,Yes,No,No,No,Yes,2
-0.7888002190384014,-0.1615829189350795,Month-to-month,DSL,Electronic check,Yes,No,No,Yes,No,2
0.22920887396235737,-1.4893587220678117,Two year,No,Mailed check,Yes,No internet service,No internet service,No internet service,No internet service,1
-0.9924020376385531,0.6394032351449919,Month-to-month,Fiber optic,Electronic check,Yes,No,No,No,No,2
0.06632741908223598,1.4669781412277214,Month-to-month,Fiber optic,Electronic check,Yes,Yes,No,Yes,Yes,2
-0.5851984004382496,-1.03568814102246,Month-to-month,DSL,Mailed check,No,No,Yes,No,Yes,2
0.9621754209229036,0.7008897241511383,One year,Fiber optic,Mailed check,Yes,Yes,No,No,Yes,0
0.14776814652229667,-0.9941432160183071,Month-to-month,DSL,Bank transfer (automatic),Yes,Yes,No,No,No,2
-0.9516816739185228,-0.532163649972125,Month-to-month,DSL,Electronic check,Yes,No,No,Yes,Yes,2
-1.2774445836787656,0.6676537841478158,Month-to-month,Fiber optic,Electronic check,Yes,No,No,Yes,Yes,2
-0.8295205827584317,-0.2695997239458775,Month-to-month,DSL,Mailed check,No,Yes,Yes,No,No,2
1.002895784642934,1.0149693571825356,Month-to-month,Fiber optic,Credit card (automatic),Yes,Yes,No,Yes,Yes,2
0.3920903288424788,0.30372024111143525,One year,DSL,Credit card (automatic),No,Yes,Yes,No,Yes,0
0.025607055362205634,-1.3381351950526947,Two year,No,Mailed check,Yes,No internet service,No internet service,No internet service,No internet service,1
1.5322605130033284,0.6593447991469852,Two year,Fiber optic,Bank transfer (automatic),No,Yes,Yes,No,No,0
1.4508197855632678,-0.6584602219847502,Month-to-month,DSL,Electronic check,No,Yes,No,No,No,2
-1.2774445836787656,-1.33148800705203,Month-to-month,DSL,Electronic check,Yes,No,No,No,No,2
0.18848851024232702,1.1811490571991479,Month-to-month,Fiber optic,Credit card (automatic),No,Yes,No,Yes,No,2
-1.1552834925186746,-1.3065610520495383,Month-to-month,No,Mailed check,Yes,No internet service,No internet service,No internet service,No internet service,1
-1.2774445836787656,-0.467353566965646,Month-to-month,DSL,Mailed check,Yes,No,Yes,No,No,2
-0.5037576729981889,-0.3244390249513595,Month-to-month,DSL,Credit card (automatic),Yes,Yes,Yes,Yes,Yes,0
1.6137012404433893,0.12092257109316168,Two year,DSL,Bank transfer (automatic),No,Yes,Yes,Yes,No,0
-0.055833672077855064,0.8354952811645946,Month-to-month,Fiber optic,Electronic check,Yes,No,No,No,Yes,2
-0.5851984004382496,0.4582673621268844,Month-to-month,Fiber optic,Electronic check,No,No,No,No,No,2
-0.8702409464784621,-0.3227772279511935,Month-to-month,DSL,Bank transfer (automatic),Yes,No,No,Yes,No,0
0.025607055362205634,-1.4943441130683104,Two year,No,Credit card (automatic),No,No internet service,No internet service,No internet service,No internet service,1
1.2064976032430856,0.6543594081464871,One year,Fiber optic,Electronic check,No,No,No,Yes,No,0
-1.2774445836787656,-0.9592454790148186,Month-to-month,DSL,Mailed check,No,Yes,No,No,Yes,2
-0.6666391278783103,0.531386430134194,Month-to-month,Fiber optic,Bank transfer (automatic),No,No,Yes,No,No,2
-0.4223169455581282,0.4615909561272169,One year,DSL,Mailed check,Yes,Yes,No,Yes,Yes,0
0.6771328748826912,-0.10009642992893289,Month-to-month,DSL,Bank transfer (automatic),No,Yes,Yes,No,Yes,0
0.14776814652229667,-0.035286346922454,One year,DSL,Credit card (automatic),Yes,No,Yes,No,Yes,0
0.3920903288424788,1.1528985081963241,Month-to-month,Fiber optic,Electronic check,Yes,Yes,No,No,Yes,2
-1.1552834925186746,-1.3148700370503688,Month-to-month,DSL,Bank transfer (automatic),Yes,No,No,No,No,2
-0.8295205827584317,0.3087056321119333,One year,DSL,Mailed check,No,Yes,No,Yes,No,0
-0.055833672077855064,0.7590526191569525,Month-to-month,Fiber optic,Electronic check,No,Yes,Yes,No,Yes,0
-1.1145631287986442,0.8105683261621028,Month-to-month,Fiber optic,Electronic check,Yes,No,Yes,No,No,2
1.369379058123207,-1.4876969250676457,Two year,No,Credit card (automatic),No,No internet service,No internet service,No internet service,No internet service,1
-0.7073594915983407,-0.3244390249513595,Month-to-month,DSL,Credit card (automatic),No,Yes,No,No,No,2
1.2879383306831464,1.3174164112127704,Two year,Fiber optic,Bank transfer (automatic),Yes,No,No,Yes,Yes,0
-0.9109613101984924,-1.4860351280674797,Month-to-month,No,Credit card (automatic),Yes,No internet service,No internet service,No internet service,No internet service,1
-1.0331224013585834,0.830509890164096,Month-to-month,Fiber optic,Electronic check,Yes,Yes,No,Yes,No,2
-0.13727439951791576,-1.0124229830201346,Month-to-month,DSL,Electronic check,No,Yes,No,No,No,2
1.002895784642934,-1.4660935640654862,Two year,No,Bank transfer (automatic),No,No internet service,No internet service,No internet service,No internet service,1
0.5549717837226001,0.6477122201458225,Month-to-month,Fiber optic,Mailed check,No,No,Yes,No,No,2
0.8400143297628127,-1.4993295040688086,Two year,No,Bank transfer (automatic),No,No internet service,No internet service,No internet service,No internet service,1
-0.62591876415828,0.5014740841312035,One year,DSL,Credit card (automatic),No,Yes,Yes,Yes,No,0
0.22920887396235737,-1.481049737066981,Two year,No,Mailed check,Yes,No internet service,No internet service,No internet service,No internet service,1
-0.7073594915983407,-1.4943441130683104,One year,No,Mailed check,No,No internet service,No internet service,No internet service,No internet service,1
-0.4223169455581282,-0.47898614596680894,Month-to-month,DSL,Electronic check,Yes,No,No,Yes,No,2
-0.748079855318371,0.677624566148813,Month-to-month,Fiber optic,Electronic check,Yes,No,No,No,No,2
1.002895784642934,0.32698539911376057,One year,DSL,Bank transfer (automatic),No,Yes,No,Yes,Yes,0
-0.8702409464784621,0.47820892612887816,Month-to-month,Fiber optic,Credit card (automatic),Yes,No,No,No,No,2
-1.2774445836787656,-1.4760643460664828,Two year,No,Mailed check,No,No internet service,No internet service,No internet service,No internet service,1
-0.8295205827584317,-1.4527991880641573,Two year,No,Bank transfer (automatic),No,No internet service,No internet service,No internet service,No internet service,1
-1.1960038562387048,0.9917041991802098,Month-to-month,Fiber optic,Electronic check,Yes,No,No,Yes,No,2
0.14776814652229667,0.9950277931805424,Month-to-month,Fiber optic,Electronic check,Yes,No,No,Yes,No,2
-0.6666391278783103,0.9800716201790471,Month-to-month,Fiber optic,Electronic check,Yes,No,Yes,Yes,No,2
1.3286586944031769,0.25552812810661757,One year,DSL,Credit card (automatic),No,No,Yes,No,Yes,0
-1.2367242199587352,0.3386179781149237,Month-to-month,Fiber optic,Electronic check,No,No,No,No,No,2
0.3920903288424788,1.3440051632154282,Month-to-month,Fiber optic,Electronic check,Yes,No,Yes,Yes,Yes,0
1.6137012404433893,1.5683477582378549,Two year,Fiber optic,Bank transfer (automatic),No,Yes,Yes,Yes,Yes,0
1.2064976032430856,-1.4926823160681442,Two year,No,Bank transfer (automatic),No,No internet service,No internet service,No internet service,No internet service,1
-1.0738427650786138,0.830509890164096,Month-to-month,Fiber optic,Electronic check,Yes,No,No,Yes,No,2
0.6364125111626608,-1.4860351280674797,Two year,No,Mailed check,Yes,No internet service,No internet service,No internet service,No internet service,1
0.10704778280226633,1.4686399382278874,Two year,Fiber optic,Electronic check,Yes,Yes,Yes,Yes,Yes,0
0.7992939660427822,-1.4993295040688086,One year,No,Credit card (automatic),No,No internet service,No internet service,No internet service,No internet service,1
-1.2774445836787656,-1.3248408190513656,Month-to-month,DSL,Mailed check,Yes,No,No,No,No,2
-1.0738427650786138,0.6011819041411709,Month-to-month,Fiber optic,Electronic check,Yes,No,No,Yes,No,2
1.5729808767233588,0.9451738831755587,Two year,DSL,Credit card (automatic),No,Yes,Yes,Yes,Yes,0
1.4100994218432374,0.6659919871476498,One year,Fiber optic,Bank transfer (automatic),No,No,Yes,No,Yes,0
1.125056875803025,0.23226297010429173,One year,DSL,Electronic check,Yes,No,Yes,No,No,0
-0.38159658183809786,-1.1437049460332582,Month-to-month,DSL,Bank transfer (automatic),Yes,Yes,No,No,No,2
0.26992923768238775,-0.32942441595185784,One year,DSL,Bank transfer (automatic),No,Yes,No,Yes,Yes,0
-0.7073594915983407,-1.504314895069307,One year,No,Mailed check,Yes,No internet service,No internet service,No internet service,No internet service,1
0.8400143297628127,1.2991366442109427,Month-to-month,Fiber optic,Electronic check,Yes,No,No,Yes,Yes,2
-0.3408762181180675,-1.3481059770536914,Two year,No,Mailed check,No,No internet service,No internet service,No internet service,No internet service,1
0.18848851024232702,-1.5093002860698053,Month-to-month,No,Electronic check,No,No internet service,No internet service,No internet service,No internet service,1
-1.1145631287986442,0.6261088591436628,Month-to-month,Fiber optic,Electronic check,Yes,No,No,No,No,2
0.7178532386027215,1.1927816362003112,One year,Fiber optic,Electronic check,Yes,Yes,No,Yes,No,0
0.880734693482843,0.9750862291785486,One year,Fiber optic,Credit card (automatic),Yes,No,No,Yes,Yes,0
-1.1960038562387048,0.32532360211359457,Month-to-month,Fiber optic,Electronic check,Yes,No,Yes,No,No,2
1.4508197855632678,1.4520219682262263,One year,Fiber optic,Electronic check,No,Yes,No,Yes,Yes,0
-1.1145631287986442,-0.28621769394753876,Month-to-month,DSL,Electronic check,No,Yes,No,No,Yes,2
0.025607055362205634,-1.4760643460664828,Two year,No,Mailed check,No,No internet service,No internet service,No internet service,No internet service,1
0.35136996512244845,0.5247392421335293,One year,DSL,Electronic check,Yes,No,No,Yes,Yes,0
0.06632741908223598,-0.11671439993059413,One year,DSL,Mailed check,No,Yes,Yes,Yes,Yes,0
-0.7888002190384014,-1.4727407520661506,Month-to-month,No,Mailed check,Yes,No internet service,No internet service,No internet service,No internet service,1
-0.5037576729981889,-1.5242564590713006,Month-to-month,No,Credit card (automatic),Yes,No internet service,No internet service,No internet service,No internet service,1
0.758573602322752,-1.5009913010689746,Two year,No,Credit card (automatic),No,No internet service,No internet service,No internet service,No internet service,1
-1.1960038562387048,0.8886727851699104,Month-to-month,Fiber optic,Credit card (automatic),Yes,No,No,No,No,2
0.35136996512244845,-0.6501512369839195,Month-to-month,DSL,Bank transfer (automatic),No,No,No,No,No,2
-0.7888002190384014,-1.505976692069473,Month-to-month,No,Credit card (automatic),No,No internet service,No internet service,No internet service,No internet service,1
0.10704778280226633,-1.3065610520495383,Two year,No,Bank transfer (automatic),No,No internet service,No internet service,No internet service,No internet service,1
-0.8295205827584317,0.534710024134526,Month-to-month,Fiber optic,Bank transfer (automatic),No,Yes,Yes,No,No,0
-1.1552834925186746,1.001674981181207,Month-to-month,Fiber optic,Mailed check,Yes,Yes,Yes,No,No,2
0.43281069256250915,-0.5221928679711283,Month-to-month,DSL,Bank transfer (automatic),Yes,No,No,Yes,Yes,2
-0.8295205827584317,-1.1786026830367469,Month-to-month,DSL,Mailed check,Yes,Yes,No,No,No,2
1.4508197855632678,1.3473287572157604,Month-to-month,Fiber optic,Electronic check,Yes,No,No,Yes,Yes,2
-0.30015585439803716,0.8039211381614382,Month-to-month,Fiber optic,Electronic check,Yes,No,No,Yes,No,2
-1.0331224013585834,-1.479387940066815,One year,No,Mailed check,No,No internet service,No internet service,No internet service,No internet service,1
1.369379058123207,1.5317882242341998,One year,Fiber optic,Electronic check,Yes,Yes,No,Yes,Yes,0
0.8400143297628127,1.5201556452330371,One year,Fiber optic,Electronic check,No,Yes,Yes,Yes,Yes,0
1.247217966963116,1.4835961112293827,Month-to-month,Fiber optic,Bank transfer (automatic),Yes,No,Yes,Yes,Yes,0
1.5322605130033284,1.6431286232453304,Two year,Fiber optic,Bank transfer (automatic),Yes,Yes,Yes,Yes,Yes,0
-0.21871512695797646,-0.9393039150128251,Month-to-month,DSL,Bank transfer (automatic),No,No,No,No,No,2
-1.2774445836787656,0.19902703010096928,Month-to-month,Fiber optic,Mailed check,No,No,No,No,No,2
-1.1145631287986442,-1.4893587220678117,Month-to-month,No,Mailed check,No,No internet service,No internet service,No internet service,No internet service,1
0.18848851024232702,-1.5009913010689746,One year,No,Mailed check,No,No internet service,No internet service,No internet service,No internet service,1
-1.1960038562387048,-0.8179927340006982,Month-to-month,DSL,Mailed check,Yes,No,No,Yes,Yes,2
-0.8295205827584317,0.3934572791204055,Month-to-month,Fiber optic,Electronic check,Yes,No,No,No,No,2
0.22920887396235737,-1.5009913010689746,One year,No,Credit card (automatic),No,No internet service,No internet service,No internet service,No internet service,1
-0.9516816739185228,0.682609957149311,Month-to-month,Fiber optic,Credit card (automatic),Yes,No,No,No,Yes,2
-0.7888002190384014,0.03617092408468901,Month-to-month,DSL,Electronic check,Yes,No,Yes,No,No,2
-0.13727439951791576,0.9867188081797118,Month-to-month,Fiber optic,Electronic check,Yes,No,No,Yes,No,2
0.5956921474426305,-1.4860351280674797,Two year,No,Credit card (automatic),No,No internet service,No internet service,No internet service,No internet service,1
1.1657772395230555,1.1512367111961581,Month-to-month,Fiber optic,Bank transfer (automatic),No,Yes,Yes,Yes,Yes,0
-0.6666391278783103,-1.4876969250676457,Month-to-month,No,Mailed check,No,No internet service,No internet service,No internet service,No internet service,1
0.35136996512244845,0.45494376812655235,Two year,DSL,Electronic check,No,Yes,Yes,Yes,No,0
0.43281069256250915,-1.3181936310507012,Two year,No,Electronic check,Yes,No internet service,No internet service,No internet service,No internet service,1
0.14776814652229667,1.0831030341893466,Month-to-month,Fiber optic,Bank transfer (automatic),Yes,No,No,Yes,Yes,2
-1.0738427650786138,-0.3244390249513595,Month-to-month,DSL,Electronic check,Yes,No,No,No,No,2
1.0436161483629645,0.21065960910213194,One year,DSL,Credit card (automatic),Yes,Yes,Yes,No,Yes,0
-0.5444780367182193,-0.10674361792959748,Month-to-month,DSL,Credit card (automatic),Yes,Yes,No,Yes,No,2
-0.8702409464784621,-0.626886078981594,Month-to-month,DSL,Bank transfer (automatic),Yes,No,No,No,No,2
0.26992923768238775,-0.8130073430001998,One year,DSL,Bank transfer (automatic),Yes,Yes,Yes,No,No,0
-0.9924020376385531,0.7424346491552913,Month-to-month,Fiber optic,Electronic check,Yes,No,No,Yes,No,2
-0.2594354906780068,-0.5072366949696331,Month-to-month,DSL,Mailed check,Yes,No,No,No,No,2
0.8400143297628127,0.3003966471111027,Month-to-month,Fiber optic,Credit card (automatic),Yes,No,No,No,No,2
1.5322605130033284,-1.5142856770703037,Two year,No,Mailed check,Yes,No internet service,No internet service,No internet service,No internet service,1
-1.2774445836787656,-0.6468276429835875,Month-to-month,DSL,Mailed check,Yes,No,No,Yes,No,2
1.0843365120829946,-1.3215172250510334,Two year,No,Mailed check,No,No internet service,No internet service,No internet service,No internet service,1
-1.2367242199587352,1.003336778181373,Month-to-month,Fiber optic,Electronic check,No,No,No,Yes,Yes,2
-1.0331224013585834,-0.9791870430168121,One year,DSL,Mailed check,No,No,Yes,No,Yes,0
-0.8295205827584317,-0.6717545979860794,Month-to-month,DSL,Electronic check,Yes,No,No,No,No,2
1.0843365120829946,0.39844267012090406,One year,DSL,Credit card (automatic),No,Yes,No,Yes,Yes,0
1.1657772395230555,0.5396954151350245,Two year,DSL,Bank transfer (automatic),Yes,Yes,No,Yes,Yes,0
1.6137012404433893,1.3556377422165908,Two year,Fiber optic,Bank transfer (automatic),Yes,No,Yes,Yes,Yes,0
-0.7888002190384014,-1.5275800530716328,Month-to-month,No,Mailed check,No,No internet service,No internet service,No internet service,No internet service,1
1.2879383306831464,-1.3248408190513656,One year,No,Mailed check,No,No internet service,No internet service,No internet service,No internet service,1
-1.2774445836787656,-1.3730329320561832,Month-to-month,DSL,Electronic check,Yes,No,No,No,No,2
-0.9109613101984924,0.004596781081533054,One year,DSL,Mailed check,No,Yes,No,No,No,0
1.3286586944031769,-0.11339080593026184,One year,DSL,Bank transfer (automatic),No,No,Yes,No,Yes,0
1.2064976032430856,1.6348196382444997,Two year,Fiber optic,Mailed check,No,Yes,Yes,Yes,Yes,0
0.9214550572028734,0.8438042661654253,One year,DSL,Electronic check,Yes,Yes,Yes,Yes,Yes,0
-0.30015585439803716,-0.3543513709543497,Month-to-month,DSL,Electronic check,No,No,No,No,No,2
-1.2774445836787656,-1.1653083070354178,Month-to-month,DSL,Mailed check,No,No,Yes,No,No,2
-1.2774445836787656,-0.4972659129686364,Month-to-month,DSL,Credit card (automatic),Yes,No,Yes,No,No,2
1.0843365120829946,1.2077378092018058,Month-to-month,Fiber optic,Electronic check,No,No,No,Yes,No,2
1.2879383306831464,-1.341458789053027,Two year,No,Bank transfer (automatic),Yes,No internet service,No internet service,No internet service,No internet service,1
0.14776814652229667,1.0049985751815391,Month-to-month,Fiber optic,Bank transfer (automatic),Yes,No,No,Yes,No,2
-1.1960038562387048,-0.4690153639658123,Month-to-month,DSL,Mailed check,Yes,No,No,No,No,2
1.1657772395230555,0.17077648109814536,Two year,DSL,Mailed check,Yes,No,Yes,No,Yes,0
-0.2594354906780068,-0.8246399220013625,One year,DSL,Bank transfer (automatic),Yes,No,No,Yes,No,0
-1.2774445836787656,-0.3111446489500306,Month-to-month,DSL,Electronic check,Yes,No,No,No,No,2
-1.2774445836787656,0.85876043916692,Month-to-month,Fiber optic,Electronic check,Yes,No,No,Yes,No,2
1.4508197855632678,1.2791950802089493,Two year,Fiber optic,Credit card (automatic),Yes,No,Yes,Yes,Yes,0
-1.2367242199587352,0.7341256641544608,Month-to-month,Fiber optic,Mailed check,Yes,No,No,Yes,No,2
1.6137012404433893,0.9800716201790471,Two year,Fiber optic,Bank transfer (automatic),Yes,Yes,Yes,No,Yes,0
1.5729808767233588,-0.5886647479777732,Two year,DSL,Electronic check,Yes,Yes,No,No,Yes,0
1.002895784642934,-1.4694171580658184,Two year,No,Credit card (automatic),No,No internet service,No internet service,No internet service,No internet service,1
-1.1552834925186746,-1.4993295040688086,Month-to-month,No,Mailed check,Yes,No internet service,No internet service,No internet service,No internet service,1
-1.2774445836787656,0.18074726309914202,Month-to-month,Fiber optic,Electronic check,Yes,No,No,No,No,2
1.6137012404433893,0.5396954151350245,Two year,DSL,Credit card (automatic),No,Yes,Yes,No,Yes,0
-0.46303730927815856,0.37019212111808014,One year,DSL,Bank transfer (automatic),Yes,No,Yes,Yes,No,0
1.5729808767233588,-1.33148800705203,Two year,No,Bank transfer (automatic),No,No internet service,No internet service,No internet service,No internet service,1
-0.13727439951791576,1.1396041321949948,Month-to-month,Fiber optic,Bank transfer (automatic),Yes,No,No,Yes,Yes,2
1.4915401492832983,1.5118466602322065,Two year,Fiber optic,Credit card (automatic),No,Yes,Yes,Yes,Yes,0
1.2879383306831464,0.6726391751483144,Two year,DSL,Credit card (automatic),Yes,Yes,Yes,Yes,Yes,0
-0.6666391278783103,-1.4960059100684764,Month-to-month,No,Credit card (automatic),No,No internet service,No internet service,No internet service,No internet service,1
-1.1552834925186746,-1.3580767590546883,One year,No,Electronic check,No,No internet service,No internet service,No internet service,No internet service,1
0.7992939660427822,1.5450826002355291,One year,Fiber optic,Credit card (automatic),Yes,Yes,Yes,Yes,No,0
-1.2367242199587352,-0.32111543095102724,Month-to-month,DSL,Mailed check,Yes,No,Yes,No,Yes,2
-1.2774445836787656,-1.4893587220678117,Month-to-month,No,Mailed check,No,No internet service,No internet service,No internet service,No internet service,1
-0.5851984004382496,-1.3165318340505352,Month-to-month,DSL,Mailed check,No,No,No,No,No,2
-1.2367242199587352,-0.35268957395418365,Month-to-month,DSL,Mailed check,No,No,No,No,No,2
-0.5444780367182193,-0.16490651293541178,Month-to-month,DSL,Mailed check,Yes,No,No,No,No,2
0.3106496014024181,0.6344178441444933,Month-to-month,Fiber optic,Bank transfer (automatic),No,No,No,No,No,2
1.369379058123207,1.3340343812144315,One year,Fiber optic,Electronic check,Yes,No,No,Yes,Yes,0
-0.46303730927815856,0.3502505571160864,Month-to-month,Fiber optic,Mailed check,No,No,No,No,No,2
-0.9924020376385531,0.06275967608734737,Month-to-month,DSL,Electronic check,Yes,Yes,No,Yes,No,2
1.6137012404433893,1.4869197052297147,Two year,Fiber optic,Credit card (automatic),Yes,Yes,Yes,Yes,Yes,0
0.6364125111626608,0.3020584441112687,One year,DSL,Bank transfer (automatic),Yes,Yes,No,Yes,Yes,0
1.4915401492832983,-1.5109620830699715,Two year,No,Bank transfer (automatic),Yes,No internet service,No internet service,No internet service,No internet service,1
1.6137012404433893,1.7760723832586203,Two year,Fiber optic,Electronic check,Yes,Yes,Yes,Yes,Yes,0
-0.748079855318371,-0.4424266119631542,One year,DSL,Credit card (automatic),No,No,No,No,No,0
-1.0738427650786138,-0.17653909193657447,Month-to-month,DSL,Electronic check,No,No,No,Yes,No,2
-0.9924020376385531,-1.504314895069307,Two year,No,Bank transfer (automatic),No,No internet service,No internet service,No internet service,No internet service,1
-0.62591876415828,-1.502653098069141,One year,No,Mailed check,No,No internet service,No internet service,No internet service,No internet service,1
1.3286586944031769,0.9568064621767214,One year,Fiber optic,Electronic check,No,Yes,Yes,No,No,0
1.002895784642934,-0.18152448293707302,One year,DSL,Mailed check,Yes,Yes,Yes,No,Yes,0
-0.7888002190384014,1.245959140205627,Month-to-month,Fiber optic,Credit card (automatic),Yes,No,No,Yes,Yes,2
-0.5444780367182193,1.0349109211845293,Month-to-month,Fiber optic,Credit card (automatic),Yes,No,No,Yes,Yes,2
0.9621754209229036,1.4968904872307114,One year,Fiber optic,Bank transfer (automatic),No,No,Yes,Yes,Yes,0
-0.748079855318371,0.4433111891253892,Month-to-month,Fiber optic,Electronic check,Yes,No,No,No,No,2
0.7992939660427822,-0.8263017190015288,Month-to-month,DSL,Electronic check,Yes,No,Yes,No,No,2
1.0436161483629645,0.004596781081533054,Two year,DSL,Credit card (automatic),Yes,Yes,Yes,No,Yes,0
0.5956921474426305,1.0066603721817051,Month-to-month,Fiber optic,Electronic check,Yes,Yes,No,Yes,No,2
1.4100994218432374,-0.3776165289566755,Month-to-month,DSL,Credit card (automatic),Yes,Yes,No,Yes,Yes,0
-1.2367242199587352,-1.3248408190513656,Month-to-month,DSL,Credit card (automatic),Yes,No,No,No,No,2
-1.0738427650786138,-0.6667692069855808,Month-to-month,DSL,Credit card (automatic),No,No,No,No,No,2
1.5729808767233588,1.6364814352446657,Two year,Fiber optic,Bank transfer (automatic),Yes,Yes,Yes,Yes,Yes,0
0.5549717837226001,-1.479387940066815,Two year,No,Bank transfer (automatic),No,No internet service,No internet service,No internet service,No internet service,1
-1.1145631287986442,-0.3626603559551803,Month-to-month,DSL,Credit card (automatic),No,Yes,Yes,No,No,2
1.4100994218432374,0.6344178441444933,Month-to-month,Fiber optic,Bank transfer (automatic),No,No,Yes,No,No,2
-1.1960038562387048,-1.481049737066981,Month-to-month,No,Bank transfer (automatic),No,No internet service,No internet service,No internet service,No internet service,1
-1.1960038562387048,-1.4893587220678117,Month-to-month,No,Mailed check,No,No internet service,No internet service,No internet service,No internet service,1
0.7992939660427822,1.3107692232121058,Month-to-month,Fiber optic,Electronic check,Yes,No,Yes,Yes,Yes,0
0.3920903288424788,-0.4823097399671412,Month-to-month,DSL,Electronic check,Yes,No,No,No,No,2
0.7178532386027215,-1.4760643460664828,One year,No,Mailed check,Yes,No internet service,No internet service,No internet service,No internet service,1
-0.38159658183809786,0.8388188751649267,Month-to-month,Fiber optic,Electronic check,Yes,No,Yes,No,No,2
1.4100994218432374,-0.3510277769540174,Two year,DSL,Credit card (automatic),No,Yes,Yes,Yes,Yes,0
-0.30015585439803716,1.15456030519649,Month-to-month,Fiber optic,Electronic check,Yes,No,No,Yes,Yes,2
0.26992923768238775,1.141265929195161,One year,Fiber optic,Mailed check,No,No,Yes,Yes,No,0
1.4915401492832983,0.07106866108817798,Two year,DSL,Mailed check,Yes,Yes,Yes,No,No,0
-1.2774445836787656,-1.2932666760482092,One year,DSL,Mailed check,No,No,No,No,No,0
-0.015113308357824713,0.8737166121684152,Month-to-month,Fiber optic,Electronic check,No,No,No,Yes,No,2
-0.9516816739185228,0.2073360151017999,Month-to-month,Fiber optic,Electronic check,No,No,No,No,No,2
-0.6666391278783103,0.9451738831755587,Month-to-month,Fiber optic,Credit card (automatic),Yes,No,No,No,Yes,2
1.125056875803025,-1.4561227820644893,Two year,No,Bank transfer (automatic),Yes,No internet service,No internet service,No internet service,No internet service,1
1.6137012404433893,1.476948923228718,Two year,Fiber optic,Bank transfer (automatic),Yes,Yes,No,Yes,Yes,0
-1.1145631287986442,-1.5093002860698053,Month-to-month,No,Mailed check,No,No internet service,No internet service,No internet service,No internet service,1
-0.2594354906780068,0.6992279271509723,Month-to-month,Fiber optic,Credit card (automatic),Yes,No,Yes,Yes,No,2
-1.1960038562387048,-1.4926823160681442,Month-to-month,No,Mailed check,No,No internet service,No internet service,No internet service,No internet service,1
-1.2367242199587352,-1.4993295040688086,Month-to-month,No,Electronic check,Yes,No internet service,No internet service,No internet service,No internet service,1
-1.2367242199587352,-1.4710789550659844,One year,No,Bank transfer (automatic),No,No internet service,No internet service,No internet service,No internet service,1
0.14776814652229667,0.827186296163764,One year,DSL,Credit card (automatic),Yes,Yes,Yes,Yes,Yes,0
-1.0331224013585834,0.31867641411292996,Month-to-month,Fiber optic,Mailed check,No,No,Yes,No,No,2
1.125056875803025,-0.5088984919697991,Two year,DSL,Credit card (automatic),Yes,No,No,Yes,No,0
-0.5444780367182193,0.8089065291619363,Month-to-month,Fiber optic,Electronic check,Yes,No,No,No,No,2
0.5142514200025698,0.34526516611558833,Two year,DSL,Credit card (automatic),No,Yes,Yes,No,Yes,0
-1.1552834925186746,0.19570343610063723,Month-to-month,Fiber optic,Electronic check,Yes,No,No,No,No,2
-0.055833672077855064,1.3107692232121058,Month-to-month,Fiber optic,Electronic check,Yes,Yes,No,Yes,Yes,2
0.5956921474426305,0.8404806721650927,Month-to-month,Fiber optic,Electronic check,No,No,Yes,No,Yes,0
-1.2774445836787656,0.4815325201292102,Month-to-month,Fiber optic,Electronic check,Yes,No,No,No,No,2
-1.2774445836787656,-0.6601220189849164,Month-to-month,DSL,Bank transfer (automatic),Yes,No,No,No,No,2
-1.2774445836787656,-1.5076384890696393,Month-to-month,No,Credit card (automatic),No,No internet service,No internet service,No internet service,No internet service,1
1.0843365120829946,0.7972739501607736,Month-to-month,Fiber optic,Credit card (automatic),Yes,No,No,No,Yes,2
-0.9109613101984924,0.1774236690988095,Month-to-month,Fiber optic,Electronic check,Yes,No,No,No,No,2
0.10704778280226633,0.8720548151682491,Month-to-month,Fiber optic,Credit card (automatic),No,No,Yes,No,No,2
-1.1552834925186746,-1.166970104035584,Month-to-month,DSL,Electronic check,Yes,No,No,No,Yes,2
-0.015113308357824713,0.8654076271675846,One year,Fiber optic,Electronic check,Yes,No,Yes,No,No,0
0.43281069256250915,0.4350022041245586,Month-to-month,Fiber optic,Electronic check,Yes,No,No,No,No,2
-1.1552834925186746,-0.3477041829536853,Month-to-month,DSL,Electronic check,No,No,No,No,No,2
0.880734693482843,-1.5225946620711341,Two year,No,Mailed check,Yes,No internet service,No internet service,No internet service,No internet service,1
-0.8702409464784621,1.0099839661820376,Month-to-month,Fiber optic,Bank transfer (automatic),Yes,No,No,Yes,No,2
1.369379058123207,1.2509445312061254,Two year,Fiber optic,Bank transfer (automatic),Yes,No,Yes,Yes,No,0
1.1657772395230555,1.1678546811978192,One year,Fiber optic,Electronic check,Yes,No,No,Yes,Yes,0
1.6137012404433893,0.7956121531606076,Two year,DSL,Credit card (automatic),No,Yes,Yes,Yes,Yes,0
0.47353105628253944,-0.3477041829536853,One year,DSL,Electronic check,Yes,Yes,No,Yes,Yes,0
0.35136996512244845,-0.3011738669490337,Month-to-month,DSL,Bank transfer (automatic),Yes,No,No,No,Yes,2
0.7178532386027215,1.302460238211275,One year,Fiber optic,Electronic check,Yes,No,Yes,Yes,Yes,0
0.5956921474426305,1.5317882242341998,One year,Fiber optic,Credit card (automatic),Yes,Yes,Yes,Yes,Yes,0
-0.9924020376385531,-1.4827115340671475,Two year,No,Mailed check,No,No internet service,No internet service,No internet service,No internet service,1
-0.5851984004382496,-1.4860351280674797,Month-to-month,No,Mailed check,No,No internet service,No internet service,No internet service,No internet service,1
1.6137012404433893,0.9036289581714056,Two year,DSL,Credit card (automatic),Yes,Yes,Yes,Yes,Yes,0
-1.2774445836787656,0.5230774451333633,Month-to-month,Fiber optic,Electronic check,No,No,No,No,No,2
0.3920903288424788,-0.3028356639492,Month-to-month,DSL,Electronic check,No,No,No,No,Yes,2
-0.5851984004382496,0.3303089931140931,Month-to-month,Fiber optic,Electronic check,Yes,No,No,No,No,2
-0.7888002190384014,1.3091074262119398,One year,Fiber optic,Credit card (automatic),Yes,No,No,Yes,Yes,0
1.4508197855632678,0.6277706561438292,One year,Fiber optic,Bank transfer (automatic),Yes,Yes,No,No,No,2
-1.1552834925186746,0.24721914310578694,Month-to-month,Fiber optic,Bank transfer (automatic),Yes,No,No,No,No,2
1.4915401492832983,1.505199472231542,Two year,Fiber optic,Credit card (automatic),Yes,No,Yes,Yes,Yes,0
-0.62591876415828,-0.44076481496298814,Month-to-month,DSL,Mailed check,No,Yes,No,No,No,2
-0.30015585439803716,-1.304899255049372,Two year,No,Credit card (automatic),No,No internet service,No internet service,No internet service,No internet service,1
0.43281069256250915,0.8238627021634315,Month-to-month,Fiber optic,Mailed check,Yes,No,No,Yes,No,2
1.0843365120829946,-1.504314895069307,Two year,No,Credit card (automatic),No,No internet service,No internet service,No internet service,No internet service,1
-1.1145631287986442,0.5297246331340278,Month-to-month,Fiber optic,Electronic check,No,No,Yes,No,No,2
-0.46303730927815856,0.4233696251233959,One year,DSL,Mailed check,No,Yes,Yes,Yes,No,0
1.4915401492832983,1.3406815692150957,One year,Fiber optic,Credit card (automatic),Yes,Yes,Yes,Yes,Yes,0
-0.7888002190384014,-1.3165318340505352,Month-to-month,DSL,Bank transfer (automatic),Yes,No,No,No,No,2
0.3920903288424788,1.0133075601823696,Month-to-month,Fiber optic,Bank transfer (automatic),Yes,No,No,Yes,Yes,2
0.7992939660427822,1.0266019361836989,Month-to-month,Fiber optic,Credit card (automatic),Yes,Yes,No,No,No,2
0.5549717837226001,0.6726391751483144,Month-to-month,Fiber optic,Electronic check,No,No,Yes,No,No,2
1.1657772395230555,0.53304822713436,Two year,DSL,Bank transfer (automatic),Yes,Yes,Yes,No,Yes,0
-0.13727439951791576,-1.3265026160515319,One year,DSL,Mailed check,Yes,No,No,No,No,0
-0.30015585439803716,-0.3327480099521901,One year,DSL,Credit card (automatic),Yes,Yes,No,No,No,0
-1.1145631287986442,0.6975661301508063,Month-to-month,Fiber optic,Electronic check,Yes,Yes,No,Yes,No,2
-0.7073594915983407,-0.46569176996548,One year,DSL,Electronic check,No,No,No,Yes,Yes,2
-0.5444780367182193,-1.4827115340671475,Two year,No,Mailed check,No,No internet service,No internet service,No internet service,No internet service,1
0.47353105628253944,-1.4860351280674797,Two year,No,Mailed check,No,No internet service,No internet service,No internet service,No internet service,1
-1.0738427650786138,1.113015380192337,Month-to-month,Fiber optic,Electronic check,Yes,No,No,Yes,No,2
1.0436161483629645,0.22727757910379318,Two year,DSL,Credit card (automatic),No,Yes,Yes,No,Yes,0
1.2064976032430856,0.5546515881365197,One year,Fiber optic,Credit card (automatic),Yes,No,Yes,No,No,0
1.5322605130033284,-0.2114368289400632,One year,DSL,Bank transfer (automatic),Yes,Yes,No,Yes,Yes,0
-1.2774445836787656,-1.2982520670487077,Month-to-month,DSL,Mailed check,Yes,No,No,No,No,2
-0.9109613101984924,-0.36764574695567864,Two year,DSL,Credit card (automatic),No,Yes,Yes,No,Yes,0
-0.2594354906780068,-1.5009913010689746,One year,No,Bank transfer (automatic),Yes,No internet service,No internet service,No internet service,No internet service,1
1.369379058123207,0.8188773111629334,Month-to-month,Fiber optic,Credit card (automatic),No,No,No,No,No,2
-1.0331224013585834,0.14086413509515497,Month-to-month,Fiber optic,Electronic check,Yes,No,No,No,No,2
0.758573602322752,0.6460504231456565,One year,Fiber optic,Bank transfer (automatic),No,Yes,No,No,No,2
1.6137012404433893,1.3739175092184182,Two year,Fiber optic,Credit card (automatic),Yes,Yes,Yes,Yes,Yes,0
1.3286586944031769,-1.2965902700485417,Two year,No,Mailed check,No,No internet service,No internet service,No internet service,No internet service,1
-1.2367242199587352,-0.6219006879810957,Month-to-month,DSL,Bank transfer (automatic),No,No,No,No,No,2
1.5322605130033284,0.006258578081699082,One year,DSL,Bank transfer (automatic),No,Yes,Yes,No,No,0
1.6137012404433893,0.6875953481498096,Two year,DSL,Credit card (automatic),Yes,Yes,No,Yes,Yes,0
-1.2774445836787656,-1.4860351280674797,Month-to-month,No,Mailed check,No,No internet service,No internet service,No internet service,No internet service,1
-1.2774445836787656,0.3868100911197414,Month-to-month,Fiber optic,Mailed check,Yes,No,No,No,No,2
-1.1145631287986442,1.1877962451998125,Month-to-month,Fiber optic,Electronic check,Yes,No,No,Yes,Yes,2
-1.1960038562387048,-1.46443176706532,Month-to-month,No,Mailed check,No,No internet service,No internet service,No internet service,No internet service,1
1.0436161483629645,-1.3115464430500368,Two year,No,Credit card (automatic),Yes,No internet service,No internet service,No internet service,No internet service,1
-0.4223169455581282,-0.8213163280010305,Month-to-month,DSL,Mailed check,No,No,Yes,No,No,2
0.025607055362205634,1.1911198392001445,Month-to-month,Fiber optic,Bank transfer (automatic),Yes,No,No,Yes,No,2
-1.2774445836787656,0.1724382780983114,Month-to-month,Fiber optic,Electronic check,No,No,No,No,No,2
0.880734693482843,0.3070438351117673,Month-to-month,Fiber optic,Bank transfer (automatic),No,No,No,No,No,2
1.6137012404433893,1.1512367111961581,Two year,Fiber optic,Electronic check,Yes,No,No,Yes,No,0
-1.2774445836787656,0.9484974771758907,Month-to-month,Fiber optic,Electronic check,Yes,No,No,Yes,No,2
-1.1960038562387048,-0.518869273970796,Month-to-month,DSL,Electronic check,Yes,No,No,No,Yes,2
1.6137012404433893,1.4187860282229037,Two year,Fiber optic,Credit card (automatic),No,Yes,Yes,No,Yes,0
1.6137012404433893,0.6261088591436628,Two year,DSL,Credit card (automatic),Yes,No,Yes,Yes,Yes,0
0.880734693482843,1.1396041321949948,Month-to-month,Fiber optic,Credit card (automatic),Yes,No,No,Yes,Yes,2
1.0843365120829946,0.5097830691320341,One year,DSL,Electronic check,Yes,Yes,No,Yes,No,0
0.880734693482843,0.017891157082861757,Two year,DSL,Bank transfer (automatic),Yes,No,Yes,Yes,No,0
1.125056875803025,0.8238627021634315,Two year,Fiber optic,Electronic check,Yes,No,No,Yes,Yes,0
1.125056875803025,-0.13167057293208934,Two year,DSL,Credit card (automatic),No,Yes,No,Yes,Yes,0
-1.1960038562387048,0.3236618051134285,Month-to-month,Fiber optic,Electronic check,No,No,No,No,No,2
1.4915401492832983,1.1429277261953275,Two year,Fiber optic,Bank transfer (automatic),No,No,Yes,Yes,No,0
-1.2774445836787656,-1.5126238800701375,Month-to-month,No,Electronic check,No,No internet service,No internet service,No internet service,No internet service,1
0.7178532386027215,-0.8412578920030237,Month-to-month,DSL,Credit card (automatic),Yes,No,Yes,Yes,No,0
0.9621754209229036,-0.6617838159850825,Month-to-month,DSL,Credit card (automatic),Yes,No,No,Yes,No,2
1.125056875803025,1.0781176431888486,Two year,Fiber optic,Electronic check,Yes,Yes,Yes,Yes,No,0
1.4915401492832983,1.5218174422332031,One year,Fiber optic,Mailed check,Yes,Yes,Yes,Yes,Yes,0
-1.2774445836787656,-0.9874960280176428,Month-to-month,DSL,Mailed check,No,No,No,No,No,2
-1.2774445836787656,0.27380789510844483,Month-to-month,Fiber optic,Electronic check,Yes,No,No,No,No,2
-1.1960038562387048,-1.491020519067978,Month-to-month,No,Mailed check,Yes,No internet service,No internet service,No internet service,No internet service,1
1.125056875803025,0.40508985812156867,Two year,DSL,Bank transfer (automatic),No,Yes,No,Yes,No,0
-0.7888002190384014,-0.9758634490164798,Two year,DSL,Mailed check,No,Yes,No,No,Yes,2
1.2064976032430856,-1.4727407520661506,Two year,No,Bank transfer (automatic),No,No internet service,No internet service,No internet service,No internet service,1
0.5142514200025698,1.0631614701873533,One year,Fiber optic,Bank transfer (automatic),No,No,Yes,No,No,0
-0.30015585439803716,-0.3510277769540174,One year,DSL,Electronic check,No,Yes,No,Yes,Yes,0
0.47353105628253944,1.1745018691984834,Two year,Fiber optic,Bank transfer (automatic),No,Yes,No,Yes,Yes,0
-1.2367242199587352,-0.6484894399837535,Month-to-month,DSL,Mailed check,Yes,No,No,No,No,2
0.025607055362205634,0.6344178441444933,Month-to-month,Fiber optic,Credit card (automatic),Yes,No,No,No,Yes,2
-1.2774445836787656,0.1774236690988095,Month-to-month,Fiber optic,Electronic check,Yes,No,No,No,No,2
-0.4223169455581282,-1.4594463760648215,One year,No,Bank transfer (automatic),No,No internet service,No internet service,No internet service,No internet service,1
0.10704778280226633,-1.0406735320229585,Month-to-month,DSL,Mailed check,Yes,Yes,No,No,Yes,2
-0.13727439951791576,-1.481049737066981,Two year,No,Mailed check,No,No internet service,No internet service,No internet service,No internet service,1
-0.21871512695797646,0.7025515211513048,One year,Fiber optic,Electronic check,Yes,No,Yes,No,Yes,0
0.880734693482843,-0.12502338493142473,One year,DSL,Electronic check,Yes,Yes,No,No,Yes,0
-1.2367242199587352,0.19570343610063723,Month-to-month,Fiber optic,Electronic check,Yes,No,No,No,No,2
1.002895784642934,0.7357874611546272,One year,Fiber optic,Electronic check,Yes,No,No,Yes,No,0
1.2064976032430856,0.15415851109648415,Two year,DSL,Bank transfer (automatic),No,Yes,Yes,No,Yes,0
-0.7073594915983407,-1.4760643460664828,One year,No,Credit card (automatic),No,No internet service,No internet service,No internet service,No internet service,1
-1.2367242199587352,-1.4760643460664828,Month-to-month,No,Mailed check,No,No internet service,No internet service,No internet service,No internet service,1
1.5322605130033284,1.3140928172124378,Two year,Fiber optic,Bank transfer (automatic),Yes,Yes,No,Yes,Yes,0
-0.46303730927815856,-0.6584602219847502,Month-to-month,DSL,Electronic check,Yes,No,No,No,No,2
-0.38159658183809786,-0.5088984919697991,One year,DSL,Electronic check,Yes,Yes,No,No,No,0
-1.0738427650786138,-1.4677553610656522,One year,No,Mailed check,No,No internet service,No internet service,No internet service,No internet service,1
-1.1552834925186746,-1.502653098069141,Two year,No,Credit card (automatic),No,No internet service,No internet service,No internet service,No internet service,1
-1.1960038562387048,1.1379423351948288,Month-to-month,Fiber optic,Credit card (automatic),Yes,No,Yes,Yes,Yes,0
-0.38159658183809786,0.9551446651765553,Month-to-month,Fiber optic,Electronic check,Yes,No,No,Yes,No,2
-0.2594354906780068,-0.3393951979528547,One year,DSL,Credit card (automatic),No,Yes,Yes,Yes,No,0
-0.9924020376385531,-1.4860351280674797,Month-to-month,No,Mailed check,No,No internet service,No internet service,No internet service,No internet service,1
-0.2594354906780068,0.6377414381448259,Month-to-month,Fiber optic,Electronic check,Yes,No,No,No,No,2
-1.2367242199587352,0.4881797081298748,Month-to-month,Fiber optic,Electronic check,Yes,No,No,No,No,2
1.4100994218432374,1.7096005032519754,Two year,Fiber optic,Credit card (automatic),No,Yes,Yes,Yes,Yes,0
1.5729808767233588,0.9617918531772199,Two year,Fiber optic,Bank transfer (automatic),Yes,No,No,Yes,No,0
1.0843365120829946,0.5014740841312035,One year,DSL,Credit card (automatic),No,Yes,Yes,No,Yes,0
0.26992923768238775,1.1711782751981514,One year,Fiber optic,Electronic check,No,No,No,Yes,Yes,0
-0.46303730927815856,-1.5009913010689746,Two year,No,Mailed check,No,No internet service,No internet service,No internet service,No internet service,1
-1.2774445836787656,-1.4976677070686424,Month-to-month,No,Mailed check,No,No internet service,No internet service,No internet service,No internet service,1
0.6364125111626608,-1.481049737066981,Two year,No,Bank transfer (automatic),No,No internet service,No internet service,No internet service,No internet service,1
-0.055833672077855064,-0.4773243489666429,One year,DSL,Credit card (automatic),Yes,No,Yes,No,Yes,0
1.2879383306831464,1.614878074242506,One year,Fiber optic,Electronic check,No,Yes,Yes,Yes,Yes,0
0.5549717837226001,0.5064594751317021,Month-to-month,Fiber optic,Bank transfer (automatic),Yes,No,No,No,No,2
0.7992939660427822,0.5380336181348585,Two year,DSL,Bank transfer (automatic),Yes,Yes,No,Yes,Yes,0
1.4100994218432374,-1.3248408190513656,Two year,No,Mailed check,Yes,No internet service,No internet service,No internet service,No internet service,1
1.4100994218432374,-0.32776261895169184,Month-to-month,DSL,Electronic check,No,No,No,No,No,2
-1.1145631287986442,0.358559542116917,Month-to-month,Fiber optic,Electronic check,No,No,No,No,No,2
1.5729808767233588,1.478610720228884,Two year,Fiber optic,Electronic check,No,Yes,No,Yes,Yes,0
-0.9516816739185228,0.4283550161238945,Month-to-month,Fiber optic,Bank transfer (automatic),Yes,No,No,Yes,No,2
-0.2594354906780068,1.0049985751815391,Month-to-month,Fiber optic,Electronic check,Yes,No,Yes,No,No,2
1.5729808767233588,1.7129240972523074,One year,Fiber optic,Bank transfer (automatic),Yes,Yes,Yes,Yes,Yes,0
-0.015113308357824713,-1.491020519067978,Month-to-month,No,Bank transfer (automatic),No,No internet service,No internet service,No internet service,No internet service,1
-1.2367242199587352,0.1857326540996401,Month-to-month,Fiber optic,Electronic check,No,No,No,No,No,2
1.5729808767233588,-1.3015756610490399,Two year,No,Credit card (automatic),No,No internet service,No internet service,No internet service,No internet service,1
1.125056875803025,-0.6750781919864114,One year,DSL,Electronic check,Yes,No,Yes,No,Yes,0
0.9214550572028734,1.1761636661986499,One year,Fiber optic,Electronic check,Yes,No,No,Yes,Yes,0
0.880734693482843,1.3506523512160928,One year,Fiber optic,Credit card (automatic),Yes,Yes,Yes,Yes,No,0
-1.2367242199587352,1.0332491241843629,Month-to-month,Fiber optic,Electronic check,Yes,No,No,Yes,Yes,2
-1.0738427650786138,0.3020584441112687,Month-to-month,Fiber optic,Mailed check,Yes,No,No,No,No,2
0.6364125111626608,0.1774236690988095,Two year,DSL,Credit card (automatic),Yes,No,Yes,No,Yes,0
1.247217966963116,-1.3132082400502028,Two year,No,Mailed check,No,No internet service,No internet service,No internet service,No internet service,1
-1.2774445836787656,0.47820892612887816,Month-to-month,Fiber optic,Electronic check,Yes,No,No,No,No,2
-0.8295205827584317,-1.4527991880641573,Month-to-month,No,Credit card (automatic),No,No internet service,No internet service,No internet service,No internet service,1
0.880734693482843,-1.3231790220511994,Month-to-month,DSL,Bank transfer (automatic),Yes,No,No,No,No,2
-0.0965540357978854,-0.00869759491979612,One year,DSL,Electronic check,Yes,Yes,No,Yes,Yes,0
-0.0965540357978854,-1.4993295040688086,Month-to-month,No,Bank transfer (automatic),No,No internet service,No internet service,No internet service,No internet service,1
-1.1552834925186746,0.4732235351283796,Month-to-month,Fiber optic,Electronic check,Yes,No,No,Yes,No,2
0.3106496014024181,1.3689321182179202,One year,Fiber optic,Credit card (automatic),Yes,Yes,No,Yes,Yes,0
-0.9516816739185228,0.36853032411791364,Month-to-month,Fiber optic,Electronic check,Yes,Yes,No,No,No,2
-0.62591876415828,0.9003053641710731,Month-to-month,Fiber optic,Electronic check,No,Yes,Yes,Yes,No,2
1.2064976032430856,-0.7033287409892356,Two year,DSL,Credit card (automatic),Yes,No,No,No,Yes,0
-0.1779947632379461,0.8803638001690798,One year,Fiber optic,Bank transfer (automatic),Yes,Yes,No,Yes,No,0
1.5322605130033284,0.830509890164096,Two year,DSL,Credit card (automatic),No,Yes,Yes,Yes,Yes,0
0.5549717837226001,1.3174164112127704,Two year,Fiber optic,Bank transfer (automatic),Yes,Yes,No,Yes,Yes,0
-0.38159658183809786,0.8438042661654253,Month-to-month,Fiber optic,Mailed check,No,No,No,No,Yes,0
0.5956921474426305,-0.8130073430001998,One year,DSL,Electronic check,No,Yes,Yes,No,Yes,0
1.4508197855632678,1.3456669602155942,Two year,Fiber optic,Bank transfer (automatic),Yes,No,Yes,Yes,Yes,0
1.125056875803025,1.3705939152180862,One year,Fiber optic,Electronic check,Yes,Yes,No,Yes,Yes,0
1.4100994218432374,1.304122035211441,Two year,Fiber optic,Electronic check,Yes,Yes,No,Yes,No,0
-0.748079855318371,0.16246749609731476,Month-to-month,DSL,Electronic check,Yes,Yes,No,Yes,No,2
1.002895784642934,0.3170146171127639,Month-to-month,Fiber optic,Electronic check,Yes,No,No,No,No,2
0.9214550572028734,1.2010906212011416,One year,Fiber optic,Mailed check,No,No,Yes,Yes,No,0
-1.2774445836787656,-1.479387940066815,Month-to-month,No,Mailed check,Yes,No internet service,No internet service,No internet service,No internet service,1
-1.2774445836787656,-0.49394231896830415,Month-to-month,DSL,Mailed check,Yes,Yes,No,No,No,2
-0.38159658183809786,1.068146861187852,Month-to-month,Fiber optic,Credit card (automatic),Yes,Yes,No,Yes,Yes,2
-0.7888002190384014,1.182810854199314,Month-to-month,Fiber optic,Electronic check,Yes,No,Yes,Yes,No,2
0.5956921474426305,1.3074456292117733,Month-to-month,Fiber optic,Electronic check,Yes,No,No,Yes,Yes,2
0.22920887396235737,-1.4843733310673135,One year,No,Mailed check,No,No internet service,No internet service,No internet service,No internet service,1
0.22920887396235737,0.3386179781149237,Month-to-month,Fiber optic,Bank transfer (automatic),Yes,No,No,No,No,2
-1.2367242199587352,-0.2729233179462098,Month-to-month,DSL,Credit card (automatic),Yes,No,No,No,No,2
-1.2774445836787656,-0.5155456799704636,Month-to-month,DSL,Credit card (automatic),Yes,Yes,No,No,No,2
-0.7073594915983407,0.12756975909382579,Month-to-month,Fiber optic,Bank transfer (automatic),Yes,No,No,No,No,2
-0.2594354906780068,0.142525932095321,Month-to-month,Fiber optic,Credit card (automatic),Yes,No,No,No,No,2
0.10704778280226633,-1.4976677070686424,Two year,No,Credit card (automatic),No,No internet service,No internet service,No internet service,No internet service,1
-1.1960038562387048,-1.4860351280674797,Month-to-month,No,Mailed check,Yes,No internet service,No internet service,No internet service,No internet service,1
0.7178532386027215,1.2941512532104444,Month-to-month,Fiber optic,Electronic check,No,Yes,No,Yes,No,2
0.3920903288424788,0.9850570111795457,Month-to-month,Fiber optic,Electronic check,Yes,No,Yes,No,Yes,2
-0.9109613101984924,-0.32610082195152557,Month-to-month,DSL,Credit card (automatic),Yes,Yes,Yes,No,No,2
1.1657772395230555,0.9617918531772199,One year,Fiber optic,Bank transfer (automatic),No,Yes,Yes,No,No,0
1.4508197855632678,1.5118466602322065,Two year,Fiber optic,Credit card (automatic),No,Yes,Yes,Yes,No,0
-0.9109613101984924,1.1346187411944968,One year,Fiber optic,Electronic check,Yes,No,Yes,Yes,Yes,0
1.3286586944031769,0.830509890164096,One year,Fiber optic,Electronic check,No,No,Yes,No,Yes,0
1.6137012404433893,0.5214156481331973,Two year,DSL,Bank transfer (automatic),Yes,Yes,Yes,Yes,Yes,0
0.9214550572028734,0.48651791112970877,Month-to-month,Fiber optic,Electronic check,No,Yes,No,No,No,2
-1.2774445836787656,-1.477726143066649,Month-to-month,No,Mailed check,Yes,No internet service,No internet service,No internet service,No internet service,1
-1.0331224013585834,-0.0651986929254444,Month-to-month,DSL,Bank transfer (automatic),No,Yes,No,No,Yes,2
-1.2367242199587352,0.33695618111475767,Month-to-month,Fiber optic,Mailed check,Yes,No,No,No,No,2
-0.9516816739185228,0.33529438411459117,Month-to-month,Fiber optic,Electronic check,Yes,No,Yes,No,No,2
-0.21871512695797646,-1.2932666760482092,Two year,No,Credit card (automatic),Yes,No internet service,No internet service,No internet service,No internet service,1
-1.0331224013585834,1.2359883582046303,Month-to-month,Fiber optic,Electronic check,Yes,No,No,Yes,Yes,2
1.2879383306831464,0.11759897709282914,Two year,DSL,Mailed check,Yes,Yes,No,No,Yes,0
1.5322605130033284,-0.5437962289732878,Two year,DSL,Bank transfer (automatic),No,Yes,Yes,No,Yes,0
-1.2367242199587352,0.9717626351782166,Month-to-month,Fiber optic,Electronic check,Yes,No,No,Yes,No,2
1.4100994218432374,1.3390197722149297,Two year,Fiber optic,Electronic check,Yes,Yes,Yes,Yes,No,0
0.5142514200025698,0.8155537171626008,Month-to-month,Fiber optic,Credit card (automatic),Yes,No,No,Yes,No,2
-0.3408762181180675,-1.3165318340505352,Two year,No,Credit card (automatic),No,No internet service,No internet service,No internet service,No internet service,1
-1.1552834925186746,-1.504314895069307,Two year,No,Credit card (automatic),No,No internet service,No internet service,No internet service,No internet service,1
0.47353105628253944,0.9368648981747281,Month-to-month,Fiber optic,Bank transfer (automatic),Yes,No,No,Yes,Yes,2
1.6137012404433893,-1.46443176706532,Two year,No,Mailed check,Yes,No internet service,No internet service,No internet service,No internet service,1
-1.2774445836787656,0.3170146171127639,Month-to-month,Fiber optic,Credit card (automatic),Yes,No,No,No,No,2
1.369379058123207,-1.5093002860698053,Two year,No,Bank transfer (automatic),No,No internet service,No internet service,No internet service,No internet service,1
-1.2774445836787656,-0.6684310039857471,Month-to-month,DSL,Mailed check,Yes,Yes,No,No,No,2
-0.7888002190384014,0.641065032145158,Month-to-month,Fiber optic,Electronic check,No,No,Yes,No,No,2
-0.9109613101984924,0.5297246331340278,Month-to-month,Fiber optic,Bank transfer (automatic),Yes,No,No,No,No,2
1.3286586944031769,1.3157546142126038,Month-to-month,Fiber optic,Electronic check,Yes,No,No,Yes,Yes,2
-1.2774445836787656,-1.502653098069141,Month-to-month,No,Mailed check,No,No internet service,No internet service,No internet service,No internet service,1
0.22920887396235737,0.3087056321119333,One year,DSL,Electronic check,No,Yes,Yes,Yes,Yes,0
-0.38159658183809786,-0.8196545310008642,Two year,DSL,Mailed check,No,Yes,Yes,No,Yes,0
-0.9109613101984924,-1.4843733310673135,One year,No,Mailed check,No,No internet service,No internet service,No internet service,No internet service,1
-1.1552834925186746,1.2276793732037996,Month-to-month,Fiber optic,Electronic check,Yes,No,No,Yes,No,2
1.6137012404433893,0.6244470621434968,Two year,DSL,Credit card (automatic),Yes,Yes,Yes,Yes,Yes,0
0.10704778280226633,-0.2629525359452129,Month-to-month,DSL,Electronic check,No,Yes,No,No,No,2
-1.2774445836787656,-1.4744025490663168,Month-to-month,No,Mailed check,No,No internet service,No internet service,No internet service,No internet service,1
1.0436161483629645,-1.502653098069141,Two year,No,Credit card (automatic),No,No internet service,No internet service,No internet service,No internet service,1
1.5322605130033284,1.3755793062185846,One year,Fiber optic,Electronic check,Yes,Yes,No,Yes,Yes,0
0.22920887396235737,0.47156173812821356,One year,DSL,Credit card (automatic),No,No,No,Yes,Yes,0
1.125056875803025,-0.4989277099688025,Month-to-month,DSL,Electronic check,Yes,No,No,Yes,No,2
-0.2594354906780068,0.9185851311729007,Month-to-month,Fiber optic,Credit card (automatic),Yes,No,Yes,Yes,No,2
-0.9924020376385531,-0.21808401694072754,One year,DSL,Bank transfer (automatic),No,Yes,Yes,No,No,0
0.35136996512244845,1.2575917192067896,One year,Fiber optic,Electronic check,Yes,Yes,No,Yes,Yes,0
0.14776814652229667,0.9036289581714056,Month-to-month,Fiber optic,Credit card (automatic),Yes,No,No,Yes,No,2
0.880734693482843,0.016229360082695727,One year,DSL,Bank transfer (automatic),No,Yes,No,No,Yes,0
1.5729808767233588,1.3705939152180862,Two year,Fiber optic,Bank transfer (automatic),Yes,No,No,Yes,Yes,0
0.9214550572028734,0.2771314891087769,Month-to-month,Fiber optic,Electronic check,Yes,No,No,No,No,2
1.6137012404433893,-0.16656830993557784,Two year,DSL,Bank transfer (automatic),No,No,Yes,No,No,0
-1.1960038562387048,-0.32111543095102724,Month-to-month,DSL,Mailed check,Yes,Yes,Yes,No,No,2
0.880734693482843,-0.16490651293541178,Two year,DSL,Bank transfer (automatic),Yes,No,No,No,Yes,0
1.6137012404433893,1.722894879253304,Two year,Fiber optic,Bank transfer (automatic),Yes,Yes,Yes,Yes,Yes,0
0.7992939660427822,1.48027251722905,Two year,Fiber optic,Electronic check,Yes,Yes,Yes,Yes,Yes,0
1.125056875803025,1.217708591202803,One year,Fiber optic,Bank transfer (automatic),Yes,No,Yes,Yes,No,0
0.26992923768238775,-0.4690153639658123,Month-to-month,DSL,Credit card (automatic),Yes,No,No,Yes,Yes,2
-0.7073594915983407,-0.28621769394753876,One year,DSL,Mailed check,No,No,No,Yes,No,2
1.4915401492832983,1.3872118852197473,Two year,Fiber optic,Bank transfer (automatic),Yes,Yes,No,Yes,Yes,0
0.43281069256250915,-1.5142856770703037,One year,No,Mailed check,Yes,No internet service,No internet service,No internet service,No internet service,1
1.247217966963116,0.6061672951416694,One year,DSL,Bank transfer (automatic),No,Yes,Yes,Yes,Yes,0
-1.2367242199587352,0.1774236690988095,Month-to-month,Fiber optic,Electronic check,No,No,No,No,No,2
1.6137012404433893,1.4470365772257276,Two year,Fiber optic,Bank transfer (automatic),Yes,Yes,Yes,Yes,Yes,0
-0.015113308357824713,0.8737166121684152,Month-to-month,Fiber optic,Bank transfer (automatic),Yes,No,No,No,Yes,2
0.3106496014024181,-1.3132082400502028,Two year,No,Credit card (automatic),No,No internet service,No internet service,No internet service,No internet service,1
1.0436161483629645,-0.6451658459834212,One year,DSL,Electronic check,Yes,No,Yes,Yes,No,0
1.4100994218432374,-0.6933579589882389,Two year,DSL,Electronic check,No,Yes,Yes,Yes,No,0
0.758573602322752,0.4233696251233959,Month-to-month,Fiber optic,Electronic check,Yes,No,Yes,No,No,2
-0.055833672077855064,0.4831943171293762,One year,DSL,Mailed check,Yes,Yes,No,Yes,Yes,0
1.4915401492832983,0.6693155811479823,Month-to-month,Fiber optic,Credit card (automatic),Yes,No,Yes,No,No,2
-0.015113308357824713,0.4815325201292102,One year,Fiber optic,Electronic check,Yes,Yes,No,No,No,2
-0.46303730927815856,0.2089978121019659,Two year,DSL,Credit card (automatic),No,Yes,Yes,Yes,No,0
0.7992939660427822,-0.3659839499555126,One year,DSL,Electronic check,No,No,Yes,No,Yes,0
1.6137012404433893,-1.3464441800535252,Two year,No,Credit card (automatic),No,No internet service,No internet service,No internet service,No internet service,1
1.6137012404433893,-0.3510277769540174,Two year,DSL,Electronic check,Yes,No,No,Yes,Yes,0
0.7992939660427822,-0.681725379987076,One year,DSL,Bank transfer (automatic),No,No,Yes,No,Yes,0
0.35136996512244845,-0.4889569279678058,One year,DSL,Bank transfer (automatic),No,Yes,No,No,No,0
0.35136996512244845,-1.4827115340671475,Two year,No,Mailed check,No,No internet service,No internet service,No internet service,No internet service,1
-1.0738427650786138,0.14917312009598557,Month-to-month,Fiber optic,Mailed check,Yes,No,No,No,No,2
1.4100994218432374,0.15249671409631763,One year,DSL,Credit card (automatic),Yes,Yes,Yes,No,Yes,0
-0.6666391278783103,-1.5093002860698053,Month-to-month,No,Mailed check,No,No internet service,No internet service,No internet service,No internet service,1
-0.62591876415828,-1.51594747407047,Two year,No,Mailed check,No,No internet service,No internet service,No internet service,No internet service,1
0.10704778280226633,-0.12502338493142473,Month-to-month,DSL,Mailed check,No,No,Yes,No,Yes,2
1.0436161483629645,-1.4710789550659844,Two year,No,Credit card (automatic),No,No internet service,No internet service,No internet service,No internet service,1
-1.2774445836787656,-0.4740007549663106,Month-to-month,DSL,Electronic check,Yes,No,No,No,Yes,2
0.7992939660427822,-0.48397153696730727,Two year,DSL,Mailed check,No,Yes,No,Yes,Yes,0
1.5322605130033284,0.4931650991303729,Two year,DSL,Bank transfer (automatic),No,Yes,Yes,Yes,Yes,0
-0.5444780367182193,-1.3248408190513656,Two year,No,Bank transfer (automatic),Yes,No internet service,No internet service,No internet service,No internet service,1
-1.2774445836787656,0.32033821111309646,Month-to-month,Fiber optic,Electronic check,Yes,No,No,No,No,2
0.10704778280226633,1.4005062612210766,Month-to-month,Fiber optic,Electronic check,Yes,Yes,Yes,Yes,Yes,0
-0.015113308357824713,1.2160467942026365,Month-to-month,Fiber optic,Electronic check,Yes,No,No,Yes,Yes,2
-0.62591876415828,-0.31280644595019663,Month-to-month,DSL,Credit card (automatic),Yes,Yes,Yes,No,No,2
1.4100994218432374,-0.47233895796614456,One year,DSL,Credit card (automatic),No,No,No,No,No,0
-0.9516816739185228,-1.504314895069307,Month-to-month,No,Bank transfer (automatic),No,No internet service,No internet service,No internet service,No internet service,1
-0.055833672077855064,0.4881797081298748,One year,DSL,Mailed check,Yes,Yes,No,Yes,No,0
-1.1552834925186746,0.8604222361670865,Month-to-month,Fiber optic,Electronic check,No,No,Yes,Yes,No,2
1.0436161483629645,0.8338334841644282,One year,Fiber optic,Bank transfer (automatic),Yes,Yes,Yes,No,No,0
1.125056875803025,0.4732235351283796,One year,DSL,Mailed check,No,Yes,Yes,Yes,Yes,0
1.0436161483629645,1.325725396213601,One year,Fiber optic,Electronic check,Yes,Yes,No,Yes,Yes,0
-1.2774445836787656,-1.502653098069141,Month-to-month,No,Mailed check,No,No internet service,No internet service,No internet service,No internet service,1
-0.21871512695797646,-1.491020519067978,Two year,No,Mailed check,No,No internet service,No internet service,No internet service,No internet service,1
1.369379058123207,1.7112623002521414,One year,Fiber optic,Electronic check,Yes,Yes,Yes,Yes,Yes,0
-0.7073594915983407,0.7640380101574512,Month-to-month,Fiber optic,Bank transfer (automatic),Yes,No,Yes,Yes,No,2
0.5956921474426305,1.1728400721983174,Month-to-month,Fiber optic,Electronic check,Yes,No,No,Yes,Yes,2
0.35136996512244845,0.5496661971360212,Month-to-month,Fiber optic,Credit card (automatic),Yes,No,Yes,No,No,2
1.0843365120829946,-0.6800635829869099,Month-to-month,DSL,Electronic check,Yes,No,No,Yes,No,2
0.7178532386027215,0.1857326540996401,Two year,Fiber optic,Credit card (automatic),No,No,No,No,No,0
-0.62591876415828,-0.6750781919864114,One year,DSL,Credit card (automatic),No,No,Yes,Yes,Yes,0
-1.0738427650786138,-0.518869273970796,Month-to-month,DSL,Electronic check,Yes,No,Yes,No,No,2
0.758573602322752,-1.1736172920362484,Month-to-month,DSL,Credit card (automatic),Yes,No,No,No,No,2
0.47353105628253944,1.1894580421999785,Month-to-month,Fiber optic,Electronic check,No,Yes,No,Yes,No,2
0.6771328748826912,0.682609957149311,Month-to-month,Fiber optic,Credit card (automatic),Yes,No,No,Yes,No,2
-1.2367242199587352,1.0266019361836989,Month-to-month,Fiber optic,Electronic check,No,No,No,Yes,No,2
1.0843365120829946,0.14418772909548702,One year,DSL,Mailed check,Yes,Yes,Yes,No,No,0
0.7178532386027215,0.1857326540996401,Month-to-month,DSL,Bank transfer (automatic),Yes,No,Yes,Yes,No,0
1.0843365120829946,-1.4677553610656522,Two year,No,Mailed check,No,No internet service,No internet service,No internet service,No internet service,1
-0.5851984004382496,0.31202922611226586,Month-to-month,Fiber optic,Mailed check,No,No,No,No,No,2
-0.9109613101984924,0.3419415721152558,Month-to-month,Fiber optic,Electronic check,No,No,No,No,No,2
-0.748079855318371,-0.6700928009859131,One year,DSL,Electronic check,No,No,No,No,No,0
0.10704778280226633,-1.439504812062828,Two year,No,Bank transfer (automatic),No,No internet service,No internet service,No internet service,No internet service,1
-0.9924020376385531,-0.7083141319897339,One year,DSL,Mailed check,Yes,No,No,No,No,0
-0.5851984004382496,-1.4860351280674797,One year,No,Bank transfer (automatic),No,No internet service,No internet service,No internet service,No internet service,1
1.125056875803025,0.9767480261787151,One year,Fiber optic,Bank transfer (automatic),No,No,Yes,Yes,No,0
-1.2774445836787656,0.9850570111795457,Month-to-month,Fiber optic,Electronic check,No,No,No,Yes,Yes,2
-1.0738427650786138,-1.502653098069141,Two year,No,Mailed check,No,No internet service,No internet service,No internet service,No internet service,1
-0.5444780367182193,0.37019212111808014,Month-to-month,DSL,Mailed check,Yes,Yes,Yes,Yes,No,0
0.8400143297628127,-0.020330173920958795,One year,DSL,Bank transfer (automatic),No,Yes,Yes,No,No,0
1.6137012404433893,1.4885815022298807,Two year,Fiber optic,Bank transfer (automatic),Yes,No,Yes,Yes,Yes,0
1.125056875803025,1.5301264272340338,Two year,Fiber optic,Credit card (automatic),Yes,Yes,No,Yes,Yes,0
-1.2774445836787656,-0.3244390249513595,Month-to-month,DSL,Credit card (automatic),Yes,No,No,Yes,No,2
-0.7888002190384014,-0.37595473195650925,Month-to-month,DSL,Mailed check,No,Yes,No,No,Yes,2
-1.1145631287986442,0.1724382780983114,Month-to-month,Fiber optic,Credit card (automatic),No,No,No,No,No,2
-1.2774445836787656,1.219370388202969,Month-to-month,Fiber optic,Electronic check,Yes,No,No,Yes,Yes,2
-0.7888002190384014,1.071470455188184,Month-to-month,Fiber optic,Electronic check,No,No,No,Yes,Yes,2
0.18848851024232702,0.85876043916692,One year,DSL,Bank transfer (automatic),Yes,Yes,Yes,Yes,Yes,0
1.2879383306831464,0.2920876621102721,Month-to-month,Fiber optic,Mailed check,Yes,No,Yes,No,No,2
-1.1145631287986442,0.10596639809166647,Month-to-month,DSL,Bank transfer (automatic),No,Yes,No,Yes,Yes,0
1.1657772395230555,0.9833952141793793,Two year,Fiber optic,Bank transfer (automatic),Yes,Yes,No,No,No,0
-1.2774445836787656,0.1574821050968162,Month-to-month,Fiber optic,Electronic check,Yes,No,No,No,No,2
-1.2774445836787656,-1.5259182560714666,Month-to-month,No,Mailed check,Yes,No internet service,No internet service,No internet service,No internet service,1
-0.2594354906780068,-1.5076384890696393,One year,No,Mailed check,No,No internet service,No internet service,No internet service,No internet service,1
-1.2774445836787656,0.14751132309581955,Month-to-month,Fiber optic,Electronic check,Yes,No,No,No,No,2
-0.3408762181180675,-1.4960059100684764,Two year,No,Mailed check,No,No internet service,No internet service,No internet service,No internet service,1
-0.62591876415828,-0.33773340095268845,One year,DSL,Electronic check,No,Yes,No,Yes,Yes,0
-0.2594354906780068,-1.1619847130350858,Month-to-month,DSL,Mailed check,Yes,No,No,No,Yes,2
-1.2774445836787656,0.16246749609731476,Month-to-month,Fiber optic,Electronic check,Yes,No,No,No,No,2
0.3106496014024181,1.2326647642042976,Month-to-month,Fiber optic,Electronic check,No,No,Yes,Yes,No,2
0.7992939660427822,1.2725478922082847,Month-to-month,Fiber optic,Electronic check,Yes,No,No,Yes,Yes,2
-1.2774445836787656,0.5829021371393436,Month-to-month,Fiber optic,Electronic check,Yes,No,No,No,Yes,2
-1.2774445836787656,-1.477726143066649,Month-to-month,No,Mailed check,No,No internet service,No internet service,No internet service,No internet service,1
-0.46303730927815856,-0.9858342310174765,Two year,DSL,Mailed check,No,Yes,Yes,No,No,0
1.4100994218432374,1.3606231332170895,One year,Fiber optic,Bank transfer (automatic),Yes,No,No,Yes,Yes,0
0.47353105628253944,-0.28289409994720643,Month-to-month,DSL,Bank transfer (automatic),No,Yes,Yes,No,No,2
1.5322605130033284,-0.1466267459335843,One year,DSL,Electronic check,No,Yes,No,Yes,Yes,0
-1.1960038562387048,0.4815325201292102,Month-to-month,Fiber optic,Electronic check,No,No,No,Yes,No,2
0.9621754209229036,-0.16490651293541178,Two year,DSL,Bank transfer (automatic),Yes,No,Yes,No,Yes,0
-0.7888002190384014,0.6593447991469852,Month-to-month,Fiber optic,Electronic check,Yes,No,No,No,No,2
1.0436161483629645,0.9518210711762233,Month-to-month,Fiber optic,Bank transfer (automatic),Yes,No,Yes,No,No,2
0.3920903288424788,0.9784098231788811,Month-to-month,Fiber optic,Electronic check,Yes,No,No,Yes,No,2
-1.2774445836787656,-1.3198554280508674,Month-to-month,DSL,Electronic check,No,No,No,No,No,2
0.5549717837226001,1.1595456961969886,Two year,Fiber optic,Mailed check,No,Yes,Yes,No,Yes,0
1.247217966963116,-0.4690153639658123,Two year,DSL,Bank transfer (automatic),Yes,No,Yes,No,No,0
-0.8702409464784621,-0.12834697893175703,Month-to-month,DSL,Electronic check,Yes,Yes,No,No,Yes,2
-0.7073594915983407,-0.1698919039359101,Month-to-month,DSL,Bank transfer (automatic),Yes,Yes,No,No,Yes,2
1.6137012404433893,-0.0020504069191315333,Two year,DSL,Electronic check,Yes,Yes,Yes,Yes,Yes,0
-0.13727439951791576,-1.3181936310507012,Month-to-month,DSL,Credit card (automatic),Yes,No,No,No,No,2
-1.2774445836787656,-0.5255164619714603,Month-to-month,DSL,Electronic check,No,No,No,No,Yes,2
-1.0738427650786138,-0.32942441595185784,Month-to-month,DSL,Electronic check,No,No,No,Yes,No,2
-1.2774445836787656,-0.6468276429835875,Month-to-month,DSL,Electronic check,No,No,No,No,No,2
1.247217966963116,0.8836873941694119,One year,Fiber optic,Electronic check,Yes,No,No,No,No,0
-1.2367242199587352,0.7008897241511383,Month-to-month,Fiber optic,Electronic check,Yes,No,No,No,Yes,2
-0.5851984004382496,-1.3181936310507012,Two year,No,Mailed check,No,No internet service,No internet service,No internet service,No internet service,1
0.43281069256250915,-1.0223937650211312,Month-to-month,DSL,Bank transfer (automatic),No,Yes,Yes,No,No,2
-0.7073594915983407,-0.626886078981594,One year,DSL,Mailed check,No,Yes,Yes,No,Yes,0
-0.9109613101984924,1.0116457631822036,Month-to-month,Fiber optic,Electronic check,No,No,No,Yes,No,2
0.9214550572028734,-1.4710789550659844,Two year,No,Mailed check,No,No internet service,No internet service,No internet service,No internet service,1
0.6771328748826912,1.1911198392001445,One year,Fiber optic,Bank transfer (automatic),Yes,Yes,No,Yes,No,0
-1.0738427650786138,-0.31446824295036285,Month-to-month,DSL,Mailed check,Yes,No,No,No,Yes,2
1.5322605130033284,-1.4760643460664828,Two year,No,Credit card (automatic),No,No internet service,No internet service,No internet service,No internet service,1
-1.2367242199587352,0.33529438411459117,Month-to-month,Fiber optic,Mailed check,Yes,No,No,No,No,2
1.247217966963116,-0.952598291014154,One year,DSL,Bank transfer (automatic),No,Yes,Yes,No,No,0
-0.30015585439803716,0.034509127084522986,Month-to-month,DSL,Bank transfer (automatic),Yes,Yes,No,No,No,2
-0.5851984004382496,-1.4760643460664828,One year,No,Bank transfer (automatic),No,No internet service,No internet service,No internet service,No internet service,1
-0.1779947632379461,1.3639467272174215,Month-to-month,Fiber optic,Electronic check,Yes,Yes,No,Yes,No,2
0.8400143297628127,1.0631614701873533,One year,Fiber optic,Mailed check,Yes,Yes,Yes,No,No,0
0.10704778280226633,1.249282734205959,One year,Fiber optic,Bank transfer (automatic),Yes,No,No,Yes,Yes,0
-1.2774445836787656,-1.341458789053027,Month-to-month,DSL,Mailed check,No,No,No,No,No,2
1.5322605130033284,1.6913207362501481,One year,Fiber optic,Credit card (automatic),No,Yes,Yes,Yes,Yes,0
-1.2367242199587352,0.5014740841312035,Month-to-month,Fiber optic,Electronic check,Yes,Yes,No,No,Yes,2
-0.2594354906780068,0.27546969210861083,Month-to-month,DSL,Electronic check,Yes,Yes,No,Yes,No,2
0.06632741908223598,-0.013682985920294679,One year,DSL,Electronic check,No,No,Yes,No,No,0
-0.5444780367182193,-1.4710789550659844,Two year,No,Mailed check,No,No internet service,No internet service,No internet service,No internet service,1
-0.7073594915983407,0.3735157151184122,Month-to-month,Fiber optic,Mailed check,Yes,No,No,No,No,2
1.2064976032430856,-0.3327480099521901,One year,DSL,Credit card (automatic),No,No,Yes,No,Yes,0
0.3920903288424788,1.329048990213933,Month-to-month,Fiber optic,Bank transfer (automatic),Yes,No,No,Yes,Yes,2
-0.9516816739185228,0.32864719611392706,Month-to-month,DSL,Electronic check,Yes,No,Yes,Yes,No,0
-0.3408762181180675,-0.4523973939641511,Month-to-month,DSL,Electronic check,Yes,No,Yes,No,No,2
1.4508197855632678,-0.7581680419947175,Two year,DSL,Electronic check,Yes,No,Yes,No,Yes,0
-0.055833672077855064,-0.34604238595351905,Month-to-month,DSL,Mailed check,No,Yes,No,No,Yes,2
-1.2774445836787656,-0.28289409994720643,Month-to-month,DSL,Electronic check,Yes,No,No,No,No,2
-0.46303730927815856,1.3739175092184182,Month-to-month,Fiber optic,Electronic check,Yes,Yes,No,Yes,Yes,2
1.247217966963116,1.0382345151848615,One year,Fiber optic,Electronic check,Yes,No,No,Yes,No,0
-1.2367242199587352,0.4981504901308714,Month-to-month,Fiber optic,Bank transfer (automatic),Yes,No,No,No,No,2
1.1657772395230555,-0.11006721192992953,Two year,DSL,Bank transfer (automatic),Yes,Yes,No,Yes,Yes,0
-1.2774445836787656,0.12923155609399228,Month-to-month,Fiber optic,Electronic check,No,No,No,No,No,2
-0.5851984004382496,-1.4993295040688086,One year,No,Mailed check,No,No internet service,No internet service,No internet service,No internet service,1
-1.0738427650786138,-1.5209328650709681,One year,No,Credit card (automatic),No,No internet service,No internet service,No internet service,No internet service,1
0.025607055362205634,1.1711782751981514,Month-to-month,Fiber optic,Electronic check,Yes,No,No,Yes,No,2
-0.6666391278783103,-1.479387940066815,Month-to-month,No,Bank transfer (automatic),No,No internet service,No internet service,No internet service,No internet service,1
0.9621754209229036,1.1279715531938321,Month-to-month,Fiber optic,Electronic check,Yes,Yes,No,Yes,Yes,2
-0.38159658183809786,-1.4943441130683104,One year,No,Mailed check,No,No internet service,No internet service,No internet service,No internet service,1
-0.9516816739185228,0.3003966471111027,Month-to-month,Fiber optic,Electronic check,Yes,No,No,No,Yes,2
-0.748079855318371,1.1778254631988159,Month-to-month,Fiber optic,Electronic check,Yes,No,No,Yes,No,2
-0.7073594915983407,0.33695618111475767,Month-to-month,Fiber optic,Bank transfer (automatic),Yes,No,No,No,No,2
-1.1145631287986442,-1.4860351280674797,Month-to-month,No,Credit card (automatic),No,No internet service,No internet service,No internet service,No internet service,1
1.1657772395230555,1.3772411032187506,Month-to-month,Fiber optic,Electronic check,Yes,No,Yes,Yes,No,2
1.5322605130033284,1.721233082253138,Two year,Fiber optic,Credit card (automatic),Yes,Yes,Yes,Yes,Yes,0
-0.7073594915983407,1.1612074931971548,Month-to-month,Fiber optic,Electronic check,Yes,No,Yes,Yes,No,2
-0.9924020376385531,-1.4976677070686424,Two year,No,Mailed check,No,No internet service,No internet service,No internet service,No internet service,1
-0.9924020376385531,-1.504314895069307,Two year,No,Mailed check,No,No internet service,No internet service,No internet service,No internet service,1
-1.1552834925186746,-1.1835880740372453,Month-to-month,DSL,Mailed check,Yes,No,Yes,No,No,2
0.06632741908223598,-0.3244390249513595,One year,DSL,Mailed check,No,No,Yes,No,No,0
1.4508197855632678,0.8654076271675846,Two year,DSL,Credit card (automatic),Yes,Yes,Yes,Yes,Yes,0
0.5142514200025698,-0.4573827849646494,One year,DSL,Bank transfer (automatic),No,Yes,No,No,Yes,0
-0.9516816739185228,0.8421424691652587,Month-to-month,Fiber optic,Electronic check,Yes,No,No,Yes,Yes,2
-0.4223169455581282,-0.18983346793790365,Month-to-month,DSL,Mailed check,Yes,Yes,Yes,No,No,2
-1.2367242199587352,-1.477726143066649,Month-to-month,No,Mailed check,No,No internet service,No internet service,No internet service,No internet service,1
1.5322605130033284,0.2721460981082788,Two year,DSL,Bank transfer (automatic),No,Yes,No,Yes,Yes,0
-0.9109613101984924,0.2920876621102721,One year,DSL,Credit card (automatic),No,Yes,Yes,No,Yes,0
1.6137012404433893,0.6493740171459885,Two year,DSL,Credit card (automatic),No,Yes,Yes,Yes,Yes,0
0.6771328748826912,0.43998759512505714,One year,DSL,Credit card (automatic),No,No,No,Yes,Yes,0
0.880734693482843,0.2438955491054544,One year,DSL,Mailed check,No,Yes,No,Yes,No,0
1.5729808767233588,1.395520870220578,Two year,Fiber optic,Credit card (automatic),Yes,No,Yes,Yes,Yes,0
-0.4223169455581282,-1.5126238800701375,One year,No,Mailed check,Yes,No internet service,No internet service,No internet service,No internet service,1
0.7178532386027215,-1.4694171580658184,Two year,No,Credit card (automatic),No,No internet service,No internet service,No internet service,No internet service,1
0.43281069256250915,-1.4876969250676457,One year,No,Mailed check,No,No internet service,No internet service,No internet service,No internet service,1
0.5142514200025698,-1.3331498040521963,Two year,No,Credit card (automatic),Yes,No internet service,No internet service,No internet service,No internet service,1
1.2879383306831464,1.28750406520978,Month-to-month,Fiber optic,Bank transfer (automatic),Yes,No,Yes,Yes,No,2
-0.38159658183809786,-1.3597385560548543,Two year,No,Mailed check,No,No internet service,No internet service,No internet service,No internet service,1
1.4508197855632678,-1.2949284730483754,Two year,No,Credit card (automatic),No,No internet service,No internet service,No internet service,No internet service,1
-1.2774445836787656,0.20235062410130134,Month-to-month,Fiber optic,Electronic check,Yes,No,No,No,No,2
-1.2367242199587352,0.16745288709781284,Month-to-month,Fiber optic,Credit card (automatic),Yes,No,No,No,No,2
-0.2594354906780068,-0.17653909193657447,One year,DSL,Credit card (automatic),No,Yes,No,Yes,No,0
0.9214550572028734,-0.3393951979528547,Month-to-month,DSL,Bank transfer (automatic),Yes,Yes,No,Yes,Yes,0
-0.748079855318371,-1.4860351280674797,Month-to-month,No,Electronic check,Yes,No internet service,No internet service,No internet service,No internet service,1
1.5729808767233588,0.5912111221401742,Two year,DSL,Electronic check,Yes,Yes,Yes,Yes,Yes,0
1.2879383306831464,0.5480044001358552,One year,DSL,Electronic check,No,Yes,Yes,Yes,Yes,0
-1.0331224013585834,0.19902703010096928,Month-to-month,DSL,Credit card (automatic),Yes,Yes,No,Yes,No,2
1.002895784642934,0.3170146171127639,Two year,DSL,Credit card (automatic),Yes,Yes,Yes,Yes,Yes,0
-0.7888002190384014,0.9750862291785486,Month-to-month,Fiber optic,Electronic check,No,No,No,Yes,Yes,2
-1.1960038562387048,-1.1653083070354178,Month-to-month,DSL,Credit card (automatic),No,No,Yes,No,No,2
1.6137012404433893,1.4935668932303794,Two year,Fiber optic,Credit card (automatic),No,Yes,No,Yes,Yes,0
0.3106496014024181,1.0498670941860242,Month-to-month,Fiber optic,Credit card (automatic),Yes,No,No,Yes,Yes,2
-0.748079855318371,0.06109787908718086,Month-to-month,DSL,Credit card (automatic),Yes,Yes,No,Yes,No,2
-1.2367242199587352,-0.6734163949862454,Month-to-month,DSL,Electronic check,Yes,No,No,No,No,2
1.369379058123207,1.5334500212343665,One year,Fiber optic,Credit card (automatic),No,Yes,No,Yes,Yes,0
0.22920887396235737,1.3373579752147637,Month-to-month,Fiber optic,Electronic check,Yes,Yes,No,Yes,Yes,2
-1.2774445836787656,-1.3115464430500368,Month-to-month,DSL,Electronic check,Yes,No,No,No,No,2
-0.4223169455581282,-0.3194536339508612,One year,DSL,Credit card (automatic),Yes,Yes,No,No,No,0
-1.2774445836787656,-1.4843733310673135,Month-to-month,No,Mailed check,Yes,No internet service,No internet service,No internet service,No internet service,1
-1.1145631287986442,0.5097830691320341,Month-to-month,Fiber optic,Mailed check,Yes,No,No,Yes,No,2
-0.13727439951791576,0.142525932095321,One year,DSL,Bank transfer (automatic),No,Yes,Yes,Yes,No,0
-1.2774445836787656,0.17077648109814536,Month-to-month,Fiber optic,Mailed check,Yes,No,No,No,No,2
-1.1960038562387048,-1.4744025490663168,Month-to-month,No,Mailed check,No,No internet service,No internet service,No internet service,No internet service,1
1.5729808767233588,-1.4976677070686424,Two year,No,Credit card (automatic),No,No internet service,No internet service,No internet service,No internet service,1
-0.9516816739185228,-0.48729513096763954,Month-to-month,DSL,Electronic check,Yes,No,No,No,No,2
0.43281069256250915,1.217708591202803,Month-to-month,Fiber optic,Electronic check,Yes,No,No,Yes,No,2
0.6364125111626608,0.6211234681431647,One year,DSL,Credit card (automatic),Yes,No,Yes,Yes,Yes,0
-0.2594354906780068,0.7274784761537967,Month-to-month,Fiber optic,Credit card (automatic),Yes,No,Yes,No,No,2
-0.9516816739185228,-1.4827115340671475,Month-to-month,No,Bank transfer (automatic),No,No internet service,No internet service,No internet service,No internet service,1
-1.2774445836787656,0.53304822713436,Month-to-month,Fiber optic,Electronic check,Yes,No,No,No,No,2
0.5549717837226001,-1.5076384890696393,Two year,No,Credit card (automatic),No,No internet service,No internet service,No internet service,No internet service,1
-1.2367242199587352,-0.09012564792793624,Month-to-month,DSL,Bank transfer (automatic),No,No,No,No,No,2
-1.2774445836787656,0.3884718881199074,Month-to-month,Fiber optic,Electronic check,Yes,No,No,No,No,2
1.2879383306831464,-0.15659752793458118,Two year,DSL,Bank transfer (automatic),Yes,Yes,Yes,Yes,Yes,0
-0.8295205827584317,0.8820255971692458,Month-to-month,Fiber optic,Electronic check,Yes,No,No,Yes,No,2
-1.0738427650786138,1.0299255301840309,Month-to-month,Fiber optic,Electronic check,Yes,No,No,Yes,Yes,2
1.0843365120829946,-1.4760643460664828,One year,No,Mailed check,No,No internet service,No internet service,No internet service,No internet service,1
-1.0331224013585834,0.9734244321783826,One year,Fiber optic,Mailed check,Yes,No,No,Yes,No,0
1.6137012404433893,0.642726829145324,Two year,DSL,Credit card (automatic),Yes,No,Yes,Yes,Yes,0
-0.6666391278783103,0.464914550127549,Month-to-month,Fiber optic,Electronic check,Yes,No,No,No,No,2
-0.30015585439803716,-0.30615925794953225,Month-to-month,DSL,Credit card (automatic),No,No,No,No,Yes,2
0.06632741908223598,-0.07018408392594272,Month-to-month,DSL,Electronic check,No,Yes,Yes,No,No,2
-1.2774445836787656,0.3236618051134285,Month-to-month,Fiber optic,Electronic check,Yes,No,No,No,No,2
-0.9109613101984924,1.2409737492051283,Month-to-month,Fiber optic,Credit card (automatic),Yes,No,No,Yes,Yes,2
-0.3408762181180675,-1.4843733310673135,One year,No,Mailed check,No,No internet service,No internet service,No internet service,No internet service,1
-0.9109613101984924,0.18407085709947407,One year,DSL,Electronic check,No,No,Yes,Yes,No,0
1.4915401492832983,-0.3693075439558449,One year,DSL,Credit card (automatic),Yes,No,Yes,No,No,0
1.002895784642934,-1.462769970065154,Two year,No,Mailed check,No,No internet service,No internet service,No internet service,No internet service,1
0.7178532386027215,1.284180471209448,One year,Fiber optic,Bank transfer (automatic),Yes,Yes,No,Yes,Yes,0
-0.1779947632379461,-0.46402997296531395,One year,DSL,Mailed check,No,Yes,Yes,Yes,Yes,0
-0.6666391278783103,-0.4856333339674735,Month-to-month,DSL,Electronic check,Yes,No,Yes,No,No,2
-0.30015585439803716,0.4732235351283796,Month-to-month,DSL,Mailed check,Yes,Yes,Yes,Yes,No,0
-1.1960038562387048,0.32698539911376057,Month-to-month,Fiber optic,Bank transfer (automatic),Yes,No,No,No,No,2
1.1657772395230555,1.0548524851865226,One year,Fiber optic,Bank transfer (automatic),Yes,No,No,Yes,No,0
-1.2367242199587352,-1.4843733310673135,Month-to-month,No,Mailed check,No,No internet service,No internet service,No internet service,No internet service,1
0.758573602322752,-1.5076384890696393,One year,No,Mailed check,No,No internet service,No internet service,No internet service,No internet service,1
1.5729808767233588,0.42503142212356193,Two year,DSL,Credit card (automatic),No,No,Yes,Yes,Yes,0
-0.5037576729981889,-1.4860351280674797,Month-to-month,No,Mailed check,No,No internet service,No internet service,No internet service,No internet service,1
-1.0738427650786138,-1.4926823160681442,Month-to-month,No,Credit card (automatic),No,No internet service,No internet service,No internet service,No internet service,1
-1.0738427650786138,-1.481049737066981,Month-to-month,No,Mailed check,No,No internet service,No internet service,No internet service,No internet service,1
-0.13727439951791576,0.08934842809000525,Month-to-month,DSL,Mailed check,No,Yes,Yes,No,No,2
0.14776814652229667,-1.5358890380724635,Two year,No,Credit card (automatic),Yes,No internet service,No internet service,No internet service,No internet service,1
-0.1779947632379461,-1.1636465100352518,Month-to-month,DSL,Mailed check,Yes,No,No,No,Yes,2
-1.0331224013585834,0.722493085153298,Month-to-month,Fiber optic,Electronic check,Yes,No,No,Yes,No,2
1.247217966963116,-1.3481059770536914,Two year,No,Mailed check,No,No internet service,No internet service,No internet service,No internet service,1
0.6364125111626608,-1.3697093380558512,Two year,No,Mailed check,No,No internet service,No internet service,No internet service,No internet service,1
0.6771328748826912,-1.4727407520661506,One year,No,Bank transfer (automatic),No,No internet service,No internet service,No internet service,No internet service,1
-0.21871512695797646,0.5546515881365197,Month-to-month,Fiber optic,Electronic check,Yes,No,No,No,No,2
1.6137012404433893,0.9152615371725683,Two year,DSL,Credit card (automatic),No,Yes,Yes,Yes,Yes,0
-1.2774445836787656,0.14584952609565352,Month-to-month,Fiber optic,Electronic check,Yes,No,No,No,No,2
1.6137012404433893,-0.3693075439558449,Two year,DSL,Credit card (automatic),No,Yes,No,Yes,No,0
0.5956921474426305,-0.8346107040023594,One year,DSL,Credit card (automatic),No,Yes,Yes,No,No,0
-1.2774445836787656,-0.33607160395252245,Month-to-month,DSL,Electronic check,Yes,No,No,Yes,No,2
0.14776814652229667,1.330710787214099,One year,Fiber optic,Bank transfer (automatic),Yes,No,No,Yes,Yes,0
0.43281069256250915,-1.1786026830367469,Month-to-month,DSL,Credit card (automatic),No,No,No,No,No,2
-0.21871512695797646,0.6344178441444933,Month-to-month,DSL,Electronic check,No,Yes,No,Yes,Yes,0
-0.9516816739185228,0.4915033021302069,Month-to-month,Fiber optic,Electronic check,Yes,No,No,No,No,2
0.22920887396235737,1.2924894562102784,Month-to-month,Fiber optic,Electronic check,Yes,Yes,No,Yes,Yes,2
0.10704778280226633,1.1396041321949948,Month-to-month,Fiber optic,Electronic check,Yes,No,Yes,Yes,No,2
-1.318164947398796,0.2854404741096075,Two year,DSL,Mailed check,No,Yes,No,Yes,Yes,0
1.0843365120829946,1.1728400721983174,Two year,Fiber optic,Mailed check,Yes,Yes,No,Yes,No,0
-0.21871512695797646,-1.4760643460664828,Two year,No,Credit card (automatic),No,No internet service,No internet service,No internet service,No internet service,1
-1.2367242199587352,-0.6916961619880726,Month-to-month,DSL,Electronic check,No,No,No,No,No,2
-1.0331224013585834,-1.3713711350560172,Month-to-month,No,Mailed check,No,No internet service,No internet service,No internet service,No internet service,1
0.14776814652229667,0.19736523310080326,One year,DSL,Mailed check,Yes,Yes,No,No,No,0
0.35136996512244845,0.9817334171792131,Month-to-month,Fiber optic,Bank transfer (automatic),Yes,No,Yes,Yes,No,2
-0.7888002190384014,-1.1835880740372453,Month-to-month,DSL,Electronic check,No,No,No,No,No,2
-0.5444780367182193,-1.4594463760648215,Two year,No,Credit card (automatic),No,No internet service,No internet service,No internet service,No internet service,1
1.125056875803025,-0.8994207870088381,Two year,DSL,Bank transfer (automatic),No,Yes,Yes,No,No,0
0.6364125111626608,1.0216165451832002,Two year,Fiber optic,Mailed check,Yes,Yes,No,Yes,Yes,0
-1.1960038562387048,0.8737166121684152,Month-to-month,Fiber optic,Electronic check,No,No,No,Yes,Yes,2
1.4915401492832983,0.9202469281730669,Two year,Fiber optic,Mailed check,Yes,Yes,No,Yes,No,0
0.43281069256250915,-0.6850489739874083,One year,DSL,Electronic check,No,Yes,No,No,Yes,0
-0.8702409464784621,-0.9542600880143203,One year,DSL,Mailed check,Yes,Yes,Yes,No,No,0
0.5142514200025698,-0.4823097399671412,Month-to-month,DSL,Credit card (automatic),Yes,No,No,No,Yes,2
1.6137012404433893,1.4952286902305454,Two year,Fiber optic,Credit card (automatic),Yes,Yes,No,Yes,Yes,0
-1.2367242199587352,0.47987072312904416,Month-to-month,Fiber optic,Electronic check,No,No,No,No,Yes,2
-0.8295205827584317,-1.477726143066649,Two year,No,Bank transfer (automatic),No,No internet service,No internet service,No internet service,No internet service,1
1.4100994218432374,1.5816421342391835,One year,Fiber optic,Credit card (automatic),Yes,Yes,No,Yes,Yes,0
0.18848851024232702,0.9817334171792131,Two year,Fiber optic,Mailed check,No,Yes,No,Yes,Yes,0
0.26992923768238775,-0.7847567939973756,One year,DSL,Bank transfer (automatic),No,Yes,Yes,No,No,0
0.35136996512244845,0.32864719611392706,Month-to-month,DSL,Bank transfer (automatic),Yes,Yes,Yes,No,Yes,2
-0.30015585439803716,-0.5487816199737862,Month-to-month,DSL,Electronic check,Yes,No,No,Yes,Yes,2
-0.9924020376385531,0.37850110611891075,Two year,DSL,Credit card (automatic),Yes,Yes,Yes,No,No,0
1.5729808767233588,0.21065960910213194,Two year,DSL,Mailed check,No,Yes,Yes,No,Yes,0
-1.1145631287986442,1.0565142821866886,Month-to-month,Fiber optic,Electronic check,No,No,No,No,Yes,2
-0.0965540357978854,0.4831943171293762,One year,DSL,Credit card (automatic),Yes,No,Yes,Yes,Yes,0
0.3106496014024181,0.8255244991635975,One year,Fiber optic,Credit card (automatic),Yes,Yes,No,No,No,2
0.880734693482843,-1.4710789550659844,Two year,No,Mailed check,Yes,No internet service,No internet service,No internet service,No internet service,1
1.6137012404433893,1.3805646972190828,Two year,Fiber optic,Bank transfer (automatic),Yes,No,No,Yes,Yes,0
-0.1779947632379461,1.182810854199314,One year,Fiber optic,Bank transfer (automatic),No,No,No,Yes,Yes,0
-0.5851984004382496,0.6925807391503077,Month-to-month,Fiber optic,Electronic check,Yes,Yes,No,No,No,2
-1.2367242199587352,-0.6484894399837535,Month-to-month,DSL,Electronic check,Yes,No,No,Yes,No,2
1.0843365120829946,1.3755793062185846,One year,Fiber optic,Electronic check,Yes,No,No,Yes,Yes,0
-0.4223169455581282,-0.45405919096431707,Month-to-month,DSL,Electronic check,Yes,Yes,No,No,No,2
-1.2774445836787656,-1.491020519067978,Month-to-month,No,Mailed check,No,No internet service,No internet service,No internet service,No internet service,1
1.6137012404433893,-1.2982520670487077,Two year,No,Credit card (automatic),Yes,No internet service,No internet service,No internet service,No internet service,1
-0.748079855318371,0.3170146171127639,Month-to-month,Fiber optic,Electronic check,Yes,No,No,No,No,2
0.7178532386027215,1.1512367111961581,One year,Fiber optic,Electronic check,No,Yes,No,Yes,No,0
0.6364125111626608,0.16412929309748078,One year,DSL,Bank transfer (automatic),No,Yes,Yes,Yes,Yes,0
0.6771328748826912,1.116338974192669,Month-to-month,Fiber optic,Electronic check,Yes,No,No,Yes,No,2
-0.1779947632379461,0.6875953481498096,Month-to-month,Fiber optic,Electronic check,No,No,No,Yes,Yes,2
1.4508197855632678,1.0349109211845293,Month-to-month,Fiber optic,Electronic check,Yes,No,No,No,Yes,2
-0.7888002190384014,1.1961052302006432,Month-to-month,Fiber optic,Electronic check,No,Yes,No,Yes,No,2
-0.8702409464784621,0.8122301231622688,Month-to-month,Fiber optic,Electronic check,Yes,No,No,Yes,Yes,2
-1.1960038562387048,0.31036742911209936,Month-to-month,Fiber optic,Credit card (automatic),Yes,No,No,No,No,2
1.002895784642934,1.1911198392001445,Month-to-month,Fiber optic,Electronic check,No,No,No,Yes,Yes,2
-1.1960038562387048,0.3402797751150897,Month-to-month,Fiber optic,Mailed check,No,No,No,No,No,2
1.6137012404433893,-1.2965902700485417,Two year,No,Credit card (automatic),No,No internet service,No internet service,No internet service,No internet service,1
1.5322605130033284,0.642726829145324,Two year,DSL,Electronic check,Yes,Yes,No,Yes,Yes,0
0.6771328748826912,0.4831943171293762,Two year,DSL,Bank transfer (automatic),No,Yes,No,Yes,No,0
1.4100994218432374,1.4054916522215746,One year,Fiber optic,Credit card (automatic),Yes,No,Yes,Yes,Yes,0
0.5549717837226001,-1.4860351280674797,Two year,No,Bank transfer (automatic),No,No internet service,No internet service,No internet service,No internet service,1
1.2879383306831464,0.18074726309914202,Two year,DSL,Credit card (automatic),Yes,Yes,Yes,Yes,No,0
0.18848851024232702,-1.504314895069307,Month-to-month,No,Bank transfer (automatic),No,No internet service,No internet service,No internet service,No internet service,1
-1.2367242199587352,0.19902703010096928,Month-to-month,Fiber optic,Electronic check,No,No,No,No,No,2
-0.7888002190384014,-0.6468276429835875,Month-to-month,DSL,Electronic check,No,No,No,Yes,No,2
1.6137012404433893,1.6747027662484868,Two year,Fiber optic,Electronic check,No,Yes,Yes,Yes,Yes,0
1.4508197855632678,0.2721460981082788,Two year,DSL,Bank transfer (automatic),Yes,Yes,No,Yes,Yes,0
-0.7073594915983407,-1.4993295040688086,One year,No,Mailed check,No,No internet service,No internet service,No internet service,No internet service,1
-0.3408762181180675,-1.502653098069141,Two year,No,Bank transfer (automatic),Yes,No internet service,No internet service,No internet service,No internet service,1
-0.3408762181180675,0.8238627021634315,Month-to-month,Fiber optic,Electronic check,Yes,Yes,No,No,No,2
-0.21871512695797646,-0.47898614596680894,Month-to-month,DSL,Mailed check,No,No,Yes,No,No,2
-0.8295205827584317,-0.4823097399671412,Month-to-month,DSL,Bank transfer (automatic),No,Yes,No,No,No,2
1.5729808767233588,0.7474200401557899,Two year,DSL,Credit card (automatic),No,Yes,Yes,Yes,Yes,0
1.4100994218432374,-1.461108173064988,Two year,No,Mailed check,Yes,No internet service,No internet service,No internet service,No internet service,1
1.247217966963116,1.478610720228884,Two year,Fiber optic,Bank transfer (automatic),Yes,Yes,No,Yes,Yes,0
-1.2774445836787656,-1.4760643460664828,Month-to-month,No,Mailed check,No,No internet service,No internet service,No internet service,No internet service,1
-1.1552834925186746,-0.29452667894836937,Month-to-month,DSL,Electronic check,Yes,No,No,No,No,2
0.3106496014024181,0.47987072312904416,Month-to-month,Fiber optic,Credit card (automatic),Yes,No,Yes,No,No,2
-0.8295205827584317,1.0382345151848615,Month-to-month,Fiber optic,Electronic check,Yes,No,No,Yes,Yes,2
0.7992939660427822,0.47987072312904416,Two year,DSL,Electronic check,No,No,Yes,Yes,Yes,0
-0.9109613101984924,-1.3547531650543558,Month-to-month,No,Electronic check,Yes,No internet service,No internet service,No internet service,No internet service,1
1.4508197855632678,1.2160467942026365,One year,Fiber optic,Bank transfer (automatic),No,No,Yes,Yes,Yes,0
0.880734693482843,1.1745018691984834,Month-to-month,Fiber optic,Electronic check,Yes,Yes,No,Yes,No,2
-1.1552834925186746,-0.27458511494637583,Month-to-month,DSL,Mailed check,No,Yes,No,No,No,2
0.7992939660427822,-0.9742016520163136,One year,DSL,Mailed check,No,No,Yes,No,Yes,0
-1.2774445836787656,0.6726391751483144,Month-to-month,Fiber optic,Electronic check,Yes,No,No,No,Yes,2
1.5322605130033284,0.48651791112970877,One year,DSL,Bank transfer (automatic),No,Yes,Yes,Yes,Yes,0
0.43281069256250915,-0.9825106370171443,One year,DSL,Credit card (automatic),Yes,No,Yes,No,Yes,0
0.7992939660427822,-1.4993295040688086,Two year,No,Mailed check,No,No internet service,No internet service,No internet service,No internet service,1
-0.8295205827584317,-0.49560411596847015,Two year,DSL,Mailed check,No,Yes,Yes,No,Yes,0
0.9621754209229036,0.13255515009432434,One year,DSL,Bank transfer (automatic),No,No,Yes,No,No,0
-1.318164947398796,-0.09511103892843457,Two year,DSL,Bank transfer (automatic),Yes,Yes,Yes,No,No,0
0.3920903288424788,0.50313588113137,Month-to-month,Fiber optic,Electronic check,No,No,No,No,Yes,2
-0.4223169455581282,0.830509890164096,Month-to-month,Fiber optic,Bank transfer (automatic),Yes,No,No,Yes,No,2
0.758573602322752,-0.18152448293707302,One year,DSL,Electronic check,No,No,Yes,Yes,Yes,0
-0.21871512695797646,-1.5076384890696393,Month-to-month,No,Credit card (automatic),Yes,No internet service,No internet service,No internet service,No internet service,1
0.758573602322752,0.9601300561770538,One year,Fiber optic,Bank transfer (automatic),Yes,No,Yes,No,Yes,0
-1.1552834925186746,-0.5105602889699654,Month-to-month,DSL,Electronic check,Yes,No,Yes,No,No,2
-1.2774445836787656,-1.491020519067978,Month-to-month,No,Mailed check,Yes,No internet service,No internet service,No internet service,No internet service,1
0.10704778280226633,-0.3244390249513595,Month-to-month,DSL,Mailed check,No,No,No,Yes,No,2
1.5729808767233588,0.2704843011081128,One year,DSL,Bank transfer (automatic),Yes,Yes,No,No,Yes,0
-1.2774445836787656,0.14751132309581955,Month-to-month,Fiber optic,Electronic check,Yes,No,No,No,No,2
1.4915401492832983,-1.3015756610490399,Two year,No,Bank transfer (automatic),Yes,No internet service,No internet service,No internet service,No internet service,1
-0.748079855318371,-1.4960059100684764,One year,No,Mailed check,No,No internet service,No internet service,No internet service,No internet service,1
1.002895784642934,-0.3011738669490337,Month-to-month,DSL,Electronic check,No,Yes,Yes,No,No,2
1.6137012404433893,1.7528072252562945,Two year,Fiber optic,Credit card (automatic),No,Yes,Yes,Yes,Yes,0
0.6364125111626608,-1.4926823160681442,Two year,No,Credit card (automatic),No,No internet service,No internet service,No internet service,No internet service,1
-1.1552834925186746,0.46989994112804756,Month-to-month,Fiber optic,Mailed check,Yes,No,No,Yes,No,2
-0.055833672077855064,-1.4660935640654862,Month-to-month,No,Electronic check,Yes,No internet service,No internet service,No internet service,No internet service,1
0.22920887396235737,-0.08181666292710564,One year,DSL,Mailed check,Yes,Yes,No,No,Yes,0
0.18848851024232702,0.9219087251732329,Month-to-month,Fiber optic,Electronic check,Yes,No,No,Yes,No,2
-1.2774445836787656,-1.4993295040688086,Month-to-month,No,Mailed check,No,No internet service,No internet service,No internet service,No internet service,1
1.002895784642934,0.4981504901308714,Two year,DSL,Bank transfer (automatic),Yes,No,No,Yes,Yes,0
1.2064976032430856,0.5047976781315361,Two year,DSL,Credit card (automatic),Yes,Yes,Yes,Yes,Yes,0
-1.1960038562387048,-1.1586611190347533,Month-to-month,DSL,Electronic check,Yes,Yes,No,No,No,2
1.6137012404433893,-1.4960059100684764,Two year,No,Mailed check,Yes,No internet service,No internet service,No internet service,No internet service,1
-0.13727439951791576,-0.6567984249845842,Month-to-month,DSL,Mailed check,Yes,Yes,Yes,No,Yes,2
-0.7888002190384014,-0.6634456129852487,Month-to-month,DSL,Bank transfer (automatic),No,No,No,No,No,2
-1.1960038562387048,0.16246749609731476,Month-to-month,Fiber optic,Electronic check,No,No,No,No,No,2
-0.8702409464784621,-0.45405919096431707,Month-to-month,DSL,Electronic check,No,No,No,No,No,2
-0.46303730927815856,-0.3859255139575061,Two year,DSL,Mailed check,No,Yes,Yes,Yes,Yes,0
-0.5444780367182193,-1.33148800705203,Month-to-month,No,Bank transfer (automatic),No,No internet service,No internet service,No internet service,No internet service,1
1.1657772395230555,1.5567151792366918,Two year,Fiber optic,Credit card (automatic),Yes,Yes,Yes,Yes,Yes,0
-0.8702409464784621,-0.5388108379727895,Month-to-month,DSL,Credit card (automatic),No,No,Yes,No,No,2
0.10704778280226633,1.5018758782312098,Month-to-month,Fiber optic,Electronic check,Yes,Yes,No,Yes,Yes,2
-0.30015585439803716,-1.461108173064988,Month-to-month,No,Mailed check,No,No internet service,No internet service,No internet service,No internet service,1
-1.2774445836787656,-1.481049737066981,Month-to-month,No,Mailed check,Yes,No internet service,No internet service,No internet service,No internet service,1
1.4100994218432374,-1.3015756610490399,Two year,No,Bank transfer (automatic),Yes,No internet service,No internet service,No internet service,No internet service,1
-0.5444780367182193,-0.8346107040023594,Month-to-month,DSL,Electronic check,Yes,No,No,Yes,Yes,2
0.9621754209229036,-1.3248408190513656,One year,No,Electronic check,No,No internet service,No internet service,No internet service,No internet service,1
1.6137012404433893,1.4503601712260603,Two year,Fiber optic,Credit card (automatic),Yes,No,Yes,Yes,Yes,0
0.43281069256250915,-1.502653098069141,Two year,No,Mailed check,No,No internet service,No internet service,No internet service,No internet service,1
0.9214550572028734,0.6759627691486464,Month-to-month,Fiber optic,Electronic check,Yes,No,Yes,No,No,2
-1.2367242199587352,-0.2679379269457112,Month-to-month,DSL,Mailed check,No,No,Yes,No,No,2
-0.21871512695797646,0.142525932095321,Month-to-month,Fiber optic,Mailed check,Yes,No,No,No,No,2
-0.7888002190384014,0.179085466098976,Month-to-month,Fiber optic,Mailed check,Yes,No,No,No,No,2
1.5322605130033284,1.541759006235197,Two year,Fiber optic,Mailed check,Yes,No,Yes,Yes,Yes,0
-0.748079855318371,1.3689321182179202,One year,Fiber optic,Mailed check,No,Yes,Yes,Yes,No,0
-0.5444780367182193,0.8172155141627669,One year,Fiber optic,Bank transfer (automatic),Yes,Yes,No,No,No,2
-0.5037576729981889,0.8089065291619363,Month-to-month,Fiber optic,Bank transfer (automatic),Yes,No,Yes,Yes,No,2
0.43281069256250915,0.8803638001690798,One year,Fiber optic,Credit card (automatic),Yes,Yes,Yes,No,Yes,0
-1.1145631287986442,0.8504514541660894,Month-to-month,Fiber optic,Mailed check,Yes,No,Yes,No,Yes,2
1.5322605130033284,1.3556377422165908,One year,Fiber optic,Bank transfer (automatic),Yes,Yes,No,Yes,No,0
0.3106496014024181,-1.517609271070636,Two year,No,Mailed check,No,No internet service,No internet service,No internet service,No internet service,1
-1.0738427650786138,-1.4744025490663168,Two year,No,Credit card (automatic),Yes,No internet service,No internet service,No internet service,No internet service,1
0.26992923768238775,1.1861344481996465,Two year,Fiber optic,Electronic check,Yes,No,Yes,Yes,Yes,0
-1.1552834925186746,0.3386179781149237,Month-to-month,Fiber optic,Electronic check,No,No,No,No,No,2
-0.7073594915983407,-1.1653083070354178,Month-to-month,DSL,Electronic check,Yes,Yes,No,No,No,2
-1.2774445836787656,-0.47898614596680894,Month-to-month,DSL,Electronic check,Yes,No,No,Yes,Yes,2
0.5142514200025698,0.6959043331506402,Month-to-month,Fiber optic,Bank transfer (automatic),Yes,Yes,Yes,No,No,0
1.2879383306831464,-0.562075995975115,Two year,DSL,Electronic check,No,Yes,Yes,No,Yes,0
1.002895784642934,0.9717626351782166,Month-to-month,Fiber optic,Credit card (automatic),No,No,No,No,Yes,0
1.6137012404433893,0.16911468409797886,Two year,DSL,Bank transfer (automatic),No,Yes,Yes,No,Yes,0
-1.2774445836787656,0.18407085709947407,Month-to-month,Fiber optic,Electronic check,Yes,No,No,No,No,2
1.6137012404433893,-1.2932666760482092,Two year,No,Credit card (automatic),No,No internet service,No internet service,No internet service,No internet service,1
-1.1960038562387048,0.21065960910213194,Two year,DSL,Mailed check,No,Yes,Yes,No,No,0
0.9214550572028734,1.1312951471941644,Month-to-month,Fiber optic,Electronic check,Yes,No,Yes,Yes,No,2
1.0843365120829946,0.9501592741760567,Month-to-month,Fiber optic,Electronic check,No,Yes,No,Yes,Yes,2
-0.5851984004382496,1.1661928841976528,Month-to-month,Fiber optic,Bank transfer (automatic),Yes,Yes,No,Yes,No,2
-0.015113308357824713,0.5164302571326987,Month-to-month,Fiber optic,Credit card (automatic),Yes,No,No,No,No,2
-1.1552834925186746,-0.47233895796614456,Month-to-month,DSL,Bank transfer (automatic),Yes,No,Yes,No,No,2
1.369379058123207,0.5214156481331973,Month-to-month,Fiber optic,Credit card (automatic),Yes,No,No,No,No,2
-0.21871512695797646,0.5496661971360212,Month-to-month,Fiber optic,Electronic check,Yes,No,No,No,Yes,2
-1.1552834925186746,-1.46443176706532,Month-to-month,No,Credit card (automatic),Yes,No internet service,No internet service,No internet service,No internet service,1
1.125056875803025,0.4748853321285456,Month-to-month,DSL,Credit card (automatic),Yes,Yes,Yes,Yes,No,0
-0.9924020376385531,-1.5192710680708021,Two year,No,Mailed check,No,No internet service,No internet service,No internet service,No internet service,1
-0.9924020376385531,-1.5009913010689746,Two year,No,Credit card (automatic),No,No internet service,No internet service,No internet service,No internet service,1
0.10704778280226633,-1.481049737066981,Two year,No,Mailed check,Yes,No internet service,No internet service,No internet service,No internet service,1
-1.0331224013585834,0.7324638671542947,Month-to-month,Fiber optic,Electronic check,Yes,No,No,No,No,2
0.8400143297628127,-1.4577845790646555,Two year,No,Mailed check,No,No internet service,No internet service,No internet service,No internet service,1
-0.5851984004382496,1.290827659210112,Month-to-month,Fiber optic,Credit card (automatic),Yes,Yes,No,Yes,No,2
-0.7073594915983407,-0.8628612530051836,Two year,DSL,Mailed check,Yes,No,No,No,No,0
1.4100994218432374,0.785641371159611,One year,Fiber optic,Bank transfer (automatic),Yes,No,No,Yes,No,0
-1.0738427650786138,0.6460504231456565,Month-to-month,Fiber optic,Electronic check,Yes,No,No,No,No,2
-1.0738427650786138,0.4964886931307054,Month-to-month,Fiber optic,Electronic check,Yes,No,No,Yes,No,2
-0.7888002190384014,1.1379423351948288,Month-to-month,Fiber optic,Mailed check,Yes,Yes,No,Yes,No,2
-0.8702409464784621,1.1961052302006432,Month-to-month,Fiber optic,Electronic check,Yes,No,No,Yes,Yes,2
-1.2774445836787656,-1.5109620830699715,Month-to-month,No,Mailed check,Yes,No internet service,No internet service,No internet service,No internet service,1
-1.1145631287986442,-0.2995120699488677,Month-to-month,DSL,Mailed check,Yes,Yes,Yes,No,No,2
-0.7888002190384014,-1.4893587220678117,One year,No,Mailed check,Yes,No internet service,No internet service,No internet service,No internet service,1
-0.9516816739185228,0.896981770170741,Month-to-month,Fiber optic,Bank transfer (automatic),No,No,Yes,No,Yes,0
-0.13727439951791576,0.827186296163764,Month-to-month,Fiber optic,Mailed check,No,Yes,No,Yes,No,2
-1.2774445836787656,-0.62854787598176,Month-to-month,DSL,Mailed check,Yes,No,No,No,No,2
-1.2774445836787656,0.4915033021302069,Month-to-month,Fiber optic,Mailed check,Yes,No,No,No,Yes,2
-0.5851984004382496,-0.2928648819482031,Month-to-month,DSL,Mailed check,No,No,No,Yes,No,2
-1.2367242199587352,0.14086413509515497,Month-to-month,DSL,Credit card (automatic),No,No,No,Yes,Yes,2
-0.0965540357978854,0.6244470621434968,Month-to-month,Fiber optic,Bank transfer (automatic),Yes,Yes,No,No,No,2
1.369379058123207,0.03118553308419093,Two year,DSL,Bank transfer (automatic),No,Yes,Yes,No,No,0
0.22920887396235737,1.001674981181207,Two year,Fiber optic,Bank transfer (automatic),Yes,Yes,No,Yes,Yes,0
0.47353105628253944,-0.09511103892843457,Month-to-month,DSL,Mailed check,Yes,Yes,No,No,Yes,2
0.880734693482843,1.5400972092350305,Month-to-month,Fiber optic,Electronic check,No,Yes,No,Yes,Yes,2
-1.2367242199587352,-1.4876969250676457,Month-to-month,No,Mailed check,No,No internet service,No internet service,No internet service,No internet service,1
0.3920903288424788,0.09765741309083585,One year,DSL,Mailed check,Yes,Yes,Yes,No,No,0
1.0436161483629645,-1.3165318340505352,Two year,No,Credit card (automatic),No,No internet service,No internet service,No internet service,No internet service,1
1.0436161483629645,0.9335413041743955,Month-to-month,Fiber optic,Electronic check,Yes,No,No,Yes,No,2
-0.30015585439803716,0.8089065291619363,Month-to-month,Fiber optic,Electronic check,Yes,No,No,No,Yes,2
1.5729808767233588,1.5467443972356951,Two year,Fiber optic,Mailed check,No,Yes,Yes,Yes,Yes,0
0.18848851024232702,1.2343265612044643,Month-to-month,Fiber optic,Bank transfer (automatic),Yes,No,No,Yes,Yes,2
-0.748079855318371,0.893658176170409,Month-to-month,Fiber optic,Electronic check,Yes,Yes,No,Yes,No,2
-1.1552834925186746,0.8005975441611056,Month-to-month,Fiber optic,Electronic check,Yes,No,No,No,Yes,2
0.6364125111626608,-0.1383177609327537,One year,DSL,Bank transfer (automatic),Yes,Yes,Yes,No,No,0
-1.1960038562387048,-1.3115464430500368,Month-to-month,DSL,Electronic check,No,No,No,No,No,2
-0.9924020376385531,0.02453834508352634,Two year,DSL,Mailed check,No,Yes,Yes,No,No,0
-1.2774445836787656,1.0199547481830342,Month-to-month,Fiber optic,Electronic check,Yes,No,No,Yes,No,2
1.4100994218432374,-1.4893587220678117,Two year,No,Bank transfer (automatic),No,No internet service,No internet service,No internet service,No internet service,1
-0.7888002190384014,0.8753784091685812,Month-to-month,Fiber optic,Electronic check,Yes,No,No,Yes,No,2
0.5142514200025698,-0.35268957395418365,One year,DSL,Credit card (automatic),Yes,Yes,No,No,No,0
0.6771328748826912,0.32698539911376057,Month-to-month,Fiber optic,Bank transfer (automatic),Yes,No,No,No,No,2
0.7992939660427822,0.9917041991802098,Month-to-month,Fiber optic,Bank transfer (automatic),No,No,No,Yes,Yes,2
1.247217966963116,0.544680806135523,One year,Fiber optic,Credit card (automatic),Yes,No,Yes,No,Yes,0
1.4508197855632678,0.8072447321617703,Two year,DSL,Bank transfer (automatic),Yes,Yes,Yes,Yes,Yes,0
-0.055833672077855064,-0.5172074769706297,Month-to-month,DSL,Mailed check,Yes,Yes,No,No,No,2
1.2879383306831464,-1.505976692069473,Two year,No,Credit card (automatic),No,No internet service,No internet service,No internet service,No internet service,1
1.2064976032430856,1.3140928172124378,One year,Fiber optic,Electronic check,Yes,Yes,Yes,Yes,Yes,0
-1.2774445836787656,0.16412929309748078,Month-to-month,Fiber optic,Bank transfer (automatic),No,No,No,No,No,2
-1.0738427650786138,0.8222009051632655,Month-to-month,Fiber optic,Electronic check,Yes,No,No,Yes,No,2
-0.46303730927815856,0.7075369121518029,Month-to-month,Fiber optic,Electronic check,Yes,Yes,No,Yes,No,2
1.6137012404433893,-1.3148700370503688,Two year,No,Bank transfer (automatic),No,No internet service,No internet service,No internet service,No internet service,1
-0.015113308357824713,-0.9841724340173105,Month-to-month,DSL,Electronic check,Yes,No,Yes,No,No,2
1.5729808767233588,1.1595456961969886,One year,Fiber optic,Credit card (automatic),Yes,Yes,Yes,Yes,No,0
0.06632741908223598,1.3489905542159264,Month-to-month,Fiber optic,Bank transfer (automatic),Yes,No,Yes,Yes,Yes,0
-1.1960038562387048,-0.9841724340173105,Month-to-month,DSL,Electronic check,Yes,No,No,No,No,2
-0.8295205827584317,0.29873485011093664,Month-to-month,Fiber optic,Credit card (automatic),Yes,No,No,No,No,2
-0.9924020376385531,1.2160467942026365,Month-to-month,Fiber optic,Electronic check,No,No,No,Yes,Yes,2
0.10704778280226633,-1.3447823830533592,Two year,No,Bank transfer (automatic),No,No internet service,No internet service,No internet service,No internet service,1
-1.1960038562387048,0.5297246331340278,Month-to-month,Fiber optic,Electronic check,Yes,No,No,Yes,No,2
-1.1960038562387048,0.8338334841644282,Month-to-month,Fiber optic,Mailed check,Yes,Yes,No,Yes,Yes,2
0.8400143297628127,-0.12169979093109246,One year,DSL,Electronic check,Yes,No,No,No,Yes,0
-1.1552834925186746,-1.1869116680375775,Month-to-month,DSL,Electronic check,Yes,No,Yes,No,No,2
0.6364125111626608,1.1612074931971548,One year,Fiber optic,Bank transfer (automatic),Yes,No,Yes,Yes,Yes,0
-1.0738427650786138,-0.29452667894836937,Month-to-month,DSL,Credit card (automatic),No,No,Yes,No,No,2
-1.1960038562387048,1.3672703212177542,Month-to-month,Fiber optic,Electronic check,Yes,No,No,Yes,Yes,2
0.880734693482843,-0.6235624849812617,Two year,DSL,Credit card (automatic),No,Yes,No,No,Yes,0
-1.2774445836787656,-0.6916961619880726,Month-to-month,DSL,Mailed check,No,No,No,No,No,2
1.2064976032430856,0.5197538511330312,Month-to-month,DSL,Bank transfer (automatic),Yes,Yes,No,Yes,Yes,0
-0.4223169455581282,1.1728400721983174,One year,Fiber optic,Mailed check,Yes,No,No,Yes,Yes,0
-1.2774445836787656,-0.6534748309842519,Month-to-month,DSL,Bank transfer (automatic),Yes,No,No,No,No,2
0.758573602322752,0.9717626351782166,One year,Fiber optic,Bank transfer (automatic),Yes,No,No,Yes,Yes,0
-0.0965540357978854,0.13920233809498894,One year,DSL,Credit card (automatic),Yes,No,No,Yes,Yes,0
0.9621754209229036,0.1225843680933277,One year,DSL,Credit card (automatic),Yes,Yes,Yes,No,Yes,0
0.10704778280226633,0.14086413509515497,One year,DSL,Electronic check,Yes,Yes,No,Yes,No,0
1.2879383306831464,-0.6950197559884049,Month-to-month,DSL,Electronic check,Yes,Yes,No,Yes,No,2
-0.0965540357978854,-0.6734163949862454,Month-to-month,DSL,Electronic check,Yes,No,No,Yes,No,2
-0.30015585439803716,-1.5309036470719648,Two year,No,Mailed check,Yes,No internet service,No internet service,No internet service,No internet service,1
0.35136996512244845,0.18240906009930805,Month-to-month,Fiber optic,Bank transfer (automatic),No,No,No,No,No,2
-0.9516816739185228,-0.31280644595019663,Month-to-month,DSL,Electronic check,No,No,No,Yes,No,2
-1.2774445836787656,-0.3726311379561772,Month-to-month,DSL,Mailed check,Yes,No,Yes,No,No,2
1.5322605130033284,1.656422999246659,Two year,Fiber optic,Electronic check,Yes,Yes,Yes,Yes,Yes,0
1.002895784642934,-1.4843733310673135,Two year,No,Bank transfer (automatic),Yes,No internet service,No internet service,No internet service,No internet service,1
-0.9516816739185228,0.6892571451499756,Month-to-month,Fiber optic,Electronic check,Yes,No,No,Yes,No,2
1.4915401492832983,1.461992750227223,One year,Fiber optic,Bank transfer (automatic),Yes,Yes,No,Yes,Yes,0
0.43281069256250915,1.2708860952081187,Month-to-month,Fiber optic,Electronic check,Yes,No,No,Yes,Yes,2
1.6137012404433893,1.099721004191008,Two year,Fiber optic,Electronic check,Yes,No,No,Yes,Yes,0
0.47353105628253944,-1.502653098069141,Two year,No,Bank transfer (automatic),No,No internet service,No internet service,No internet service,No internet service,1
1.6137012404433893,0.641065032145158,Two year,Fiber optic,Bank transfer (automatic),Yes,No,Yes,No,No,0
0.025607055362205634,1.2958130502106107,One year,Fiber optic,Electronic check,Yes,Yes,Yes,Yes,Yes,0
0.880734693482843,0.8188773111629334,Month-to-month,Fiber optic,Credit card (automatic),No,No,No,No,Yes,0
-0.21871512695797646,-1.4976677070686424,Two year,No,Credit card (automatic),No,No internet service,No internet service,No internet service,No internet service,1
0.880734693482843,0.5014740841312035,Month-to-month,Fiber optic,Bank transfer (automatic),Yes,No,No,No,No,2
-1.1960038562387048,0.32200000811326246,Month-to-month,Fiber optic,Credit card (automatic),No,No,No,No,No,2
0.8400143297628127,0.31036742911209936,One year,DSL,Bank transfer (automatic),No,No,Yes,No,Yes,0
-1.2774445836787656,0.15249671409631763,Month-to-month,Fiber optic,Electronic check,Yes,No,No,No,No,2
-0.7073594915983407,-1.5275800530716328,One year,No,Mailed check,No,No internet service,No internet service,No internet service,No internet service,1
0.9621754209229036,0.3020584441112687,Month-to-month,Fiber optic,Electronic check,Yes,No,No,No,No,2
-1.1145631287986442,-0.012021188920128179,Month-to-month,DSL,Credit card (automatic),No,Yes,Yes,No,No,2
0.6364125111626608,-0.29785027294870164,One year,DSL,Credit card (automatic),Yes,No,No,No,Yes,0
-0.30015585439803716,-1.4860351280674797,Month-to-month,No,Credit card (automatic),No,No internet service,No internet service,No internet service,No internet service,1
-1.1960038562387048,0.34526516611558833,Month-to-month,Fiber optic,Credit card (automatic),Yes,No,No,No,No,2
1.0436161483629645,1.1429277261953275,One year,Fiber optic,Bank transfer (automatic),No,No,Yes,Yes,No,0
-0.9109613101984924,-0.2662761299455452,Month-to-month,DSL,Bank transfer (automatic),Yes,No,No,No,No,2
-1.2774445836787656,0.16080569909714826,Month-to-month,Fiber optic,Electronic check,Yes,No,No,No,No,2
1.5729808767233588,1.3091074262119398,Two year,Fiber optic,Credit card (automatic),Yes,Yes,No,Yes,No,0
1.3286586944031769,1.5301264272340338,Two year,Fiber optic,Credit card (automatic),Yes,Yes,No,Yes,Yes,0
-1.1145631287986442,0.5114448661322006,Month-to-month,Fiber optic,Electronic check,Yes,No,No,No,No,2
-0.1779947632379461,-0.9642308700153169,Month-to-month,DSL,Mailed check,Yes,Yes,No,No,Yes,2
1.4100994218432374,0.17077648109814536,Two year,DSL,Bank transfer (automatic),Yes,Yes,No,No,Yes,0
0.10704778280226633,0.8122301231622688,One year,Fiber optic,Electronic check,Yes,Yes,Yes,No,No,0
1.6137012404433893,-0.3028356639492,Two year,DSL,Credit card (automatic),No,Yes,Yes,No,Yes,0
1.1657772395230555,-0.467353566965646,One year,DSL,Bank transfer (automatic),Yes,Yes,Yes,No,No,0
1.4508197855632678,-1.4876969250676457,Two year,No,Credit card (automatic),Yes,No internet service,No internet service,No internet service,No internet service,1
-1.2774445836787656,-1.1387195550327598,Month-to-month,DSL,Bank transfer (automatic),No,No,Yes,No,No,2
-1.1960038562387048,-1.517609271070636,Month-to-month,No,Mailed check,Yes,No internet service,No internet service,No internet service,No internet service,1
1.5322605130033284,1.114677177192503,Two year,Fiber optic,Bank transfer (automatic),No,No,No,Yes,No,0
0.6364125111626608,-0.6385186579827569,Month-to-month,DSL,Credit card (automatic),No,No,No,No,Yes,2
1.4508197855632678,1.2060760122016398,One year,Fiber optic,Credit card (automatic),Yes,No,No,Yes,No,0
0.5956921474426305,1.2941512532104444,One year,Fiber optic,Electronic check,Yes,Yes,Yes,Yes,Yes,0
-0.015113308357824713,-0.9476129000136557,One year,DSL,Mailed check,Yes,Yes,No,No,Yes,0
-1.1145631287986442,-0.5105602889699654,Month-to-month,DSL,Mailed check,Yes,No,Yes,No,No,2
0.6771328748826912,-1.491020519067978,Two year,No,Credit card (automatic),Yes,No internet service,No internet service,No internet service,No internet service,1
0.6364125111626608,1.4171242312227377,Month-to-month,Fiber optic,Bank transfer (automatic),Yes,No,No,Yes,Yes,2
-0.7888002190384014,0.572931355138347,Month-to-month,Fiber optic,Electronic check,Yes,No,No,No,No,2
-0.7073594915983407,-1.4943441130683104,Month-to-month,No,Mailed check,Yes,No internet service,No internet service,No internet service,No internet service,1
-0.8295205827584317,-0.6551366279844181,Month-to-month,DSL,Electronic check,Yes,No,No,No,No,2
1.4100994218432374,-0.007035797919630092,Two year,DSL,Bank transfer (automatic),Yes,Yes,Yes,No,No,0
-0.9516816739185228,0.7141841001524675,Month-to-month,Fiber optic,Electronic check,No,Yes,No,Yes,No,2
-0.7888002190384014,-1.4960059100684764,Two year,No,Bank transfer (automatic),Yes,No internet service,No internet service,No internet service,No internet service,1
0.22920887396235737,0.8089065291619363,One year,Fiber optic,Mailed check,Yes,No,No,Yes,No,0
0.3920903288424788,1.0232783421833662,Month-to-month,Fiber optic,Electronic check,Yes,No,No,Yes,Yes,2
-0.3408762181180675,0.35357415111641893,Month-to-month,Fiber optic,Credit card (automatic),Yes,No,No,No,No,2
-0.21871512695797646,1.2127232002023045,Month-to-month,Fiber optic,Electronic check,Yes,No,Yes,Yes,Yes,0
-0.9516816739185228,1.2575917192067896,Month-to-month,Fiber optic,Credit card (automatic),Yes,No,No,Yes,Yes,2
0.6771328748826912,-0.28123230294704044,One year,DSL,Credit card (automatic),Yes,Yes,No,Yes,No,0
1.1657772395230555,0.9784098231788811,Month-to-month,Fiber optic,Credit card (automatic),Yes,Yes,Yes,No,Yes,0
0.7178532386027215,-0.721608507991063,One year,DSL,Bank transfer (automatic),Yes,No,Yes,Yes,No,0
-0.30015585439803716,0.8222009051632655,Month-to-month,Fiber optic,Electronic check,Yes,No,No,Yes,No,2
-0.4223169455581282,0.32033821111309646,Month-to-month,Fiber optic,Bank transfer (automatic),Yes,No,No,No,No,2
-1.2774445836787656,-1.4710789550659844,Month-to-month,No,Mailed check,No,No internet service,No internet service,No internet service,No internet service,1
-1.1552834925186746,0.31867641411292996,Month-to-month,Fiber optic,Electronic check,Yes,No,No,No,No,2
-0.5851984004382496,1.1628692901973208,Month-to-month,Fiber optic,Bank transfer (automatic),No,Yes,No,Yes,No,2
0.9621754209229036,1.5683477582378549,One year,Fiber optic,Electronic check,Yes,Yes,No,Yes,Yes,0
0.8400143297628127,0.9717626351782166,One year,Fiber optic,Electronic check,Yes,Yes,No,Yes,Yes,0
0.758573602322752,1.1329569441943304,One year,Fiber optic,Electronic check,Yes,No,No,Yes,Yes,0
-0.3408762181180675,-0.013682985920294679,Two year,DSL,Electronic check,No,No,Yes,No,Yes,0
1.2064976032430856,0.24057195510512236,Two year,DSL,Credit card (automatic),Yes,No,Yes,Yes,Yes,0
-0.3408762181180675,-0.5005895069689685,Month-to-month,DSL,Mailed check,Yes,No,No,No,No,2
1.5322605130033284,0.5297246331340278,Two year,DSL,Electronic check,No,Yes,Yes,Yes,Yes,0
-1.2774445836787656,-1.3481059770536914,Month-to-month,DSL,Mailed check,No,No,No,No,No,2
-0.6666391278783103,-0.8562140650045189,Month-to-month,DSL,Mailed check,Yes,No,No,Yes,No,2
-0.9924020376385531,0.022876548083360315,Month-to-month,DSL,Electronic check,Yes,Yes,No,Yes,No,2
1.6137012404433893,0.31867641411292996,Two year,DSL,Electronic check,Yes,Yes,Yes,No,Yes,0
-0.38159658183809786,0.612814483142334,Month-to-month,Fiber optic,Bank transfer (automatic),No,Yes,No,No,Yes,0
-0.055833672077855064,-1.3215172250510334,Month-to-month,DSL,Credit card (automatic),No,No,No,No,No,2
0.18848851024232702,-0.8163309370005319,One year,DSL,Electronic check,Yes,Yes,Yes,No,Yes,0
-0.0965540357978854,0.9750862291785486,Month-to-month,Fiber optic,Credit card (automatic),Yes,Yes,No,Yes,No,2
0.10704778280226633,1.4486983742258936,One year,Fiber optic,Electronic check,Yes,No,Yes,Yes,Yes,0
-0.38159658183809786,0.1574821050968162,Month-to-month,DSL,Credit card (automatic),Yes,Yes,No,Yes,No,2
-0.5037576729981889,0.3735157151184122,One year,DSL,Bank transfer (automatic),No,No,Yes,Yes,No,0
0.14776814652229667,0.9584682591768874,Month-to-month,Fiber optic,Electronic check,Yes,No,Yes,Yes,No,2
-0.9924020376385531,1.0266019361836989,Month-to-month,Fiber optic,Bank transfer (automatic),No,No,No,Yes,No,2
1.5729808767233588,1.1894580421999785,One year,Fiber optic,Bank transfer (automatic),No,No,No,Yes,No,0
0.7178532386027215,0.7740087921584478,Month-to-month,Fiber optic,Electronic check,Yes,No,No,Yes,No,2
0.43281069256250915,-1.3397969920528607,One year,No,Bank transfer (automatic),Yes,No internet service,No internet service,No internet service,No internet service,1
1.002895784642934,0.8238627021634315,Two year,DSL,Mailed check,No,Yes,Yes,Yes,Yes,0
0.35136996512244845,0.05777428508684881,One year,DSL,Bank transfer (automatic),Yes,Yes,No,No,No,0
-0.21871512695797646,0.37683930911874425,Month-to-month,Fiber optic,Electronic check,Yes,No,No,No,No,2
-0.7888002190384014,0.5230774451333633,Month-to-month,Fiber optic,Electronic check,Yes,No,No,No,No,2
-1.1960038562387048,-0.9742016520163136,Month-to-month,DSL,Mailed check,Yes,No,Yes,No,No,2
1.4100994218432374,-1.4694171580658184,One year,No,Electronic check,No,No internet service,No internet service,No internet service,No internet service,1
-1.1960038562387048,-0.49394231896830415,Month-to-month,DSL,Mailed check,Yes,No,No,No,No,2
1.2879383306831464,1.3506523512160928,Two year,Fiber optic,Bank transfer (automatic),Yes,Yes,No,Yes,No,0
-0.2594354906780068,-0.9642308700153169,Month-to-month,DSL,Electronic check,No,Yes,No,No,Yes,2
0.22920887396235737,1.0083221691818711,Month-to-month,Fiber optic,Credit card (automatic),Yes,No,No,No,Yes,2
-0.38159658183809786,-1.5109620830699715,One year,No,Credit card (automatic),No,No internet service,No internet service,No internet service,No internet service,1
0.3106496014024181,1.3207400052131024,Month-to-month,Fiber optic,Credit card (automatic),Yes,No,No,Yes,Yes,2
1.6137012404433893,-0.055227910924447524,Two year,DSL,Bank transfer (automatic),Yes,Yes,Yes,Yes,Yes,0
-1.1960038562387048,0.3419415721152558,Month-to-month,Fiber optic,Credit card (automatic),Yes,No,No,No,No,2
-0.38159658183809786,0.5396954151350245,Month-to-month,Fiber optic,Electronic check,Yes,No,No,No,Yes,2
-1.2774445836787656,0.32200000811326246,Month-to-month,Fiber optic,Electronic check,Yes,No,No,No,No,2
-1.1552834925186746,-0.14496494893341827,Month-to-month,DSL,Mailed check,Yes,Yes,Yes,No,No,2
1.2064976032430856,0.6709773781481484,Two year,DSL,Electronic check,Yes,Yes,Yes,Yes,No,0
0.3106496014024181,0.9518210711762233,Month-to-month,Fiber optic,Bank transfer (automatic),Yes,No,No,Yes,Yes,2
0.35136996512244845,0.8122301231622688,Month-to-month,Fiber optic,Electronic check,Yes,No,No,Yes,No,2
0.06632741908223598,0.6792863631489789,Month-to-month,Fiber optic,Credit card (automatic),Yes,No,No,Yes,Yes,2
-1.2774445836787656,-0.4922805219681379,Month-to-month,DSL,Electronic check,No,No,No,No,No,2
0.758573602322752,-1.4660935640654862,Two year,No,Bank transfer (automatic),No,No internet service,No internet service,No internet service,No internet service,1
-1.2774445836787656,0.19570343610063723,Month-to-month,Fiber optic,Mailed check,Yes,No,No,No,No,2
0.26992923768238775,-1.4827115340671475,Two year,No,Mailed check,No,No internet service,No internet service,No internet service,No internet service,1
-0.8295205827584317,-1.5142856770703037,Month-to-month,No,Electronic check,Yes,No internet service,No internet service,No internet service,No internet service,1
-0.8295205827584317,-0.16490651293541178,One year,DSL,Electronic check,Yes,Yes,No,Yes,No,0
1.6137012404433893,1.3356961782145975,One year,Fiber optic,Electronic check,Yes,No,No,Yes,Yes,0
1.247217966963116,1.28750406520978,Month-to-month,Fiber optic,Electronic check,Yes,No,No,Yes,Yes,2
0.47353105628253944,0.6659919871476498,Month-to-month,Fiber optic,Credit card (automatic),Yes,No,Yes,No,Yes,2
-0.5851984004382496,1.0066603721817051,Month-to-month,Fiber optic,Bank transfer (automatic),Yes,Yes,No,No,Yes,2
-0.9516816739185228,-0.683387176987242,Month-to-month,DSL,Bank transfer (automatic),Yes,No,No,No,No,2
-0.7888002190384014,0.2854404741096075,Month-to-month,DSL,Mailed check,No,Yes,No,Yes,No,0
1.4508197855632678,-0.021991970921125294,Two year,DSL,Bank transfer (automatic),No,Yes,No,Yes,No,0
-1.0738427650786138,-0.6767399889865777,Month-to-month,DSL,Electronic check,Yes,No,No,Yes,No,2
-1.2367242199587352,-1.4860351280674797,Month-to-month,No,Mailed check,Yes,No internet service,No internet service,No internet service,No internet service,1
0.9214550572028734,-0.1582593249347472,One year,DSL,Credit card (automatic),No,No,Yes,No,No,0
-1.2774445836787656,0.3652067301175816,Month-to-month,Fiber optic,Electronic check,Yes,No,No,No,No,2
0.22920887396235737,0.1574821050968162,Month-to-month,Fiber optic,Credit card (automatic),Yes,No,No,No,No,2
1.4100994218432374,1.2692242982079527,Month-to-month,Fiber optic,Credit card (automatic),Yes,No,Yes,Yes,Yes,0
-0.5444780367182193,0.46325275312738295,Month-to-month,Fiber optic,Bank transfer (automatic),Yes,No,No,Yes,No,2
-0.8295205827584317,-0.13665596393258767,One year,DSL,Electronic check,No,Yes,No,Yes,Yes,0
1.6137012404433893,-1.4494755940638249,Two year,No,Bank transfer (automatic),Yes,No internet service,No internet service,No internet service,No internet service,1
-0.3408762181180675,0.6659919871476498,One year,DSL,Mailed check,Yes,Yes,Yes,Yes,Yes,0
1.6137012404433893,1.2775332832087833,One year,Fiber optic,Credit card (automatic),Yes,No,No,Yes,Yes,0
-0.8702409464784621,-1.16863190103575,Month-to-month,DSL,Electronic check,Yes,No,Yes,No,No,2
-1.1552834925186746,0.32033821111309646,Month-to-month,Fiber optic,Mailed check,Yes,No,No,No,No,2
1.369379058123207,1.3589613362169235,Two year,Fiber optic,Bank transfer (automatic),Yes,Yes,Yes,Yes,Yes,0
